{"type":"FeatureCollection","features":[{"type":"Feature","properties":{"water":"ocean"},"geometry":{"type":"Polygon","coordinates":[[[-75.5086,39.94292],[-75.50019,39.93392],[-75.50045,39.93129],[-75.50363,39.92833],[-75.50852,39.92781],[-75.51221,39.92905],[-75.5165,39.93359],[-75.51908,39.94016],[-75.52191,39.94121],[-75.52534,39.93983],[-75.52714,39.93648],[-75.52586,39.92984],[-75.52732,39.92124],[-75.53006,39.91769],[-75.53907,39.91368],[-75.54517,39.90553],[-75.54654,39.90553],[-75.54165,39.91263],[-75.52929,39.9215],[-75.52749,39.92859],[-75.5286,39.93707],[-75.52689,39.94009],[-75.51993,39.94174],[-75.51298,39.93109],[-75.50903,39.92932],[-75.50182,39.93096],[-75.50139,39.93418],[-75.50972,39.94279],[-75.51126,39.9466],[-75.51101,39.95093],[-75.50869,39.95284],[-75.51118,39.95245],[-75.51332,39.95376],[-75.51702,39.95258],[-75.52517,39.95645],[-75.51736,39.95297],[-75.5135,39.95383],[-75.50975,39.95272],[-75.50054,39.95994],[-75.49341,39.96329],[-75.48861,39.96355],[-75.47693,39.96125],[-75.46947,39.96289],[-75.46517,39.96263],[-75.46191,39.96427],[-75.4626,39.96861],[-75.46989,39.9717],[-75.47221,39.97649],[-75.46947,39.98182],[-75.46191,39.98609],[-75.43797,39.97925],[-75.4178,39.98142],[-75.38939,39.97117],[-75.37806,39.97137],[-75.35153,39.97939],[-75.34141,39.97971],[-75.32776,39.98366],[-75.32175,39.99036],[-75.32175,40.00317],[-75.3166,40.01428],[-75.30965,40.01868],[-75.30321,40.02019],[-75.2827,40.01625],[-75.27918,40.01855],[-75.27188,40.0284],[-75.25944,40.04076],[-75.2318,40.06139],[-75.22279,40.06599],[-75.24502,40.05101],[-75.24665,40.04792],[-75.25806,40.03977],[-75.28253,40.015],[-75.30347,40.01947],[-75.3142,40.01467],[-75.31832,40.00849],[-75.32063,40.00002],[-75.32063,39.99023],[-75.32836,39.98241],[-75.3614,39.97176],[-75.39239,39.96979],[-75.41737,39.98017],[-75.42106,39.98037],[-75.42947,39.97761],[-75.43402,39.97748],[-75.44844,39.98024],[-75.45994,39.98523],[-75.46346,39.98504],[-75.46792,39.98221],[-75.47127,39.97623],[-75.46964,39.97295],[-75.46157,39.96881],[-75.46131,39.96348],[-75.47187,39.95908],[-75.48122,39.96158],[-75.48981,39.96158],[-75.49135,39.96217],[-75.50843,39.95172],[-75.50963,39.94811],[-75.508,39.94358],[-75.50998,39.94758],[-75.50895,39.9512],[-75.50714,39.95337],[-75.49936,39.95816],[-75.50577,39.9556],[-75.50989,39.95054],[-75.51023,39.94758],[-75.5086,39.94292]],[[-75.27111,40.02847],[-75.27231,40.02709],[-75.26982,40.02906],[-75.27111,40.02847]],[[-75.34561,39.97886],[-75.34647,39.9784],[-75.34595,39.97801],[-75.34561,39.97886]],[[-75.35385,39.97794],[-75.36716,39.97321],[-75.35574,39.97393],[-75.34733,39.97814],[-75.35385,39.97794]],[[-75.42878,39.9786],[-75.43427,39.9782],[-75.4299,39.97807],[-75.42878,39.9786]],[[-75.34244,39.97853],[-75.34492,39.9784],[-75.34432,39.97814],[-75.34244,39.97853]],[[-75.46792,39.97176],[-75.46869,39.97163],[-75.46689,39.9713],[-75.46792,39.97176]],[[-75.49195,39.96322],[-75.4947,39.96256],[-75.49607,39.96119],[-75.49195,39.96322]],[[-75.49032,39.96296],[-75.49178,39.96296],[-75.49315,39.96237],[-75.49032,39.96296]],[[-75.48861,39.96283],[-75.49075,39.9623],[-75.48663,39.96224],[-75.48861,39.96283]],[[-75.46629,39.96204],[-75.47616,39.96099],[-75.47204,39.96],[-75.46629,39.96204]],[[-75.49727,39.96073],[-75.49933,39.96013],[-75.5026,39.9579],[-75.50011,39.95889],[-75.49727,39.96073]],[[-75.50345,39.95665],[-75.5044,39.95665],[-75.50534,39.95599],[-75.50345,39.95665]],[[-75.52689,39.93306],[-75.52689,39.93188],[-75.52671,39.93142],[-75.52689,39.93306]],[[-75.52732,39.92373],[-75.52817,39.92189],[-75.52749,39.92124],[-75.52732,39.92373]],[[-75.52895,39.92045],[-75.53118,39.91933],[-75.53212,39.91821],[-75.52989,39.9194],[-75.52895,39.92045]],[[-75.53118,39.91742],[-75.52989,39.9188],[-75.53298,39.91683],[-75.53118,39.91742]]]}},{"type":"Feature","properties":{"water":"ocean"},"geometry":{"type":"Polygon","coordinates":[[[-75.41222,40.13367],[-75.41179,40.13564],[-75.40792,40.13288],[-75.40295,40.13623],[-75.40226,40.13781],[-75.40398,40.13919],[-75.40054,40.13669],[-75.39599,40.13708],[-75.39582,40.13971],[-75.39273,40.13301],[-75.39634,40.13275],[-75.39651,40.12972],[-75.39883,40.12966],[-75.39917,40.12716],[-75.4008,40.13051],[-75.40217,40.13051],[-75.40569,40.1269],[-75.40441,40.12374],[-75.40784,40.12335],[-75.40827,40.12834],[-75.40664,40.13117],[-75.41144,40.13209],[-75.41419,40.12729],[-75.41934,40.12447],[-75.42131,40.12637],[-75.42921,40.12059],[-75.42535,40.1248],[-75.42612,40.12631],[-75.42028,40.12848],[-75.41951,40.12578],[-75.41522,40.12926],[-75.41599,40.13202],[-75.41222,40.13367]]]}},{"type":"Feature","properties":{"water":"ocean"},"geometry":{"type":"Polygon","coordinates":[[[-75.49564,40.25375],[-75.49212,40.25204],[-75.49487,40.25165],[-75.49358,40.25054],[-75.4959,40.25093],[-75.4965,40.24923],[-75.50019,40.24988],[-75.49873,40.24851],[-75.50071,40.24838],[-75.50122,40.24615],[-75.49805,40.24458],[-75.49951,40.24216],[-75.50208,40.24203],[-75.50457,40.24511],[-75.50303,40.23882],[-75.50594,40.24314],[-75.51315,40.24714],[-75.51221,40.23778],[-75.51796,40.24249],[-75.51727,40.2455],[-75.5141,40.24772],[-75.50577,40.24746],[-75.50569,40.25381],[-75.50766,40.25283],[-75.51161,40.25505],[-75.51118,40.25623],[-75.51204,40.25466],[-75.51341,40.25656],[-75.51676,40.25695],[-75.51813,40.25623],[-75.51787,40.2525],[-75.5195,40.25361],[-75.5189,40.25793],[-75.51607,40.25931],[-75.51101,40.25669],[-75.51049,40.26094],[-75.51324,40.265],[-75.5129,40.26788],[-75.50792,40.26821],[-75.50543,40.27259],[-75.4971,40.27619],[-75.49702,40.2779],[-75.48998,40.27704],[-75.48835,40.27875],[-75.49049,40.28267],[-75.48955,40.28424],[-75.47969,40.28471],[-75.47367,40.28725],[-75.48243,40.28915],[-75.48406,40.2921],[-75.48208,40.29282],[-75.48191,40.29079],[-75.47865,40.28889],[-75.4735,40.28909],[-75.47599,40.28883],[-75.47324,40.28712],[-75.47805,40.28516],[-75.47831,40.28366],[-75.48843,40.28307],[-75.485,40.27783],[-75.49084,40.27358],[-75.48732,40.27181],[-75.49024,40.27142],[-75.49496,40.27482],[-75.50251,40.27161],[-75.50054,40.26886],[-75.50174,40.26769],[-75.5038,40.27076],[-75.50646,40.2667],[-75.51101,40.26631],[-75.51006,40.26468],[-75.50663,40.26454],[-75.508,40.26304],[-75.50938,40.25964],[-75.50817,40.2618],[-75.50766,40.25898],[-75.50517,40.25964],[-75.50474,40.25833],[-75.50732,40.25735],[-75.50071,40.25335],[-75.49564,40.25375]]]}},{"type":"Feature","properties":{"water":"ocean"},"geometry":{"type":"Polygon","coordinates":[[[-75.56173,40.42574],[-75.56405,40.41717],[-75.56148,40.41638],[-75.5583,40.41802],[-75.54912,40.43903],[-75.54165,40.44983],[-75.53847,40.45114],[-75.54525,40.44263],[-75.55701,40.41808],[-75.5607,40.41599],[-75.56405,40.41612],[-75.56551,40.41992],[-75.56293,40.4245],[-75.56371,40.42862],[-75.56877,40.4315],[-75.57366,40.42947],[-75.58757,40.41075],[-75.59143,40.40094],[-75.59143,40.40506],[-75.58894,40.41075],[-75.58216,40.41894],[-75.5801,40.42574],[-75.57632,40.42954],[-75.57049,40.43248],[-75.56525,40.43117],[-75.56225,40.42856],[-75.56173,40.42574]],[[-75.54955,40.43674],[-75.54731,40.43837],[-75.54611,40.4425],[-75.54886,40.43883],[-75.54955,40.43674]],[[-75.57838,40.42515],[-75.57572,40.42849],[-75.57195,40.43098],[-75.57375,40.43045],[-75.57753,40.42718],[-75.57838,40.42515]],[[-75.5904,40.40617],[-75.59134,40.40421],[-75.59126,40.40375],[-75.5904,40.40617]]]}},{"type":"Feature","properties":{"water":"ocean"},"geometry":{"type":"Polygon","coordinates":[[[-75.46826,40.51442],[-75.4735,40.51253],[-75.48277,40.50379],[-75.4838,40.49127],[-75.4862,40.48704],[-75.49127,40.48345],[-75.4977,40.48163],[-75.50268,40.471],[-75.50869,40.46729],[-75.51435,40.46011],[-75.5238,40.44278],[-75.52526,40.44278],[-75.51032,40.46663],[-75.50242,40.47244],[-75.49891,40.48143],[-75.48637,40.48808],[-75.48311,40.50444],[-75.4735,40.51318],[-75.46466,40.51807],[-75.4638,40.52067],[-75.46586,40.52582],[-75.46595,40.52778],[-75.45822,40.53938],[-75.45547,40.54688],[-75.45547,40.55477],[-75.45033,40.5635],[-75.44123,40.56135],[-75.42818,40.55451],[-75.42423,40.54929],[-75.42303,40.5489],[-75.42131,40.54662],[-75.41788,40.54473],[-75.41187,40.54479],[-75.40629,40.54929],[-75.35977,40.54395],[-75.34321,40.54036],[-75.33566,40.54088],[-75.32887,40.52798],[-75.31119,40.5311],[-75.30235,40.52745],[-75.29308,40.52054],[-75.28218,40.52074],[-75.27163,40.51859],[-75.26716,40.51533],[-75.24922,40.50848],[-75.2451,40.50444],[-75.23832,40.49584],[-75.23592,40.48991],[-75.22811,40.48019],[-75.22296,40.47765],[-75.20966,40.47524],[-75.20734,40.47341],[-75.22656,40.47752],[-75.2445,40.50086],[-75.25583,40.5064],[-75.26047,40.5109],[-75.27746,40.51885],[-75.29471,40.52009],[-75.30982,40.52993],[-75.32647,40.52706],[-75.33179,40.52784],[-75.33368,40.52882],[-75.33342,40.53645],[-75.33626,40.54023],[-75.34947,40.5401],[-75.35763,40.54303],[-75.40586,40.54851],[-75.41222,40.54388],[-75.419,40.54401],[-75.42449,40.54708],[-75.43179,40.55535],[-75.44209,40.56076],[-75.44981,40.56285],[-75.45359,40.55509],[-75.45273,40.54747],[-75.45333,40.5491],[-75.45487,40.54512],[-75.45264,40.54688],[-75.46474,40.52882],[-75.46311,40.52139],[-75.46389,40.51813],[-75.46826,40.51442]],[[-75.4293,40.55392],[-75.42492,40.54779],[-75.42466,40.54766],[-75.42672,40.55196],[-75.4293,40.55392]],[[-75.42295,40.54851],[-75.42355,40.54844],[-75.42234,40.54747],[-75.42295,40.54851]],[[-75.42432,40.54786],[-75.42458,40.54753],[-75.4232,40.54675],[-75.42432,40.54786]],[[-75.33299,40.53182],[-75.33257,40.52908],[-75.33033,40.52778],[-75.33299,40.53182]],[[-75.31025,40.53019],[-75.31214,40.53052],[-75.31446,40.52987],[-75.31025,40.53019]],[[-75.46577,40.52706],[-75.46543,40.52615],[-75.4656,40.52778],[-75.46577,40.52706]],[[-75.27583,40.51904],[-75.27369,40.51755],[-75.26888,40.51611],[-75.27205,40.51833],[-75.27583,40.51904]],[[-75.25944,40.51077],[-75.25506,40.5064],[-75.24648,40.5032],[-75.25077,40.50874],[-75.26605,40.51409],[-75.25944,40.51077]],[[-75.24296,40.50144],[-75.24287,40.50008],[-75.24176,40.49949],[-75.24296,40.50144]],[[-75.22528,40.47765],[-75.22382,40.47759],[-75.22725,40.47921],[-75.22528,40.47765]]]}},{"type":"Feature","properties":{"water":"ocean"},"geometry":{"type":"Polygon","coordinates":[[[-75.56431,40.75869],[-75.56954,40.75765],[-75.57667,40.75252],[-75.58285,40.75376],[-75.57667,40.75739],[-75.57907,40.75966],[-75.56525,40.76388],[-75.56019,40.7633],[-75.54311,40.75006],[-75.55761,40.75629],[-75.56062,40.7535],[-75.56019,40.75096],[-75.56508,40.75057],[-75.56319,40.75655],[-75.56431,40.75869]]]}},{"type":"Feature","properties":{"water":"ocean"},"geometry":{"type":"Polygon","coordinates":[[[-75.55847,40.78966],[-75.56096,40.79343],[-75.56525,40.79395],[-75.56869,40.79076],[-75.57135,40.79076],[-75.56886,40.79336],[-75.57538,40.7957],[-75.56654,40.7955],[-75.56439,40.79615],[-75.56482,40.79836],[-75.55839,40.79628],[-75.55676,40.79343],[-75.55324,40.79304],[-75.55452,40.7907],[-75.55058,40.78856],[-75.54989,40.78635],[-75.55341,40.78382],[-75.55701,40.78349],[-75.55367,40.77973],[-75.55633,40.77577],[-75.55796,40.77668],[-75.55753,40.78057],[-75.56148,40.78258],[-75.5589,40.78635],[-75.55358,40.78706],[-75.5571,40.79025],[-75.55847,40.78966]]]}},{"type":"Feature","properties":{"water":"ocean"},"geometry":{"type":"Polygon","coordinates":[[[-75.55916,40.81739],[-75.55341,40.81466],[-75.55444,40.81213],[-75.551,40.81044],[-75.54577,40.81096],[-75.53942,40.8092],[-75.53744,40.80583],[-75.54096,40.80914],[-75.54585,40.81044],[-75.55186,40.80966],[-75.55547,40.81213],[-75.55418,40.81401],[-75.5559,40.8157],[-75.56877,40.81758],[-75.56954,40.81648],[-75.56345,40.81154],[-75.56336,40.80959],[-75.56096,40.80888],[-75.55993,40.80732],[-75.56096,40.80635],[-75.57143,40.81751],[-75.5825,40.81946],[-75.58225,40.81505],[-75.58396,40.81946],[-75.58722,40.81758],[-75.59117,40.81849],[-75.59143,40.81648],[-75.59143,40.82187],[-75.58534,40.82174],[-75.58542,40.8229],[-75.57461,40.8194],[-75.57135,40.82011],[-75.55916,40.81739]]]}},{"type":"Feature","properties":{"water":"ocean"},"geometry":{"type":"Polygon","coordinates":[[[-75.45359,41.00557],[-75.45479,41.00402],[-75.45299,41.00305],[-75.45462,41.00156],[-75.45196,41.0024],[-75.45033,41.00066],[-75.45307,40.99542],[-75.4517,40.99186],[-75.45324,40.98494],[-75.45642,40.9852],[-75.45951,40.98895],[-75.45891,40.99451],[-75.4565,40.99749],[-75.45796,41.00027],[-75.45711,41.00479],[-75.45359,41.00557]],[[-75.45599,41.0004],[-75.45487,40.99988],[-75.45453,41.0013],[-75.45599,41.0004]],[[-75.45367,41.00091],[-75.45341,41.00053],[-75.45307,41.00072],[-75.45367,41.00091]]]}},{"type":"Feature","properties":{"water":"ocean"},"geometry":{"type":"Polygon","coordinates":[[[-75.5686,41.08007],[-75.56989,41.0789],[-75.56843,41.08058],[-75.56723,41.0789],[-75.56491,41.07172],[-75.56293,41.07147],[-75.5613,41.07366],[-75.55615,41.07295],[-75.55701,41.07088],[-75.56045,41.07114],[-75.56053,41.06817],[-75.56251,41.07011],[-75.56276,41.06804],[-75.56139,41.06752],[-75.56319,41.06772],[-75.56345,41.07017],[-75.56551,41.07069],[-75.56877,41.06933],[-75.57092,41.06584],[-75.57598,41.06778],[-75.57753,41.07108],[-75.57323,41.07179],[-75.56997,41.07845],[-75.57006,41.07722],[-75.56748,41.07877],[-75.5686,41.08007]],[[-75.56113,41.07224],[-75.56062,41.07153],[-75.55942,41.07263],[-75.56113,41.07224]]]}},{"type":"Feature","properties":{"water":"ocean"},"geometry":{"type":"Polygon","coordinates":[[[-75.41694,41.11007],[-75.4129,41.10949],[-75.41531,41.106],[-75.41144,41.10399],[-75.40638,41.10548],[-75.40775,41.10244],[-75.40295,41.10167],[-75.40269,41.09921],[-75.40415,41.09979],[-75.40492,41.09837],[-75.40209,41.09746],[-75.40655,41.09649],[-75.41565,41.10063],[-75.41814,41.09746],[-75.42089,41.0996],[-75.422,41.10619],[-75.42466,41.10787],[-75.41694,41.11007]]]}},{"type":"Feature","properties":{"water":"ocean"},"geometry":{"type":"Polygon","coordinates":[[[-75.45067,41.10787],[-75.46732,41.11512],[-75.47367,41.11628],[-75.46689,41.11887],[-75.45633,41.11589],[-75.45299,41.11285],[-75.44569,41.11227],[-75.44457,41.10936],[-75.44183,41.10943],[-75.44372,41.10884],[-75.44191,41.10542],[-75.44972,41.11175],[-75.45204,41.11156],[-75.44921,41.11104],[-75.45067,41.10787]],[[-75.46449,41.11706],[-75.46432,41.11531],[-75.4626,41.11609],[-75.46449,41.11706]]]}},{"type":"Feature","properties":{"water":"ocean"},"geometry":{"type":"Polygon","coordinates":[[[-75.51315,41.11434],[-75.51813,41.11499],[-75.51942,41.11796],[-75.52071,41.11492],[-75.52285,41.11479],[-75.52199,41.11874],[-75.51444,41.12119],[-75.51521,41.12313],[-75.52217,41.1241],[-75.52877,41.12753],[-75.53144,41.12579],[-75.53744,41.12572],[-75.54191,41.12824],[-75.53839,41.12908],[-75.53701,41.13309],[-75.53101,41.13613],[-75.53392,41.13264],[-75.53289,41.12844],[-75.52826,41.12954],[-75.52491,41.12727],[-75.51822,41.1263],[-75.51496,41.12805],[-75.5141,41.1265],[-75.51298,41.12792],[-75.50157,41.12339],[-75.50097,41.12249],[-75.50723,41.12229],[-75.50972,41.12022],[-75.51504,41.11925],[-75.51599,41.11751],[-75.51152,41.11654],[-75.50981,41.11415],[-75.5074,41.1157],[-75.50551,41.1146],[-75.50586,41.11318],[-75.50423,41.11279],[-75.50543,41.1091],[-75.5032,41.10807],[-75.50371,41.10535],[-75.50397,41.10787],[-75.50654,41.10897],[-75.50611,41.11124],[-75.50826,41.11201],[-75.50611,41.11318],[-75.51092,41.11137],[-75.51315,41.11434]]]}},{"type":"Feature","properties":{"water":"ocean"},"geometry":{"type":"Polygon","coordinates":[[[-75.44406,41.31678],[-75.43719,41.31504],[-75.44011,41.31388],[-75.43822,41.31182],[-75.43857,41.30963],[-75.44157,41.30898],[-75.44251,41.30757],[-75.44045,41.30531],[-75.44372,41.3039],[-75.44209,41.30209],[-75.44449,41.29849],[-75.44269,41.29327],[-75.44586,41.29417],[-75.44964,41.30126],[-75.44827,41.30783],[-75.44449,41.31072],[-75.44406,41.31678]],[[-75.44226,41.30634],[-75.44329,41.30589],[-75.44217,41.30576],[-75.44226,41.30634]],[[-75.44526,41.30357],[-75.44638,41.30235],[-75.44475,41.30164],[-75.44526,41.30357]],[[-75.44234,41.30222],[-75.44397,41.30229],[-75.4438,41.30158],[-75.44234,41.30222]]]}},{"type":"Feature","properties":{"water":"ocean"},"geometry":{"type":"Polygon","coordinates":[[[-75.20305,40.1085],[-75.19429,40.1129],[-75.19112,40.11967],[-75.18477,40.12187],[-75.1882,40.12112],[-75.18013,40.12972],[-75.18228,40.13689],[-75.19318,40.14563],[-75.20056,40.14405],[-75.20588,40.14661],[-75.20579,40.15187],[-75.21232,40.15936],[-75.21335,40.16527],[-75.21069,40.16777],[-75.20245,40.16928],[-75.20476,40.17388],[-75.20708,40.1748],[-75.20682,40.17657],[-75.21472,40.17716],[-75.21712,40.17927],[-75.21661,40.18308],[-75.21429,40.18308],[-75.21446,40.1796],[-75.20562,40.17776],[-75.20099,40.17027],[-75.20245,40.16731],[-75.20811,40.16711],[-75.21146,40.16468],[-75.21051,40.16041],[-75.20494,40.15358],[-75.20425,40.14661],[-75.20064,40.14523],[-75.19283,40.14701],[-75.18176,40.1382],[-75.17876,40.13045],[-75.18459,40.12066],[-75.18991,40.11875],[-75.193,40.11231],[-75.20348,40.10476],[-75.19232,40.09378],[-75.19043,40.08642],[-75.19146,40.08261],[-75.20494,40.07716],[-75.21935,40.06645],[-75.2227,40.0652],[-75.20579,40.07788],[-75.19223,40.0836],[-75.19215,40.08715],[-75.19515,40.09306],[-75.20528,40.10338],[-75.20305,40.1085]],[[-75.18468,40.12072],[-75.18468,40.12125],[-75.1864,40.12013],[-75.18468,40.12072]]]}},{"type":"Feature","properties":{"water":"ocean"},"geometry":{"type":"Polygon","coordinates":[[[-75.24648,40.18431],[-75.25257,40.1883],[-75.2524,40.18961],[-75.2554,40.19144],[-75.25549,40.1953],[-75.25703,40.19563],[-75.26081,40.19183],[-75.25978,40.19052],[-75.26124,40.19177],[-75.2663,40.1881],[-75.25961,40.19766],[-75.26742,40.20505],[-75.26888,40.20898],[-75.27034,40.20957],[-75.27171,40.21081],[-75.27111,40.2116],[-75.27068,40.21009],[-75.26836,40.20898],[-75.2669,40.20623],[-75.24047,40.18431],[-75.24013,40.1811],[-75.23283,40.17468],[-75.24133,40.17468],[-75.24562,40.18247],[-75.24725,40.18287],[-75.24648,40.18431]]]}},{"type":"Feature","properties":{"water":"ocean"},"geometry":{"type":"Polygon","coordinates":[[[-75.19403,40.30558],[-75.17112,40.2883],[-75.16554,40.28595],[-75.17189,40.28686],[-75.20494,40.30663],[-75.2021,40.31055],[-75.19738,40.30977],[-75.19403,40.30558]]]}},{"type":"Feature","properties":{"water":"ocean"},"geometry":{"type":"Polygon","coordinates":[[[-75.21386,40.46005],[-75.22313,40.46129],[-75.23017,40.46455],[-75.23326,40.45855],[-75.23026,40.46468],[-75.22322,40.46148],[-75.21386,40.46025],[-75.21369,40.46305],[-75.21652,40.46611],[-75.21626,40.46865],[-75.21189,40.46605],[-75.20418,40.46546],[-75.20443,40.47124],[-75.20802,40.47335],[-75.20365,40.47231],[-75.2021,40.47576],[-75.1967,40.48052],[-75.1912,40.48208],[-75.1815,40.48202],[-75.17764,40.48482],[-75.17962,40.49023],[-75.19146,40.49851],[-75.20262,40.51057],[-75.20185,40.51337],[-75.19609,40.51852],[-75.19155,40.52563],[-75.19034,40.53482],[-75.19412,40.54075],[-75.20013,40.54166],[-75.20288,40.54453],[-75.19309,40.55894],[-75.19043,40.57022],[-75.19652,40.58221],[-75.19472,40.58554],[-75.18897,40.59173],[-75.16992,40.59975],[-75.1585,40.59668],[-75.14339,40.58743],[-75.13713,40.58606],[-75.11816,40.58821],[-75.09911,40.59538],[-75.08151,40.61155],[-75.06907,40.62035],[-75.06675,40.63501],[-75.06932,40.64675],[-75.06907,40.65007],[-75.06675,40.65672],[-75.06907,40.66872],[-75.06786,40.67817],[-75.06898,40.67941],[-75.0701,40.69642],[-75.07344,40.70626],[-75.06975,40.71813],[-75.07087,40.71122],[-75.06718,40.7148],[-75.06692,40.71813],[-75.06503,40.71813],[-75.06915,40.70353],[-75.06374,40.69433],[-75.06048,40.67654],[-75.0634,40.65685],[-75.0634,40.63482],[-75.06726,40.61839],[-75.07567,40.61357],[-75.09885,40.5929],[-75.11704,40.58677],[-75.14022,40.58462],[-75.14666,40.58684],[-75.15927,40.59518],[-75.16889,40.5961],[-75.18356,40.59212],[-75.19412,40.58371],[-75.19386,40.57882],[-75.18914,40.57354],[-75.18846,40.57009],[-75.1912,40.56266],[-75.19103,40.55711],[-75.20107,40.54447],[-75.18966,40.54134],[-75.18803,40.53808],[-75.18966,40.52511],[-75.19258,40.51885],[-75.19841,40.51461],[-75.19936,40.51174],[-75.19009,40.49975],[-75.18176,40.49473],[-75.17695,40.4886],[-75.17653,40.4843],[-75.18116,40.48084],[-75.18983,40.48111],[-75.19661,40.47908],[-75.20296,40.47113],[-75.20322,40.46709],[-75.19747,40.45483],[-75.19215,40.44597],[-75.18768,40.44278],[-75.19515,40.44695],[-75.20459,40.46494],[-75.21249,40.46592],[-75.21618,40.46846],[-75.21618,40.46592],[-75.21343,40.46279],[-75.21386,40.46005]],[[-75.20202,40.46344],[-75.20408,40.46507],[-75.2015,40.46096],[-75.20202,40.46344]],[[-75.19292,40.54108],[-75.19052,40.53658],[-75.18906,40.53586],[-75.19034,40.54043],[-75.19292,40.54108]],[[-75.19103,40.52413],[-75.19421,40.5197],[-75.19455,40.51852],[-75.19266,40.52009],[-75.19103,40.52413]],[[-75.19824,40.50679],[-75.19798,40.50848],[-75.20107,40.5135],[-75.20227,40.51064],[-75.19824,40.50679]],[[-75.19712,40.50822],[-75.19764,40.50685],[-75.19575,40.50575],[-75.19712,40.50822]],[[-75.18399,40.49538],[-75.18691,40.49649],[-75.18236,40.49317],[-75.18399,40.49538]],[[-75.16974,40.5989],[-75.17258,40.59753],[-75.16382,40.59734],[-75.16974,40.5989]],[[-75.06889,40.71128],[-75.07173,40.70744],[-75.07138,40.70665],[-75.06889,40.71128]],[[-75.06555,40.69407],[-75.06675,40.69759],[-75.06752,40.69825],[-75.06555,40.69407]],[[-75.06778,40.69564],[-75.06924,40.6972],[-75.06829,40.6927],[-75.06778,40.69564]],[[-75.06675,40.69401],[-75.06726,40.68742],[-75.06434,40.68449],[-75.06383,40.68873],[-75.06675,40.69401]],[[-75.06829,40.68645],[-75.06838,40.68573],[-75.06786,40.68475],[-75.06829,40.68645]],[[-75.06469,40.68397],[-75.06701,40.68625],[-75.06443,40.67862],[-75.06726,40.67165],[-75.06486,40.66024],[-75.06297,40.67341],[-75.06469,40.68397]],[[-75.0634,40.68488],[-75.06383,40.68443],[-75.06349,40.68371],[-75.0634,40.68488]],[[-75.06855,40.68469],[-75.06855,40.67986],[-75.06761,40.67875],[-75.06769,40.6839],[-75.06855,40.68469]],[[-75.0622,40.68351],[-75.06349,40.68358],[-75.06194,40.68006],[-75.0622,40.68351]],[[-75.06263,40.67915],[-75.06228,40.67419],[-75.06246,40.67986],[-75.06263,40.67915]],[[-75.06512,40.67856],[-75.06632,40.68006],[-75.06632,40.67634],[-75.06512,40.67856]],[[-75.0664,40.6545],[-75.06898,40.64799],[-75.06743,40.64316],[-75.0664,40.6545]]]}},{"type":"Feature","properties":{"water":"ocean"},"geometry":{"type":"Polygon","coordinates":[[[-75.23257,40.69909],[-75.23704,40.70229],[-75.23678,40.70431],[-75.23515,40.70476],[-75.23686,40.70457],[-75.2391,40.70861],[-75.24236,40.70568],[-75.24098,40.71102],[-75.24716,40.71813],[-75.2403,40.71813],[-75.24013,40.71617],[-75.23197,40.70855],[-75.23257,40.70698],[-75.22588,40.70157],[-75.22047,40.69955],[-75.21729,40.69564],[-75.21077,40.69316],[-75.20064,40.69297],[-75.19944,40.69068],[-75.19489,40.69003],[-75.19335,40.68788],[-75.1888,40.69062],[-75.18828,40.69323],[-75.17987,40.68482],[-75.18331,40.6856],[-75.18674,40.6828],[-75.18519,40.68051],[-75.18751,40.68091],[-75.18871,40.67908],[-75.19146,40.66963],[-75.19944,40.665],[-75.20305,40.66109],[-75.20056,40.66689],[-75.19712,40.66937],[-75.19206,40.66976],[-75.19309,40.6708],[-75.19103,40.67484],[-75.19189,40.67693],[-75.18674,40.68651],[-75.19481,40.68508],[-75.19764,40.68808],[-75.20459,40.69023],[-75.20597,40.68827],[-75.20116,40.68306],[-75.20013,40.67954],[-75.2015,40.68214],[-75.20433,40.68234],[-75.20528,40.68397],[-75.20897,40.6854],[-75.21103,40.68417],[-75.21438,40.68886],[-75.21669,40.6886],[-75.21798,40.68651],[-75.21978,40.69036],[-75.22279,40.68827],[-75.22442,40.69212],[-75.2221,40.69407],[-75.22674,40.69629],[-75.23214,40.69642],[-75.23257,40.69909]]]}},{"type":"Feature","properties":{"water":"ocean"},"geometry":{"type":"Polygon","coordinates":[[[-75.19755,40.94471],[-75.19515,40.95003],[-75.18408,40.95925],[-75.18279,40.96315],[-75.18665,40.96743],[-75.18734,40.97399],[-75.19515,40.9799],[-75.19738,40.98405],[-75.19524,40.98405],[-75.19215,40.97892],[-75.18605,40.97457],[-75.18537,40.96854],[-75.18142,40.96328],[-75.18425,40.95672],[-75.1924,40.95042],[-75.19601,40.9451],[-75.19515,40.94205],[-75.19172,40.9388],[-75.17773,40.93179],[-75.17386,40.91971],[-75.17129,40.91692],[-75.16434,40.91705],[-75.1688,40.91646],[-75.16597,40.91594],[-75.14176,40.92094],[-75.14082,40.91926],[-75.15155,40.91562],[-75.15721,40.91471],[-75.17275,40.9164],[-75.17618,40.92062],[-75.1791,40.9312],[-75.19584,40.94036],[-75.19755,40.94471]],[[-75.15781,40.91627],[-75.15121,40.91627],[-75.14751,40.9188],[-75.15781,40.91627]]]}},{"type":"Feature","properties":{"water":"ocean"},"geometry":{"type":"Polygon","coordinates":[[[-75.19498,41.31105],[-75.19575,41.31259],[-75.20365,41.31246],[-75.20854,41.31021],[-75.21137,41.30686],[-75.21309,41.30737],[-75.21266,41.31472],[-75.2233,41.31253],[-75.22176,41.31658],[-75.21772,41.31813],[-75.21893,41.31987],[-75.22373,41.32032],[-75.22399,41.3256],[-75.23171,41.32277],[-75.23738,41.32824],[-75.24339,41.33088],[-75.24897,41.33166],[-75.25703,41.32811],[-75.25532,41.3314],[-75.25909,41.33243],[-75.2657,41.32882],[-75.26785,41.32592],[-75.26545,41.33526],[-75.26167,41.33462],[-75.25068,41.33739],[-75.25669,41.34344],[-75.26133,41.34351],[-75.25952,41.34608],[-75.25506,41.34737],[-75.2548,41.34898],[-75.25806,41.35111],[-75.25884,41.358],[-75.26047,41.35986],[-75.25721,41.36257],[-75.26064,41.36566],[-75.26802,41.36521],[-75.27034,41.37004],[-75.273,41.36953],[-75.2669,41.37777],[-75.27197,41.38022],[-75.27746,41.37751],[-75.28296,41.37777],[-75.28536,41.38028],[-75.29489,41.38241],[-75.29592,41.38447],[-75.2978,41.3846],[-75.30347,41.38067],[-75.30673,41.37468],[-75.31274,41.37719],[-75.31154,41.37867],[-75.31248,41.37919],[-75.31557,41.37449],[-75.31446,41.38151],[-75.31308,41.3817],[-75.31471,41.3844],[-75.31978,41.3855],[-75.31883,41.3882],[-75.30682,41.3808],[-75.29978,41.38988],[-75.2918,41.38885],[-75.28716,41.3846],[-75.2809,41.38434],[-75.27789,41.38254],[-75.27583,41.3902],[-75.27094,41.39226],[-75.273,41.38524],[-75.27111,41.38266],[-75.26562,41.3837],[-75.26158,41.38202],[-75.25935,41.38447],[-75.25806,41.38208],[-75.25326,41.38183],[-75.25643,41.37957],[-75.25772,41.37494],[-75.24931,41.37178],[-75.2445,41.37268],[-75.2457,41.36914],[-75.24021,41.36708],[-75.24553,41.36431],[-75.24476,41.35903],[-75.24768,41.3551],[-75.23875,41.34215],[-75.22768,41.34022],[-75.22519,41.33758],[-75.22631,41.335],[-75.22099,41.33616],[-75.21566,41.33475],[-75.21317,41.33694],[-75.207,41.33616],[-75.20519,41.33404],[-75.20511,41.32992],[-75.1973,41.32264],[-75.19292,41.32283],[-75.18983,41.32786],[-75.18674,41.3276],[-75.18425,41.32283],[-75.18142,41.32135],[-75.18056,41.31504],[-75.1761,41.3133],[-75.18004,41.30853],[-75.17927,41.30493],[-75.18159,41.30499],[-75.18519,41.29791],[-75.18597,41.2923],[-75.19077,41.29069],[-75.18846,41.29507],[-75.1894,41.29829],[-75.19189,41.29965],[-75.19592,41.29926],[-75.20056,41.29443],[-75.20073,41.29926],[-75.19755,41.30235],[-75.19747,41.30911],[-75.19498,41.31105]],[[-75.20991,41.31948],[-75.21266,41.3191],[-75.21034,41.31852],[-75.20991,41.31948]],[[-75.29729,41.38749],[-75.29918,41.38743],[-75.2984,41.38698],[-75.29729,41.38749]],[[-75.25935,41.37236],[-75.2597,41.3741],[-75.26081,41.3721],[-75.25935,41.37236]]]}},{"type":"Feature","properties":{"water":"ocean"},"geometry":{"type":"Polygon","coordinates":[[[-75.19489,41.45068],[-75.19386,41.44411],[-75.19189,41.45274],[-75.19034,41.45531],[-75.18777,41.45589],[-75.187,41.45222],[-75.1906,41.44617],[-75.1864,41.44572],[-75.18803,41.44172],[-75.18545,41.4378],[-75.1912,41.4414],[-75.1906,41.44314],[-75.19309,41.44205],[-75.19189,41.44108],[-75.19343,41.43921],[-75.19695,41.43857],[-75.19918,41.44456],[-75.2027,41.4385],[-75.2015,41.43348],[-75.20725,41.43638],[-75.20991,41.43567],[-75.20433,41.44681],[-75.20648,41.44965],[-75.20339,41.44971],[-75.20176,41.45209],[-75.19489,41.45068]],[[-75.20416,41.44707],[-75.20227,41.44411],[-75.19695,41.44694],[-75.1991,41.44926],[-75.20227,41.44952],[-75.20416,41.44707]]]}},{"type":"Feature","properties":{"water":"ocean"},"geometry":{"type":"Polygon","coordinates":[[[-75.09353,40.12309],[-75.09112,40.12368],[-75.0876,40.12066],[-75.07808,40.11993],[-75.07473,40.12289],[-75.07113,40.12125],[-75.06941,40.11928],[-75.07267,40.11849],[-75.07662,40.11422],[-75.07979,40.11448],[-75.07087,40.11165],[-75.06125,40.10495],[-75.05799,40.106],[-75.05619,40.10305],[-75.05731,40.10219],[-75.0598,40.10384],[-75.05542,40.09884],[-75.04847,40.0972],[-75.0549,40.09543],[-75.05147,40.08793],[-75.04563,40.0813],[-75.03671,40.07736],[-75.02933,40.07657],[-75.02727,40.07808],[-75.02091,40.07499],[-75.01207,40.07361],[-75.00615,40.06816],[-74.99946,40.06428],[-74.99928,40.0654],[-74.9986,40.06329],[-74.99585,40.06362],[-74.99645,40.06205],[-74.99079,40.05639],[-74.98332,40.06007],[-74.98006,40.056],[-74.97783,40.0558],[-74.9792,40.05823],[-74.97405,40.05528],[-74.97783,40.05107],[-74.97903,40.05469],[-74.98281,40.05488],[-74.98366,40.05337],[-74.98701,40.05462],[-74.98281,40.05153],[-74.98178,40.04871],[-74.97937,40.04825],[-74.97963,40.0516],[-74.97354,40.04798],[-74.96023,40.04483],[-74.95062,40.04588],[-74.94478,40.04884],[-74.93457,40.05961],[-74.92487,40.06093],[-74.92178,40.06553],[-74.91508,40.06809],[-74.90676,40.07506],[-74.89981,40.07676],[-74.88951,40.08287],[-74.88719,40.08728],[-74.87732,40.09109],[-74.85466,40.09457],[-74.85294,40.09687],[-74.849,40.09707],[-74.8526,40.09989],[-74.85209,40.10554],[-74.85595,40.10824],[-74.85148,40.10607],[-74.85106,40.1018],[-74.84728,40.10062],[-74.84436,40.10338],[-74.84015,40.10311],[-74.83758,40.106],[-74.83028,40.1064],[-74.82882,40.10968],[-74.82453,40.10949],[-74.82548,40.11494],[-74.82299,40.11435],[-74.81655,40.11836],[-74.81441,40.12072],[-74.81458,40.12664],[-74.80874,40.12788],[-74.80608,40.12598],[-74.80316,40.12749],[-74.80522,40.13176],[-74.80282,40.12723],[-74.80617,40.12565],[-74.80865,40.12756],[-74.81415,40.12644],[-74.81423,40.12204],[-74.81097,40.12204],[-74.8108,40.12085],[-74.81406,40.12026],[-74.81818,40.11514],[-74.82479,40.11336],[-74.82402,40.10935],[-74.82797,40.10942],[-74.82917,40.10653],[-74.8344,40.10581],[-74.8332,40.10226],[-74.83732,40.10581],[-74.83938,40.10278],[-74.8435,40.10305],[-74.84573,40.10029],[-74.84942,40.10048],[-74.84831,40.09694],[-74.85269,40.09608],[-74.85372,40.09345],[-74.85818,40.09391],[-74.85878,40.09168],[-74.85595,40.09115],[-74.85337,40.09273],[-74.85037,40.09194],[-74.84892,40.08992],[-74.8435,40.08997],[-74.84153,40.09142],[-74.83784,40.08971],[-74.83741,40.09155],[-74.83329,40.09142],[-74.8314,40.09391],[-74.82737,40.09161],[-74.82299,40.09608],[-74.82162,40.09615],[-74.82428,40.09418],[-74.82222,40.09391],[-74.82059,40.09142],[-74.81767,40.09043],[-74.81466,40.09345],[-74.81715,40.0905],[-74.81775,40.09023],[-74.82101,40.09135],[-74.82436,40.09372],[-74.82737,40.09129],[-74.83157,40.09319],[-74.83303,40.09089],[-74.83646,40.09122],[-74.83801,40.08925],[-74.84144,40.09096],[-74.84282,40.08899],[-74.84839,40.08925],[-74.85171,40.09201],[-74.85732,40.09037],[-74.86333,40.0924],[-74.87801,40.08925],[-74.88642,40.08557],[-74.88599,40.08333],[-74.88916,40.07985],[-74.90453,40.074],[-74.91337,40.06658],[-74.91886,40.06461],[-74.91809,40.06375],[-74.91534,40.06507],[-74.91217,40.06441],[-74.91199,40.06244],[-74.91363,40.06178],[-74.90916,40.05666],[-74.91388,40.06172],[-74.91345,40.06415],[-74.91543,40.06481],[-74.91629,40.06382],[-74.92075,40.0631],[-74.92101,40.05988],[-74.92358,40.0583],[-74.93148,40.05968],[-74.93603,40.05364],[-74.94693,40.04509],[-74.95345,40.04358],[-74.96607,40.04398],[-74.97723,40.04647],[-74.9786,40.0449],[-74.96272,40.03964],[-74.94607,40.03031],[-74.94161,40.03005],[-74.94101,40.02827],[-74.93963,40.02854],[-74.94101,40.0263],[-74.93414,40.02249],[-74.92247,40.01973],[-74.91285,40.02183],[-74.89543,40.01658],[-74.88719,40.01618],[-74.88762,40.01513],[-74.88401,40.01296],[-74.87457,40.00941],[-74.84668,40.00547],[-74.83586,39.99667],[-74.82985,39.97511],[-74.82471,39.96572],[-74.82024,39.96243],[-74.81518,39.96243],[-74.78703,39.97025],[-74.78316,39.96973],[-74.77407,39.96473],[-74.76651,39.96513],[-74.76308,39.96835],[-74.75372,39.96762],[-74.74471,39.96513],[-74.73973,39.96],[-74.74239,39.95652],[-74.72145,39.9422],[-74.71888,39.94108],[-74.7169,39.94305],[-74.71622,39.94266],[-74.71647,39.94548],[-74.71493,39.9445],[-74.7157,39.94246],[-74.71853,39.94101],[-74.70617,39.92754],[-74.70377,39.92078],[-74.70471,39.91907],[-74.70815,39.91834],[-74.70815,39.91624],[-74.71244,39.9142],[-74.70952,39.91033],[-74.71064,39.90809],[-74.70128,39.90553],[-74.71107,39.90783],[-74.71004,39.91039],[-74.71338,39.91322],[-74.71175,39.91565],[-74.70883,39.91703],[-74.71089,39.92169],[-74.70823,39.92229],[-74.70549,39.92012],[-74.70446,39.92084],[-74.70729,39.92767],[-74.71381,39.93293],[-74.71433,39.93582],[-74.71759,39.9374],[-74.71973,39.93733],[-74.71913,39.92853],[-74.73252,39.91118],[-74.73304,39.91223],[-74.73939,39.90724],[-74.75244,39.90553],[-74.74231,39.9096],[-74.73759,39.91401],[-74.73973,39.9192],[-74.7478,39.91946],[-74.75879,39.90822],[-74.75269,39.91729],[-74.74849,39.92012],[-74.74102,39.92078],[-74.73681,39.91631],[-74.73458,39.91703],[-74.73098,39.91953],[-74.72411,39.92919],[-74.72557,39.93963],[-74.74085,39.95166],[-74.74677,39.95258],[-74.75192,39.95146],[-74.75673,39.9464],[-74.7563,39.95251],[-74.75973,39.95225],[-74.76445,39.95448],[-74.76299,39.95159],[-74.7654,39.94601],[-74.7666,39.9464],[-74.76428,39.95015],[-74.76462,39.95258],[-74.76763,39.95107],[-74.7654,39.95534],[-74.77518,39.96066],[-74.77612,39.95875],[-74.77741,39.95915],[-74.77638,39.96105],[-74.78419,39.96552],[-74.7975,39.96467],[-74.81552,39.95895],[-74.81114,39.9577],[-74.80831,39.95297],[-74.80848,39.95041],[-74.81346,39.95376],[-74.81758,39.95369],[-74.81647,39.95606],[-74.81784,39.95908],[-74.82376,39.95954],[-74.82814,39.96322],[-74.83595,39.97781],[-74.83749,39.98385],[-74.8405,39.98714],[-74.85741,39.99581],[-74.86127,39.99371],[-74.85887,39.9966],[-74.86359,40.00389],[-74.89088,40.00863],[-74.8926,40.01079],[-74.90633,40.0152],[-74.90582,40.01099],[-74.90779,40.01125],[-74.90682,40.01465],[-74.90865,40.01474],[-74.90908,40.0125],[-74.91079,40.01539],[-74.92135,40.01395],[-74.93019,40.01612],[-74.95405,40.02716],[-74.96881,40.03018],[-74.97439,40.03287],[-74.9804,40.03984],[-74.99044,40.04621],[-74.99353,40.05015],[-74.99894,40.05436],[-75.00675,40.05639],[-75.00469,40.05666],[-75.01328,40.0629],[-75.01473,40.06211],[-75.01405,40.06349],[-75.01611,40.06316],[-75.01542,40.06553],[-75.0192,40.06717],[-75.02134,40.06474],[-75.02229,40.0652],[-75.02091,40.0677],[-75.02898,40.06704],[-75.04512,40.07354],[-75.05456,40.07926],[-75.07121,40.10482],[-75.07293,40.1037],[-75.07464,40.10508],[-75.07379,40.106],[-75.07756,40.10646],[-75.0767,40.10798],[-75.07791,40.10653],[-75.08185,40.10771],[-75.08005,40.10922],[-75.09095,40.11106],[-75.09404,40.10988],[-75.0931,40.11152],[-75.09567,40.11192],[-75.09773,40.11021],[-75.09773,40.11244],[-75.09971,40.11106],[-75.09893,40.11271],[-75.10099,40.11087],[-75.09971,40.11284],[-75.10151,40.111],[-75.10074,40.11297],[-75.10271,40.11165],[-75.10211,40.1133],[-75.10443,40.11231],[-75.10357,40.11382],[-75.10503,40.11218],[-75.10477,40.11428],[-75.10674,40.11205],[-75.10614,40.11415],[-75.11069,40.11455],[-75.10966,40.11625],[-75.11104,40.11448],[-75.1125,40.11501],[-75.11129,40.11691],[-75.11421,40.11566],[-75.11335,40.11757],[-75.11567,40.11573],[-75.11481,40.11757],[-75.11816,40.11961],[-75.12116,40.11934],[-75.12288,40.12],[-75.12219,40.12118],[-75.12331,40.12033],[-75.1228,40.12145],[-75.12374,40.12053],[-75.13189,40.12578],[-75.13284,40.12512],[-75.13181,40.12618],[-75.13344,40.12572],[-75.13249,40.12683],[-75.13395,40.12631],[-75.1337,40.12788],[-75.13601,40.12703],[-75.1343,40.12867],[-75.13601,40.12926],[-75.13558,40.13064],[-75.13747,40.13032],[-75.13799,40.13137],[-75.13636,40.13202],[-75.13859,40.13216],[-75.13679,40.13308],[-75.1385,40.13275],[-75.13919,40.13426],[-75.13747,40.13492],[-75.13962,40.13538],[-75.13764,40.13557],[-75.13962,40.13557],[-75.1379,40.13616],[-75.1397,40.13623],[-75.13816,40.13702],[-75.14022,40.13787],[-75.13859,40.13866],[-75.14048,40.13859],[-75.13902,40.13905],[-75.14005,40.14655],[-75.14005,40.14326],[-75.14125,40.14471],[-75.14005,40.1474],[-75.14194,40.14753],[-75.14185,40.14931],[-75.14005,40.14957],[-75.14194,40.14976],[-75.14039,40.15029],[-75.14185,40.15029],[-75.14185,40.1518],[-75.13996,40.15226],[-75.13988,40.15397],[-75.14176,40.15371],[-75.14073,40.15463],[-75.14211,40.15561],[-75.1403,40.15627],[-75.14202,40.1562],[-75.14176,40.15732],[-75.13988,40.15758],[-75.14116,40.15765],[-75.13962,40.15883],[-75.14091,40.15988],[-75.13893,40.16015],[-75.14116,40.16054],[-75.14013,40.16238],[-75.13764,40.1635],[-75.13919,40.16343],[-75.1379,40.16396],[-75.1391,40.16691],[-75.13558,40.16803],[-75.13859,40.16843],[-75.13473,40.16981],[-75.13842,40.17],[-75.13447,40.17059],[-75.13704,40.17112],[-75.13361,40.1723],[-75.13318,40.17329],[-75.13601,40.17362],[-75.13249,40.17519],[-75.13704,40.17526],[-75.13258,40.17664],[-75.1373,40.1767],[-75.13224,40.17815],[-75.13764,40.17808],[-75.13198,40.17907],[-75.13267,40.18183],[-75.13515,40.18157],[-75.13301,40.18308],[-75.12674,40.18308],[-75.1258,40.18038],[-75.12159,40.18038],[-75.12571,40.17986],[-75.12374,40.17782],[-75.12486,40.17434],[-75.12271,40.17401],[-75.12649,40.17309],[-75.12606,40.16994],[-75.1276,40.16994],[-75.12666,40.16889],[-75.12803,40.16889],[-75.12717,40.16783],[-75.12923,40.16606],[-75.127,40.16422],[-75.13112,40.16192],[-75.13258,40.15647],[-75.13078,40.14096],[-75.13284,40.14043],[-75.13061,40.13774],[-75.13172,40.13649],[-75.1294,40.13682],[-75.12992,40.13413],[-75.12863,40.13308],[-75.12983,40.13262],[-75.12743,40.13294],[-75.12855,40.13183],[-75.12237,40.12959],[-75.1191,40.12979],[-75.11739,40.13163],[-75.1125,40.13104],[-75.11301,40.13334],[-75.11189,40.1317],[-75.11001,40.13991],[-75.10786,40.1428],[-75.10443,40.14333],[-75.10623,40.15029],[-75.10228,40.14865],[-75.09773,40.14963],[-75.0943,40.15167],[-75.09044,40.15239],[-75.09035,40.15371],[-75.09069,40.15246],[-75.09456,40.152],[-75.09224,40.15535],[-75.08752,40.15528],[-75.08709,40.15436],[-75.09027,40.1541],[-75.08657,40.15404],[-75.08572,40.1566],[-75.08632,40.15371],[-75.09044,40.15193],[-75.0943,40.15134],[-75.09756,40.14839],[-75.10211,40.14799],[-75.10563,40.1497],[-75.104,40.14339],[-75.10838,40.14155],[-75.11026,40.13577],[-75.10692,40.13281],[-75.10108,40.13124],[-75.10271,40.13032],[-75.09885,40.12696],[-75.09782,40.12795],[-75.09851,40.1267],[-75.09687,40.12703],[-75.09602,40.12414],[-75.09353,40.1242],[-75.09353,40.12309]],[[-75.08709,40.11678],[-75.10563,40.12821],[-75.11765,40.12624],[-75.10142,40.11882],[-75.08709,40.11678]],[[-75.05851,40.10522],[-75.05894,40.10489],[-75.05842,40.10462],[-75.05851,40.10522]],[[-74.71064,39.92117],[-74.70883,39.91861],[-74.70609,39.91966],[-74.70849,39.92209],[-74.71064,39.92117]],[[-74.85372,39.9968],[-74.83792,39.99069],[-74.83612,39.99391],[-74.84316,40.00225],[-74.85003,40.00534],[-74.85646,40.00527],[-74.85372,39.9968]],[[-74.75475,39.96703],[-74.77243,39.96375],[-74.76059,39.95652],[-74.75492,39.95494],[-74.75003,39.95534],[-74.75381,39.95659],[-74.75063,39.95797],[-74.74394,39.95659],[-74.74145,39.95935],[-74.74257,39.96132],[-74.75475,39.96703]]]}},{"type":"Feature","properties":{"water":"ocean"},"geometry":{"type":"Polygon","coordinates":[[[-75.06967,40.18345],[-75.06417,40.19327],[-75.06331,40.20329],[-75.05705,40.21009],[-75.04709,40.21245],[-75.0428,40.21657],[-75.03293,40.22148],[-75.02126,40.2224],[-75.00298,40.21886],[-74.99817,40.22069],[-74.98581,40.22089],[-74.99997,40.21939],[-75.00117,40.21788],[-74.99525,40.21618],[-74.99903,40.2152],[-74.99139,40.21709],[-74.97963,40.22397],[-74.96667,40.22901],[-74.95053,40.26147],[-74.94796,40.26782],[-74.94804,40.27377],[-74.94555,40.28195],[-74.94075,40.28902],[-74.91603,40.30643],[-74.9071,40.31049],[-74.89431,40.31258],[-74.86899,40.33189],[-74.8599,40.344],[-74.85114,40.36586],[-74.8405,40.37855],[-74.80007,40.39557],[-74.77432,40.41036],[-74.76222,40.42712],[-74.75879,40.43608],[-74.76025,40.43654],[-74.7611,40.43759],[-74.76033,40.44315],[-74.76076,40.43837],[-74.76016,40.43687],[-74.75887,40.43654],[-74.75355,40.44217],[-74.74231,40.44682],[-74.73767,40.45114],[-74.72995,40.45114],[-74.73939,40.44446],[-74.74909,40.4421],[-74.75475,40.43818],[-74.75904,40.4262],[-74.76583,40.41822],[-74.77183,40.40748],[-74.80359,40.39073],[-74.84007,40.37639],[-74.84985,40.35872],[-74.84204,40.35519],[-74.83191,40.3493],[-74.84985,40.35866],[-74.85904,40.34033],[-74.87226,40.32561],[-74.89234,40.31154],[-74.91208,40.3063],[-74.93903,40.28758],[-74.94401,40.27927],[-74.94401,40.26939],[-74.94916,40.25034],[-74.94761,40.25937],[-74.95251,40.24943],[-74.94796,40.247],[-74.95259,40.24858],[-74.96487,40.22789],[-74.97877,40.222],[-74.98572,40.21755],[-74.97903,40.22148],[-74.96521,40.22632],[-74.96624,40.22521],[-74.97697,40.22213],[-74.9859,40.21709],[-74.9913,40.21539],[-74.99911,40.21435],[-75.00445,40.21538],[-75.00057,40.21422],[-75.02529,40.22109],[-75.02975,40.22017],[-75.03284,40.21644],[-75.04203,40.21127],[-75.04692,40.21055],[-75.04151,40.21186],[-75.03345,40.21631],[-75.0301,40.22024],[-75.0268,40.22107],[-75.02838,40.22102],[-75.0386,40.21664],[-75.04623,40.21075],[-75.05507,40.20878],[-75.05902,40.20525],[-75.06065,40.20296],[-75.06503,40.17959],[-75.06752,40.17468],[-75.06967,40.17468],[-75.06889,40.17619],[-75.07233,40.17468],[-75.06967,40.18345]],[[-75.00323,40.21742],[-75.00546,40.21729],[-74.99903,40.2152],[-75.00323,40.21742]],[[-75.00779,40.21688],[-75.01044,40.21808],[-75.01323,40.2188],[-75.00779,40.21688]],[[-75.01488,40.21923],[-75.02254,40.22122],[-75.02515,40.22113],[-75.01488,40.21923]],[[-75.06699,40.18245],[-75.06864,40.18308],[-75.06697,40.1828],[-75.06675,40.18607],[-75.06958,40.18175],[-75.07087,40.17612],[-75.06718,40.17972],[-75.06699,40.18245]],[[-74.77192,40.40873],[-74.77432,40.40729],[-74.77398,40.40715],[-74.77192,40.40873]],[[-74.79921,40.39413],[-74.80496,40.39223],[-74.80685,40.39092],[-74.79921,40.39413]],[[-74.80762,40.39053],[-74.80934,40.3904],[-74.80943,40.38988],[-74.80762,40.39053]],[[-74.80986,40.3904],[-74.81518,40.38903],[-74.82033,40.38628],[-74.81277,40.38811],[-74.80986,40.3904]],[[-74.85131,40.36193],[-74.84762,40.36802],[-74.84951,40.36605],[-74.85131,40.36193]],[[-74.84977,40.36278],[-74.85003,40.36304],[-74.85071,40.36193],[-74.84977,40.36278]]]}},{"type":"Feature","properties":{"water":"ocean"},"geometry":{"type":"Polygon","coordinates":[[[-75.04864,40.36887],[-75.04572,40.36645],[-75.0416,40.35997],[-75.0392,40.36069],[-75.03645,40.36429],[-75.03533,40.36481],[-75.03336,40.37011],[-75.03001,40.37247],[-75.02443,40.37391],[-75.02143,40.37751],[-75.01997,40.3777],[-75.01044,40.37659],[-75.01585,40.37672],[-75.00607,40.37417],[-75.001,40.3779],[-74.99585,40.37522],[-74.99474,40.37738],[-74.99619,40.38235],[-74.99379,40.38536],[-74.9883,40.38412],[-74.98426,40.37993],[-74.97997,40.38235],[-74.978,40.38634],[-74.97645,40.38641],[-74.97027,40.38549],[-74.97465,40.394],[-74.97268,40.39518],[-74.96607,40.39642],[-74.96332,40.39904],[-74.96547,40.4046],[-74.95723,40.40794],[-74.95491,40.41377],[-74.95302,40.41455],[-74.9441,40.41468],[-74.94083,40.41651],[-74.94307,40.42993],[-74.94264,40.43157],[-74.93869,40.43412],[-74.94264,40.43111],[-74.94032,40.41678],[-74.94418,40.41429],[-74.95465,40.4135],[-74.95706,40.40768],[-74.9653,40.40441],[-74.96246,40.39884],[-74.96615,40.39583],[-74.97405,40.39374],[-74.97079,40.38948],[-74.96993,40.38523],[-74.97791,40.38536],[-74.97972,40.38196],[-74.98487,40.37934],[-74.98581,40.37973],[-74.98838,40.38379],[-74.99353,40.38516],[-74.99508,40.38019],[-74.99431,40.37666],[-74.99602,40.37482],[-75.00126,40.37764],[-75.00607,40.37378],[-75.02109,40.37725],[-75.02452,40.37345],[-75.03147,40.37129],[-75.03576,40.36376],[-75.03928,40.36043],[-75.04169,40.35977],[-75.04752,40.36789],[-75.0537,40.36998],[-75.05688,40.36815],[-75.0531,40.35951],[-75.05696,40.36645],[-75.05731,40.36808],[-75.05722,40.36828],[-75.05696,40.36887],[-75.05439,40.37018],[-75.04864,40.36887]],[[-75.05722,40.36828],[-75.05683,40.36843],[-75.05688,40.36874],[-75.05722,40.36828]],[[-75.05671,40.36664],[-75.05672,40.3669],[-75.0569,40.36726],[-75.05671,40.36664]],[[-75.03566,40.36446],[-75.03645,40.36402],[-75.03618,40.3639],[-75.03566,40.36446]],[[-74.97607,40.38613],[-74.97602,40.38615],[-74.97615,40.38614],[-74.97607,40.38613]],[[-74.98551,40.38015],[-74.98564,40.38019],[-74.98539,40.38],[-74.98551,40.38015]]]}},{"type":"Feature","properties":{"water":"ocean"},"geometry":{"type":"Polygon","coordinates":[[[-75.13576,40.72194],[-75.13249,40.72493],[-75.12091,40.72571],[-75.12134,40.7309],[-75.11902,40.73999],[-75.11164,40.74687],[-75.10511,40.75999],[-75.0955,40.77116],[-75.07902,40.78174],[-75.07679,40.78661],[-75.07636,40.7994],[-75.05774,40.81823],[-75.05327,40.8294],[-75.06289,40.83667],[-75.06469,40.8394],[-75.06443,40.84303],[-75.06743,40.84608],[-75.07542,40.84381],[-75.09275,40.8442],[-75.09722,40.84732],[-75.09825,40.85173],[-75.09645,40.85686],[-75.0919,40.85991],[-75.08863,40.86381],[-75.0858,40.8655],[-75.0846,40.86887],[-75.08975,40.87608],[-75.10039,40.88549],[-75.10288,40.89601],[-75.10983,40.90108],[-75.11035,40.90192],[-75.12211,40.90595],[-75.12683,40.90926],[-75.13395,40.91932],[-75.14082,40.91926],[-75.14151,40.92088],[-75.13309,40.92075],[-75.12168,40.9077],[-75.10752,40.90361],[-75.09945,40.89471],[-75.09988,40.88796],[-75.09842,40.88497],[-75.08863,40.87803],[-75.0834,40.87095],[-75.08366,40.86478],[-75.09584,40.85563],[-75.09662,40.85121],[-75.09542,40.84784],[-75.08778,40.84537],[-75.07524,40.84745],[-75.06392,40.84686],[-75.06228,40.84362],[-75.05413,40.83738],[-75.04984,40.82712],[-75.05138,40.82187],[-75.07473,40.79966],[-75.07516,40.78667],[-75.07868,40.7796],[-75.09636,40.76811],[-75.10417,40.75837],[-75.10554,40.75291],[-75.11078,40.74577],[-75.11687,40.74064],[-75.11962,40.72441],[-75.12262,40.72279],[-75.13061,40.72421],[-75.13412,40.72155],[-75.13507,40.71844],[-75.13146,40.7098],[-75.13301,40.71188],[-75.13533,40.71188],[-75.13576,40.7098],[-75.13782,40.71766],[-75.13576,40.72194]],[[-75.13636,40.71701],[-75.13644,40.7135],[-75.13584,40.71292],[-75.13636,40.71701]],[[-75.13318,40.71285],[-75.13344,40.71389],[-75.13567,40.71584],[-75.13533,40.71285],[-75.13318,40.71285]],[[-75.11885,40.73389],[-75.12031,40.7309],[-75.11919,40.72928],[-75.11885,40.73389]],[[-75.13636,40.71798],[-75.13644,40.71993],[-75.13713,40.7172],[-75.13636,40.71798]],[[-75.08546,40.86524],[-75.08889,40.86329],[-75.08941,40.86244],[-75.08675,40.86381],[-75.08546,40.86524]],[[-75.07353,40.84654],[-75.08142,40.84498],[-75.07559,40.84465],[-75.07353,40.84654]],[[-75.06297,40.84199],[-75.06297,40.83914],[-75.05928,40.83466],[-75.05276,40.83108],[-75.05482,40.83498],[-75.05834,40.83654],[-75.06297,40.84199]],[[-75.05902,40.83953],[-75.05877,40.83816],[-75.05636,40.83667],[-75.05756,40.83914],[-75.05902,40.83953]],[[-75.05233,40.82427],[-75.05156,40.82706],[-75.05224,40.8294],[-75.05293,40.82673],[-75.05233,40.82427]],[[-75.0525,40.82277],[-75.05327,40.82622],[-75.05593,40.82037],[-75.05456,40.82057],[-75.0525,40.82277]],[[-75.10846,40.9038],[-75.11018,40.904],[-75.10855,40.90348],[-75.10846,40.9038]],[[-75.11481,40.904],[-75.11052,40.90289],[-75.10889,40.90199],[-75.11044,40.90348],[-75.11481,40.904]],[[-75.11018,40.90212],[-75.10958,40.90101],[-75.10872,40.90082],[-75.11018,40.90212]]]}},{"type":"Feature","properties":{"water":"ocean"},"geometry":{"type":"Polygon","coordinates":[[[-75.10829,40.96841],[-75.09087,40.96354],[-75.08924,40.95873],[-75.09087,40.95516],[-75.09516,40.95795],[-75.09653,40.95542],[-75.09911,40.95542],[-75.09911,40.95217],[-75.10477,40.95321],[-75.10426,40.95114],[-75.09404,40.94685],[-75.1058,40.94847],[-75.10975,40.95412],[-75.10958,40.96055],[-75.11327,40.96282],[-75.11241,40.96438],[-75.11361,40.96607],[-75.10829,40.96841]]]}},{"type":"Feature","properties":{"water":"ocean"},"geometry":{"type":"Polygon","coordinates":[[[-74.90479,41.06713],[-74.92573,41.08737],[-74.94607,41.09526],[-74.94942,41.10192],[-74.96452,41.11007],[-74.98006,41.11337],[-74.99259,41.1318],[-74.99268,41.136],[-74.98384,41.13665],[-74.97225,41.13012],[-74.96847,41.12967],[-74.96744,41.13122],[-74.96899,41.136],[-74.98298,41.14499],[-74.99431,41.14713],[-75.00778,41.15689],[-75.01259,41.15708],[-75.01817,41.1684],[-75.02769,41.17907],[-75.02821,41.18476],[-75.07215,41.20558],[-75.07979,41.20655],[-75.09087,41.20953],[-75.09645,41.20927],[-75.107,41.21444],[-75.10777,41.21638],[-75.10735,41.21832],[-75.10915,41.21949],[-75.11627,41.21832],[-75.12022,41.21981],[-75.13121,41.22867],[-75.13103,41.23197],[-75.13601,41.23934],[-75.13756,41.24891],[-75.1349,41.24891],[-75.13206,41.24426],[-75.13043,41.23456],[-75.12614,41.231],[-75.08537,41.21089],[-75.07868,41.21037],[-75.06254,41.20436],[-75.04031,41.19336],[-75.03379,41.18812],[-75.01954,41.1823],[-75.01817,41.17681],[-75.0198,41.17306],[-75.01328,41.16219],[-75.00864,41.16155],[-75.0004,41.15198],[-74.99216,41.1479],[-74.98049,41.14544],[-74.97113,41.1404],[-74.96693,41.13626],[-74.96598,41.13038],[-74.96881,41.12773],[-74.98289,41.13497],[-74.98838,41.1362],[-74.99113,41.1351],[-74.99087,41.1318],[-74.98075,41.11589],[-74.97379,41.11234],[-74.96315,41.11078],[-74.9465,41.10082],[-74.94573,41.09682],[-74.93139,41.09197],[-74.92169,41.08627],[-74.92015,41.08324],[-74.90333,41.06784],[-74.89835,41.05776],[-74.88891,41.05187],[-74.88144,41.04411],[-74.87397,41.02807],[-74.85835,41.00467],[-74.86668,40.99703],[-74.86127,40.98701],[-74.86058,40.98177],[-74.85578,40.97576],[-74.85835,40.97576],[-74.8617,40.98022],[-74.86299,40.98675],[-74.86788,40.99231],[-74.86874,40.99561],[-74.86745,40.9991],[-74.86007,41.00467],[-74.87105,41.01915],[-74.88307,41.04385],[-74.88994,41.05045],[-74.89655,41.052],[-74.89826,41.05336],[-74.90479,41.06713]],[[-75.13636,41.24781],[-75.13644,41.24432],[-75.13584,41.24374],[-75.13636,41.24781]],[[-75.13318,41.24367],[-75.13344,41.24471],[-75.13567,41.24665],[-75.13533,41.24367],[-75.13318,41.24367]],[[-75.13533,41.2427],[-75.13567,41.23973],[-75.13301,41.2352],[-75.13301,41.2427],[-75.13533,41.2427]],[[-75.13172,41.23449],[-75.13249,41.23436],[-75.13138,41.23397],[-75.13172,41.23449]],[[-75.11018,41.2202],[-75.11198,41.22136],[-75.13018,41.23132],[-75.13052,41.22945],[-75.12769,41.22602],[-75.11953,41.21988],[-75.11018,41.2202]],[[-75.10743,41.22136],[-75.10975,41.2222],[-75.10692,41.22059],[-75.10743,41.22136]],[[-75.10563,41.21386],[-75.09859,41.2105],[-75.08889,41.20966],[-75.09945,41.21638],[-75.10674,41.21845],[-75.10735,41.21658],[-75.10563,41.21386]],[[-75.09456,41.21522],[-75.09284,41.21289],[-75.09087,41.2127],[-75.09456,41.21522]],[[-75.09172,41.21231],[-75.08735,41.20908],[-75.08546,41.20875],[-75.08623,41.20972],[-75.09172,41.21231]],[[-75.08426,41.20946],[-75.08134,41.20856],[-75.07645,41.20804],[-75.07971,41.20953],[-75.08426,41.20946]],[[-75.07507,41.20655],[-75.07799,41.20688],[-75.07688,41.20623],[-75.07507,41.20655]],[[-75.06846,41.20558],[-75.06074,41.20145],[-75.05791,41.20067],[-75.0652,41.20487],[-75.06846,41.20558]],[[-75.01928,41.18017],[-75.0234,41.18302],[-75.02666,41.18011],[-75.02031,41.17416],[-75.01928,41.18017]],[[-75.01182,41.15754],[-75.00667,41.15844],[-75.00941,41.16135],[-75.01456,41.16213],[-75.01182,41.15754]],[[-74.97208,41.1393],[-74.97156,41.1382],[-74.9701,41.13788],[-74.97036,41.13853],[-74.97208,41.1393]],[[-74.94186,41.09507],[-74.94427,41.09513],[-74.94006,41.09378],[-74.94186,41.09507]],[[-74.89689,41.05284],[-74.892,41.0522],[-74.89852,41.05588],[-74.89689,41.05284]]]}},{"type":"Feature","properties":{"water":"ocean"},"geometry":{"type":"Polygon","coordinates":[[[-75.02761,41.22634],[-75.01697,41.21871],[-75.01825,41.2222],[-75.01637,41.22188],[-75.00564,41.20998],[-75.01817,41.21438],[-75.02409,41.21929],[-75.02572,41.21929],[-75.02555,41.21716],[-75.02855,41.21761],[-75.03199,41.22524],[-75.02761,41.22634]]]}},{"type":"Feature","properties":{"water":"ocean"},"geometry":{"type":"Polygon","coordinates":[[[-74.98514,41.24555],[-74.98014,41.246],[-74.96615,41.24199],[-74.96375,41.24413],[-74.96607,41.24186],[-74.98014,41.24555],[-74.99345,41.24387],[-75.00006,41.24561],[-75.00289,41.24503],[-75.00246,41.24065],[-75.00401,41.24065],[-75.00401,41.24548],[-75.00031,41.24638],[-74.98791,41.24509],[-74.98967,41.24717],[-74.98683,41.2454],[-74.98392,41.24864],[-74.98323,41.25727],[-74.98639,41.2654],[-74.99499,41.26725],[-74.99671,41.26925],[-74.99911,41.2771],[-75.00177,41.27543],[-75.00504,41.26963],[-75.00787,41.26957],[-75.01705,41.27137],[-75.02357,41.26661],[-75.02546,41.26635],[-75.03559,41.27749],[-75.04048,41.28032],[-75.04726,41.28786],[-75.04735,41.29353],[-75.05061,41.29559],[-75.06108,41.29095],[-75.06434,41.28161],[-75.0658,41.28045],[-75.06881,41.28013],[-75.07078,41.28065],[-75.07705,41.28664],[-75.08563,41.2867],[-75.09104,41.28477],[-75.08512,41.28709],[-75.07679,41.28689],[-75.06864,41.28045],[-75.06623,41.28065],[-75.06203,41.2905],[-75.05113,41.29591],[-75.04701,41.29378],[-75.04701,41.28812],[-75.03482,41.27717],[-75.02572,41.26673],[-75.01688,41.27176],[-75.00486,41.27002],[-75.00332,41.27427],[-74.99937,41.27755],[-74.99774,41.2762],[-74.99611,41.26944],[-74.99405,41.26725],[-74.98658,41.26712],[-74.98238,41.27395],[-74.95894,41.27768],[-74.94289,41.27015],[-74.93345,41.27144],[-74.92444,41.27685],[-74.91277,41.27813],[-74.90976,41.28116],[-74.90745,41.29288],[-74.89088,41.29823],[-74.89011,41.30216],[-74.89509,41.30654],[-74.89723,41.31285],[-74.89509,41.31478],[-74.88891,41.31626],[-74.85852,41.30982],[-74.8526,41.31175],[-74.83818,41.3218],[-74.83123,41.32348],[-74.82565,41.32296],[-74.82333,41.31807],[-74.81792,41.31388],[-74.8072,41.31156],[-74.80239,41.31485],[-74.80067,41.32206],[-74.79535,41.33043],[-74.78943,41.33249],[-74.77544,41.32856],[-74.75741,41.33062],[-74.74445,41.32341],[-74.73784,41.3236],[-74.73536,41.33069],[-74.74248,41.3457],[-74.73913,41.35239],[-74.73673,41.35542],[-74.72935,41.35864],[-74.71948,41.35974],[-74.71613,41.3616],[-74.71304,41.3654],[-74.71038,41.37313],[-74.69467,41.38434],[-74.69029,41.38949],[-74.69038,41.39168],[-74.70077,41.39844],[-74.72377,41.40624],[-74.74677,41.40637],[-74.7557,41.40759],[-74.76128,41.41371],[-74.76419,41.4215],[-74.77037,41.42672],[-74.77484,41.42833],[-74.79115,41.42949],[-74.79638,41.43264],[-74.79681,41.43593],[-74.79298,41.44078],[-74.7937,41.4425],[-74.80771,41.44958],[-74.81449,41.45589],[-74.82273,41.45931],[-74.83114,41.46607],[-74.83878,41.47502],[-74.84685,41.49016],[-74.84556,41.49563],[-74.84857,41.50098],[-74.85655,41.50252],[-74.86307,41.5127],[-74.86084,41.5127],[-74.85698,41.5051],[-74.84779,41.50227],[-74.84445,41.49692],[-74.83878,41.49318],[-74.83784,41.49048],[-74.83973,41.48224],[-74.83732,41.47618],[-74.83449,41.47515],[-74.82934,41.47708],[-74.82316,41.47386],[-74.8102,41.45828],[-74.80943,41.45364],[-74.79192,41.44346],[-74.79089,41.4414],[-74.78917,41.44166],[-74.79535,41.43535],[-74.79303,41.43187],[-74.76634,41.42852],[-74.7605,41.41609],[-74.75656,41.41216],[-74.74214,41.40778],[-74.72025,41.40695],[-74.70815,41.40211],[-74.70368,41.40224],[-74.69853,41.40108],[-74.6945,41.3958],[-74.68772,41.39091],[-74.6927,41.38279],[-74.7072,41.37449],[-74.71184,41.36444],[-74.71664,41.35948],[-74.73536,41.35523],[-74.74059,41.34821],[-74.74128,41.34557],[-74.73845,41.34312],[-74.73424,41.33114],[-74.73484,41.32618],[-74.73836,41.32251],[-74.74591,41.32283],[-74.75819,41.32953],[-74.77338,41.32682],[-74.78934,41.33159],[-74.79492,41.32914],[-74.80093,41.31433],[-74.80908,41.30956],[-74.81715,41.31163],[-74.82608,41.32038],[-74.83063,41.32251],[-74.83646,41.32167],[-74.84719,41.31343],[-74.85912,41.3084],[-74.8641,41.30834],[-74.87904,41.31311],[-74.89354,41.31433],[-74.89577,41.31137],[-74.89474,41.30744],[-74.88848,41.30287],[-74.88959,41.29784],[-74.89526,41.29449],[-74.90599,41.29243],[-74.90873,41.28084],[-74.91328,41.27659],[-74.92461,41.27562],[-74.93311,41.27021],[-74.94358,41.26938],[-74.95577,41.27575],[-74.96633,41.27575],[-74.98066,41.2733],[-74.98375,41.27099],[-74.98461,41.26442],[-74.9816,41.25443],[-74.98514,41.24555]],[[-74.74583,41.40753],[-74.75132,41.41042],[-74.75621,41.40907],[-74.75381,41.40733],[-74.74583,41.40753]],[[-75.0707,41.28084],[-75.06907,41.28032],[-75.07233,41.28245],[-75.0707,41.28084]],[[-74.7678,41.42833],[-74.76849,41.42743],[-74.77123,41.42878],[-74.76728,41.4264],[-74.7678,41.42833]],[[-74.75853,41.41197],[-74.75578,41.40978],[-74.75192,41.41055],[-74.75553,41.41087],[-74.75853,41.41197]],[[-74.70471,41.40179],[-74.70935,41.4016],[-74.70574,41.40025],[-74.70042,41.4005],[-74.70471,41.40179]],[[-74.69999,41.3998],[-74.69742,41.39844],[-74.70016,41.40108],[-74.69999,41.3998]],[[-74.74128,41.34473],[-74.7393,41.34093],[-74.7387,41.34273],[-74.74128,41.34473]],[[-74.77389,41.32786],[-74.77218,41.32734],[-74.76943,41.32811],[-74.77252,41.3285],[-74.77389,41.32786]],[[-74.84076,41.48301],[-74.83895,41.49125],[-74.84007,41.49383],[-74.8441,41.49608],[-74.84591,41.49119],[-74.84076,41.48301]],[[-74.81174,41.45622],[-74.81132,41.45841],[-74.82582,41.47502],[-74.82994,41.47637],[-74.83432,41.47373],[-74.82977,41.46658],[-74.82256,41.4606],[-74.81174,41.45622]]]}},{"type":"Feature","properties":{"water":"ocean"},"geometry":{"type":"Polygon","coordinates":[[[-74.9925,41.37674],[-74.99671,41.37796],[-75.001,41.38176],[-75.00701,41.38299],[-75.00924,41.38176],[-75.00976,41.38898],[-75.00529,41.39445],[-75.00229,41.39471],[-75.00375,41.39445],[-75.00229,41.394],[-75.00203,41.38447],[-74.99654,41.38621],[-74.98753,41.38221],[-74.98349,41.38196],[-74.98246,41.37951],[-74.98049,41.38022],[-74.97328,41.37751],[-74.97148,41.37951],[-74.97345,41.37481],[-74.96873,41.37268],[-74.96778,41.36534],[-74.97079,41.36244],[-74.97371,41.36431],[-74.97602,41.37345],[-74.97877,41.37397],[-74.98323,41.37197],[-74.98787,41.3761],[-74.99147,41.37474],[-74.9925,41.37674]],[[-75.00521,41.38717],[-75.00701,41.38666],[-75.00538,41.38646],[-75.00521,41.38717]],[[-74.99096,41.38086],[-74.9907,41.37977],[-74.98847,41.37906],[-74.98924,41.3808],[-74.99096,41.38086]]]}},{"type":"Feature","properties":{"water":"ocean"},"geometry":{"type":"Polygon","coordinates":[[[-75.08537,41.45989],[-75.08975,41.45821],[-75.08769,41.45757],[-75.08812,41.45312],[-75.08623,41.453],[-75.08812,41.45242],[-75.08632,41.44385],[-75.09018,41.44752],[-75.09198,41.44726],[-75.09318,41.44482],[-75.09275,41.45274],[-75.09078,41.45731],[-75.09172,41.45853],[-75.08821,41.46182],[-75.09318,41.46968],[-75.09018,41.46923],[-75.08692,41.47251],[-75.07954,41.46942],[-75.07791,41.4644],[-75.07035,41.4651],[-75.07224,41.46163],[-75.07113,41.45989],[-75.0737,41.4633],[-75.07971,41.46375],[-75.08417,41.46233],[-75.08503,41.45357],[-75.08537,41.45989]],[[-75.08692,41.46291],[-75.08512,41.46485],[-75.08666,41.46794],[-75.08846,41.46704],[-75.08692,41.46291]]]}},{"type":"Feature","properties":{"water":"ocean"},"geometry":{"type":"Polygon","coordinates":[[[-75.05018,41.50169],[-75.04984,41.49827],[-75.05902,41.49692],[-75.06898,41.5031],[-75.06563,41.50671],[-75.05919,41.50265],[-75.05576,41.50252],[-75.0555,41.50516],[-75.05344,41.50529],[-75.05018,41.50169]]]}},{"type":"Feature","properties":{"water":"ocean"},"geometry":{"type":"Polygon","coordinates":[[[-74.92822,40.50223],[-74.9283,40.50464],[-74.9259,40.50679],[-74.92676,40.50914],[-74.93242,40.50666],[-74.93328,40.50281],[-74.9356,40.50373],[-74.94161,40.50073],[-74.94461,40.50236],[-74.94753,40.5017],[-74.94907,40.50281],[-74.94581,40.50614],[-74.94933,40.50764],[-74.94873,40.50927],[-74.95156,40.51044],[-74.95474,40.5092],[-74.95611,40.5124],[-74.96161,40.51305],[-74.9592,40.51513],[-74.96178,40.51403],[-74.961,40.51507],[-74.96212,40.51526],[-74.95517,40.5165],[-74.94933,40.51337],[-74.94504,40.51898],[-74.94504,40.51513],[-74.94238,40.50998],[-74.93998,40.50946],[-74.93706,40.51468],[-74.93345,40.51579],[-74.93053,40.51885],[-74.93405,40.5182],[-74.93474,40.52035],[-74.93045,40.52296],[-74.9283,40.52009],[-74.92521,40.52263],[-74.92315,40.5167],[-74.92787,40.51403],[-74.9277,40.51279],[-74.92212,40.51585],[-74.91689,40.51605],[-74.91251,40.51181],[-74.91466,40.50653],[-74.92023,40.50536],[-74.91972,40.5019],[-74.9174,40.49988],[-74.91757,40.49695],[-74.91989,40.49519],[-74.91654,40.48991],[-74.91697,40.48717],[-74.92478,40.49317],[-74.9235,40.50099],[-74.92702,40.49903],[-74.92624,40.49831],[-74.92847,40.49838],[-74.92779,40.4976],[-74.93259,40.49799],[-74.92822,40.50223]]]}},{"type":"Feature","properties":{"water":"ocean"},"geometry":{"type":"Polygon","coordinates":[[[-74.84367,41.15172],[-74.84762,41.15579],[-74.85303,41.15773],[-74.85166,41.16038],[-74.85312,41.16096],[-74.85346,41.1653],[-74.85191,41.16142],[-74.84496,41.15818],[-74.84136,41.15909],[-74.83852,41.15508],[-74.83732,41.15476],[-74.83706,41.15741],[-74.83097,41.15721],[-74.82453,41.15204],[-74.82728,41.1501],[-74.82067,41.14564],[-74.82488,41.1435],[-74.82754,41.14325],[-74.82539,41.14428],[-74.82728,41.14564],[-74.82848,41.14396],[-74.83303,41.14409],[-74.83518,41.1457],[-74.83526,41.14855],[-74.83689,41.14771],[-74.83595,41.14835],[-74.83835,41.15004],[-74.84367,41.15172]],[[-74.83157,41.15502],[-74.8326,41.15514],[-74.83183,41.1545],[-74.83157,41.15502]]]}},{"type":"Feature","properties":{"water":"ocean"},"geometry":{"type":"Polygon","coordinates":[[[-74.90667,41.36412],[-74.91294,41.36991],[-74.9083,41.37513],[-74.90341,41.37648],[-74.89878,41.36972],[-74.89895,41.36412],[-74.90667,41.36412]]]}},{"type":"Feature","properties":{"water":"ocean"},"geometry":{"type":"Polygon","coordinates":[[[-74.78376,39.92071],[-74.78823,39.92045],[-74.78737,39.91986],[-74.78951,39.91887],[-74.79235,39.92445],[-74.79063,39.92577],[-74.79363,39.92616],[-74.79432,39.92925],[-74.80205,39.93589],[-74.80213,39.93812],[-74.80556,39.93884],[-74.80814,39.94233],[-74.80659,39.94443],[-74.79123,39.93884],[-74.78943,39.9395],[-74.77758,39.93536],[-74.77578,39.93635],[-74.77175,39.93346],[-74.77321,39.93024],[-74.77638,39.93464],[-74.77947,39.93556],[-74.78085,39.93011],[-74.77964,39.92623],[-74.78119,39.93004],[-74.78145,39.93352],[-74.78428,39.93313],[-74.78548,39.93096],[-74.78265,39.93103],[-74.7805,39.92196],[-74.77346,39.91059],[-74.77715,39.90665],[-74.78514,39.90744],[-74.78634,39.9125],[-74.78299,39.91144],[-74.78651,39.9146],[-74.78265,39.91486],[-74.78316,39.91644],[-74.77982,39.91742],[-74.78376,39.92071]],[[-74.79003,39.92478],[-74.78874,39.92288],[-74.78642,39.92196],[-74.786,39.92597],[-74.78711,39.92452],[-74.79003,39.92478]]]}},{"type":"Feature","properties":{"water":"ocean"},"geometry":{"type":"Polygon","coordinates":[[[-74.80548,39.94916],[-74.80488,39.9508],[-74.79904,39.94844],[-74.79312,39.95001],[-74.79106,39.94916],[-74.78891,39.94653],[-74.7872,39.94706],[-74.78153,39.93871],[-74.79552,39.94128],[-74.80694,39.94528],[-74.80582,39.94699],[-74.79981,39.94535],[-74.80548,39.94916]]]}},{"type":"Feature","properties":{"water":"ocean"},"geometry":{"type":"Polygon","coordinates":[[[-74.79243,39.95948],[-74.79303,39.95895],[-74.7878,39.95711],[-74.78711,39.9535],[-74.78179,39.95166],[-74.78591,39.95337],[-74.78711,39.95691],[-74.78239,39.95501],[-74.77612,39.95705],[-74.7787,39.95803],[-74.7775,39.95875],[-74.77201,39.95573],[-74.77192,39.95205],[-74.77458,39.95205],[-74.77183,39.95153],[-74.77209,39.95047],[-74.77467,39.95054],[-74.7763,39.94936],[-74.77544,39.9485],[-74.77776,39.94785],[-74.77407,39.94542],[-74.77784,39.94594],[-74.77733,39.94285],[-74.78282,39.94877],[-74.78488,39.94844],[-74.77982,39.94095],[-74.7793,39.9374],[-74.78093,39.93753],[-74.78196,39.94121],[-74.78848,39.95153],[-74.792,39.95415],[-74.80076,39.95567],[-74.7926,39.95455],[-74.79595,39.95757],[-74.79243,39.95948]]]}},{"type":"Feature","properties":{"water":"ocean"},"geometry":{"type":"Polygon","coordinates":[[[-74.77913,40.43621],[-74.77921,40.43772],[-74.78282,40.43896],[-74.78153,40.4423],[-74.77304,40.44407],[-74.77132,40.44053],[-74.76977,40.4404],[-74.76771,40.44165],[-74.76514,40.43975],[-74.76926,40.43484],[-74.77767,40.43202],[-74.7781,40.43504],[-74.77501,40.4336],[-74.77243,40.43425],[-74.7714,40.43909],[-74.77458,40.4349],[-74.77715,40.43759],[-74.77913,40.43621]]]}},{"type":"Feature","properties":{"water":"ocean"},"geometry":{"type":"Polygon","coordinates":[[[-74.84556,40.53247],[-74.84299,40.53808],[-74.8453,40.53925],[-74.84359,40.54069],[-74.84479,40.54232],[-74.85071,40.54206],[-74.85586,40.54616],[-74.84771,40.54655],[-74.84685,40.54929],[-74.84076,40.55001],[-74.81492,40.56063],[-74.80522,40.55855],[-74.80102,40.55405],[-74.80462,40.54505],[-74.81269,40.53736],[-74.82728,40.53397],[-74.83011,40.5298],[-74.83646,40.53039],[-74.83852,40.52837],[-74.84264,40.53032],[-74.84805,40.52837],[-74.84934,40.52993],[-74.852,40.52974],[-74.84977,40.53665],[-74.84874,40.53169],[-74.84556,40.53247]]]}},{"type":"Feature","properties":{"water":"ocean"},"geometry":{"type":"Polygon","coordinates":[[[-74.7375,40.81979],[-74.74033,40.8155],[-74.74342,40.81453],[-74.74926,40.81726],[-74.75166,40.81933],[-74.75295,40.8255],[-74.75201,40.83031],[-74.75458,40.83108],[-74.75072,40.83121],[-74.73999,40.82544],[-74.7375,40.81979]]]}},{"type":"Feature","properties":{"water":"ocean"},"geometry":{"type":"Polygon","coordinates":[[[-74.78943,41.05588],[-74.78926,41.05963],[-74.78514,41.05601],[-74.7811,41.05653],[-74.78102,41.06668],[-74.76548,41.05407],[-74.76042,41.05284],[-74.75999,41.05077],[-74.76188,41.05097],[-74.75836,41.04993],[-74.76076,41.0489],[-74.76711,41.05252],[-74.769,41.04864],[-74.77166,41.04722],[-74.77887,41.04941],[-74.78059,41.052],[-74.78497,41.05304],[-74.78539,41.05123],[-74.78771,41.05103],[-74.79149,41.05614],[-74.78943,41.05588]]]}},{"type":"Feature","properties":{"water":"ocean"},"geometry":{"type":"Polygon","coordinates":[[[-74.80522,41.07379],[-74.80222,41.07205],[-74.80179,41.06687],[-74.80677,41.06532],[-74.81338,41.07121],[-74.81784,41.0725],[-74.81741,41.07425],[-74.82127,41.08078],[-74.81947,41.08492],[-74.81492,41.07832],[-74.80677,41.07153],[-74.80548,41.07134],[-74.80522,41.07379]]]}},{"type":"Feature","properties":{"water":"ocean"},"geometry":{"type":"Polygon","coordinates":[[[-74.76119,41.26223],[-74.76437,41.2688],[-74.76213,41.27234],[-74.75621,41.27536],[-74.75415,41.27253],[-74.75939,41.26712],[-74.75183,41.25933],[-74.75733,41.24967],[-74.75501,41.24696],[-74.75913,41.24413],[-74.75853,41.24065],[-74.76308,41.24065],[-74.76299,41.24194],[-74.75827,41.24947],[-74.75518,41.25875],[-74.7581,41.2619],[-74.76119,41.26223]]]}},{"type":"Feature","properties":{"water":"ocean"},"geometry":{"type":"Polygon","coordinates":[[[-74.63193,40.28143],[-74.64678,40.28313],[-74.65279,40.29013],[-74.6515,40.29144],[-74.64884,40.28791],[-74.6491,40.28699],[-74.6448,40.28405],[-74.63064,40.28287],[-74.62798,40.28117],[-74.62361,40.26136],[-74.62772,40.2811],[-74.63004,40.28274],[-74.63287,40.28339],[-74.64472,40.28464],[-74.64824,40.28739],[-74.65236,40.29386],[-74.64472,40.2849],[-74.63234,40.28353],[-74.63425,40.28411],[-74.63279,40.28444],[-74.6315,40.28817],[-74.6297,40.28719],[-74.62678,40.29046],[-74.62704,40.28922],[-74.62343,40.29151],[-74.63013,40.28627],[-74.62996,40.28289],[-74.62755,40.28143],[-74.62326,40.26114],[-74.61802,40.25407],[-74.61811,40.25113],[-74.6206,40.25575],[-74.6224,40.25486],[-74.62687,40.25996],[-74.62592,40.26068],[-74.62721,40.26029],[-74.62566,40.26147],[-74.62721,40.26382],[-74.62687,40.26932],[-74.62953,40.27966],[-74.63193,40.28143]],[[-74.64944,40.28725],[-74.64944,40.2885],[-74.65193,40.29013],[-74.64944,40.28725]]]}},{"type":"Feature","properties":{"water":"ocean"},"geometry":{"type":"Polygon","coordinates":[[[-74.63227,40.35971],[-74.65261,40.35467],[-74.65236,40.35198],[-74.65562,40.35264],[-74.65742,40.35512],[-74.65648,40.35597],[-74.66163,40.35584],[-74.66266,40.3599],[-74.65862,40.362],[-74.65158,40.35827],[-74.64643,40.35918],[-74.64566,40.3616],[-74.64283,40.35931],[-74.64154,40.36056],[-74.63545,40.36023],[-74.62584,40.36429],[-74.63227,40.35971]]]}},{"type":"Feature","properties":{"water":"ocean"},"geometry":{"type":"Polygon","coordinates":[[[-74.60882,40.71394],[-74.61133,40.71162],[-74.61116,40.7098],[-74.61588,40.7098],[-74.61691,40.7111],[-74.61596,40.71454],[-74.61948,40.72116],[-74.61579,40.72649],[-74.62206,40.73103],[-74.62163,40.73259],[-74.62747,40.73571],[-74.63038,40.73408],[-74.6297,40.72889],[-74.63502,40.72701],[-74.6315,40.72532],[-74.63038,40.7198],[-74.63674,40.7246],[-74.64077,40.72305],[-74.63923,40.72454],[-74.64197,40.72577],[-74.64051,40.7274],[-74.64206,40.72902],[-74.64515,40.72817],[-74.64592,40.73207],[-74.64892,40.73155],[-74.64807,40.72947],[-74.64995,40.72675],[-74.65811,40.7324],[-74.66068,40.73804],[-74.65407,40.73389],[-74.65064,40.73343],[-74.64755,40.73811],[-74.64292,40.74116],[-74.63948,40.7396],[-74.63811,40.74363],[-74.64257,40.74713],[-74.6394,40.74947],[-74.63983,40.75109],[-74.64386,40.75252],[-74.65107,40.75193],[-74.65356,40.74629],[-74.65502,40.74882],[-74.65391,40.75148],[-74.65553,40.75369],[-74.64515,40.75642],[-74.64755,40.75928],[-74.65047,40.75921],[-74.65579,40.76298],[-74.65785,40.76687],[-74.66034,40.76759],[-74.65425,40.77103],[-74.66523,40.77642],[-74.66154,40.77804],[-74.66068,40.78297],[-74.66017,40.78122],[-74.65879,40.78258],[-74.66206,40.78706],[-74.66446,40.78791],[-74.66394,40.78934],[-74.65725,40.7844],[-74.65751,40.77947],[-74.65313,40.77466],[-74.65124,40.7731],[-74.64832,40.77486],[-74.64626,40.7733],[-74.64592,40.77083],[-74.64755,40.76895],[-74.65219,40.76694],[-74.6509,40.76453],[-74.64463,40.76953],[-74.64128,40.76596],[-74.63768,40.76492],[-74.63665,40.76064],[-74.63038,40.76096],[-74.63399,40.75681],[-74.63614,40.7572],[-74.63571,40.75622],[-74.63305,40.75421],[-74.62043,40.75077],[-74.62875,40.74889],[-74.63081,40.74694],[-74.62541,40.74395],[-74.62618,40.74077],[-74.62034,40.73571],[-74.623,40.73525],[-74.62154,40.73415],[-74.61948,40.73577],[-74.62129,40.73265],[-74.61751,40.73233],[-74.61777,40.73408],[-74.6133,40.73175],[-74.60996,40.73207],[-74.61699,40.73077],[-74.6121,40.72876],[-74.6109,40.73038],[-74.61142,40.72876],[-74.60798,40.72363],[-74.6091,40.72415],[-74.61013,40.71767],[-74.59562,40.70965],[-74.57502,40.69499],[-74.57168,40.69029],[-74.5752,40.69479],[-74.59571,40.70959],[-74.61002,40.71737],[-74.60873,40.71423],[-74.60103,40.71174],[-74.58833,40.70014],[-74.58318,40.69753],[-74.5806,40.69544],[-74.57631,40.69349],[-74.57253,40.69003],[-74.57193,40.68892],[-74.57236,40.68769],[-74.57614,40.68625],[-74.57228,40.68905],[-74.57605,40.69303],[-74.58043,40.69525],[-74.58266,40.69707],[-74.58824,40.69981],[-74.60129,40.71167],[-74.60882,40.71394]],[[-74.62927,40.73882],[-74.63279,40.74071],[-74.63459,40.73941],[-74.63262,40.73603],[-74.62927,40.73882]],[[-74.63768,40.73311],[-74.63845,40.73038],[-74.63287,40.72902],[-74.63717,40.73441],[-74.63965,40.73441],[-74.63768,40.73311]],[[-74.65201,40.72993],[-74.6521,40.7296],[-74.65133,40.72908],[-74.65201,40.72993]],[[-74.64463,40.72915],[-74.64446,40.7285],[-74.64386,40.72908],[-74.64463,40.72915]],[[-74.61356,40.72344],[-74.61339,40.72337],[-74.61339,40.72376],[-74.61356,40.72344]],[[-74.61785,40.72012],[-74.61708,40.71811],[-74.61468,40.71824],[-74.61305,40.72084],[-74.61373,40.72298],[-74.61785,40.72012]]]}},{"type":"Feature","properties":{"water":"ocean"},"geometry":{"type":"Polygon","coordinates":[[[-74.70317,40.79284],[-74.69879,40.79115],[-74.69639,40.78882],[-74.69347,40.78986],[-74.69261,40.79219],[-74.68918,40.79148],[-74.686,40.78557],[-74.68308,40.78388],[-74.6836,40.78187],[-74.68789,40.78103],[-74.68969,40.78369],[-74.69536,40.78174],[-74.70154,40.78486],[-74.70471,40.792],[-74.70317,40.79284]]]}},{"type":"Feature","properties":{"water":"ocean"},"geometry":{"type":"Polygon","coordinates":[[[-74.65725,41.20507],[-74.67313,41.21341],[-74.67416,41.21134],[-74.67716,41.21128],[-74.67725,41.21464],[-74.68429,41.21716],[-74.68463,41.22098],[-74.67021,41.21781],[-74.66806,41.21503],[-74.65914,41.21237],[-74.65184,41.20565],[-74.64798,41.20423],[-74.64103,41.1933],[-74.6454,41.19129],[-74.64961,41.19246],[-74.65013,41.19116],[-74.64798,41.1911],[-74.65107,41.18974],[-74.65948,41.19918],[-74.65888,41.20048],[-74.6636,41.20358],[-74.65854,41.20339],[-74.65725,41.20507]],[[-74.65562,41.20093],[-74.65673,41.20002],[-74.6539,41.1964],[-74.6515,41.19673],[-74.65562,41.20093]]]}},{"type":"Feature","properties":{"water":"ocean"},"geometry":{"type":"Polygon","coordinates":[[[-74.49666,40.41187],[-74.50078,40.40833],[-74.50069,40.4067],[-74.51117,40.40657],[-74.50936,40.40513],[-74.5134,40.40696],[-74.51966,40.40342],[-74.51846,40.40238],[-74.52327,40.4029],[-74.52413,40.40774],[-74.52009,40.41121],[-74.50447,40.40873],[-74.49666,40.41187]]]}},{"type":"Feature","properties":{"water":"ocean"},"geometry":{"type":"Polygon","coordinates":[[[-74.51316,40.62061],[-74.49632,40.63136],[-74.48293,40.64962],[-74.47889,40.65085],[-74.46791,40.65274],[-74.46926,40.65221],[-74.45057,40.6549],[-74.44096,40.66102],[-74.43538,40.67126],[-74.43091,40.67387],[-74.42147,40.67413],[-74.41383,40.66911],[-74.41109,40.66911],[-74.40456,40.6708],[-74.40413,40.67217],[-74.3983,40.67204],[-74.39246,40.67693],[-74.39461,40.67954],[-74.39255,40.67862],[-74.39238,40.67641],[-74.38534,40.67406],[-74.38319,40.68097],[-74.37701,40.68364],[-74.37564,40.68612],[-74.37693,40.68762],[-74.37495,40.68625],[-74.37555,40.68319],[-74.37349,40.68097],[-74.36937,40.67954],[-74.36637,40.68201],[-74.36869,40.68566],[-74.36843,40.6884],[-74.36517,40.69016],[-74.36148,40.69016],[-74.3565,40.68697],[-74.3553,40.68032],[-74.35375,40.67915],[-74.35229,40.6828],[-74.35255,40.67999],[-74.34757,40.68293],[-74.34929,40.68058],[-74.34594,40.68032],[-74.34405,40.68403],[-74.34508,40.68051],[-74.33444,40.6798],[-74.32036,40.67321],[-74.31281,40.66024],[-74.3062,40.6562],[-74.30122,40.65483],[-74.29307,40.65548],[-74.29152,40.65666],[-74.29401,40.66102],[-74.29281,40.66337],[-74.28843,40.66728],[-74.28251,40.66761],[-74.27685,40.67008],[-74.27616,40.67197],[-74.27204,40.67158],[-74.2753,40.67256],[-74.27547,40.67465],[-74.27384,40.67699],[-74.2705,40.67602],[-74.26517,40.69212],[-74.26191,40.69622],[-74.25874,40.69701],[-74.25711,40.69531],[-74.2602,40.69896],[-74.265,40.7004],[-74.26732,40.70424],[-74.27118,40.70561],[-74.26947,40.7062],[-74.26672,40.7045],[-74.26517,40.7015],[-74.25977,40.69988],[-74.25651,40.69564],[-74.25754,40.6972],[-74.25015,40.69883],[-74.24492,40.70261],[-74.23608,40.70353],[-74.2299,40.70815],[-74.22466,40.70744],[-74.20999,40.71363],[-74.20793,40.71813],[-74.19162,40.71813],[-74.18827,40.7135],[-74.18612,40.71317],[-74.18561,40.70783],[-74.17883,40.70261],[-74.16458,40.71291],[-74.16209,40.71233],[-74.15857,40.71422],[-74.1554,40.71317],[-74.15617,40.7092],[-74.15411,40.71259],[-74.14776,40.712],[-74.14742,40.7107],[-74.13969,40.70437],[-74.13523,40.70366],[-74.11643,40.71389],[-74.10459,40.71813],[-74.10321,40.71708],[-74.10175,40.71813],[-73.99608,40.71813],[-74.00434,40.71967],[-74.00811,40.72233],[-74.01146,40.72149],[-74.01438,40.72584],[-74.01609,40.7246],[-74.01755,40.72766],[-74.02099,40.72811],[-74.02348,40.73253],[-74.02811,40.73265],[-74.02957,40.73765],[-74.02674,40.73551],[-74.01961,40.7361],[-74.01103,40.72986],[-74.01137,40.72811],[-74.00391,40.72519],[-74.00348,40.72376],[-73.99867,40.7248],[-73.99807,40.72305],[-73.99541,40.72266],[-73.99404,40.72402],[-73.99249,40.72441],[-73.99472,40.72188],[-73.99361,40.71973],[-73.98906,40.71818],[-73.98854,40.7196],[-73.98631,40.71947],[-73.98265,40.71656],[-73.98262,40.71813],[-73.90806,40.71813],[-73.90992,40.72681],[-73.91387,40.73265],[-73.9143,40.73694],[-73.91782,40.74311],[-73.91885,40.75038],[-73.92288,40.75707],[-73.92769,40.77856],[-73.93627,40.79784],[-73.94468,40.81206],[-73.94631,40.81829],[-73.95473,40.83193],[-73.9537,40.83277],[-73.95464,40.83459],[-73.95756,40.83433],[-73.95962,40.84258],[-73.9676,40.85193],[-73.96666,40.85355],[-73.9688,40.8542],[-73.96794,40.85537],[-73.9694,40.8553],[-73.96966,40.85706],[-73.96777,40.85783],[-73.97002,40.8649],[-73.97181,40.86595],[-73.9712,40.86725],[-73.98391,40.88452],[-73.98202,40.88523],[-73.98279,40.8864],[-73.98665,40.88699],[-73.98423,40.88831],[-73.98777,40.88829],[-73.98906,40.88971],[-73.98768,40.89049],[-73.99043,40.89036],[-73.99455,40.89543],[-73.99201,40.89677],[-73.99292,40.89815],[-73.99489,40.89777],[-73.99352,40.89893],[-73.99456,40.90068],[-73.9967,40.90127],[-73.99627,40.9027],[-73.99807,40.90244],[-73.99721,40.90387],[-74.00322,40.91166],[-74.00648,40.91328],[-74.00562,40.91413],[-74.01163,40.91796],[-74.00974,40.91997],[-74.01429,40.92276],[-74.01721,40.9299],[-74.02081,40.9301],[-74.01944,40.93075],[-74.02039,40.93198],[-74.01781,40.93315],[-74.02056,40.93224],[-74.01858,40.93373],[-74.02107,40.93296],[-74.02227,40.93445],[-74.02008,40.93559],[-74.02262,40.93484],[-74.0233,40.93627],[-74.02717,40.93666],[-74.02725,40.93841],[-74.02039,40.94062],[-74.02339,40.94127],[-74.02073,40.94237],[-74.02365,40.94295],[-74.02099,40.94354],[-74.02365,40.94315],[-74.02176,40.94367],[-74.02356,40.9438],[-74.02253,40.94854],[-74.02631,40.95289],[-74.02734,40.95633],[-74.02493,40.95678],[-74.0276,40.95724],[-74.02614,40.95808],[-74.02768,40.95951],[-74.02665,40.96003],[-74.03738,40.95958],[-74.0306,40.96042],[-74.03103,40.96263],[-74.02699,40.96425],[-74.03129,40.96315],[-74.02974,40.96412],[-74.0312,40.96438],[-74.02734,40.96483],[-74.03103,40.9649],[-74.02657,40.96529],[-74.03103,40.96529],[-74.02725,40.9662],[-74.03026,40.96613],[-74.03034,40.96776],[-74.03446,40.96763],[-74.03206,40.9686],[-74.03463,40.96867],[-74.0294,40.96931],[-74.03386,40.96977],[-74.03429,40.97172],[-74.03146,40.97198],[-74.03214,40.97418],[-74.02931,40.97451],[-74.03249,40.97457],[-74.03275,40.97646],[-74.02991,40.97678],[-74.03266,40.97763],[-74.03197,40.98055],[-74.033,40.98009],[-74.03395,40.98405],[-74.01815,40.98405],[-74.01635,40.98042],[-74.01755,40.98022],[-74.0167,40.97522],[-74.01326,40.97555],[-74.01292,40.97412],[-74.01627,40.97315],[-74.013,40.97354],[-74.01558,40.9723],[-74.01258,40.97237],[-74.01137,40.96568],[-74.01438,40.96529],[-74.01403,40.96321],[-74.0112,40.96341],[-74.01094,40.96087],[-74.01403,40.96055],[-74.01069,40.96048],[-74.01197,40.95984],[-74.01086,40.95964],[-74.01034,40.95471],[-74.01266,40.95315],[-74.00949,40.95321],[-74.00906,40.95101],[-74.01215,40.95036],[-74.00888,40.94997],[-74.01161,40.94833],[-74.00931,40.94756],[-74.01163,40.9473],[-74.00923,40.94711],[-74.01146,40.94627],[-74.00906,40.94614],[-74.01129,40.94529],[-74.00914,40.94354],[-74.0106,40.94256],[-74.00897,40.94328],[-74.00485,40.93614],[-74.007,40.93471],[-74.00391,40.93451],[-74.00236,40.93237],[-74.00339,40.93182],[-74.0015,40.93127],[-74.00365,40.93016],[-74.00099,40.93049],[-74.00313,40.92919],[-73.99961,40.93036],[-74.00198,40.92813],[-73.99884,40.92938],[-74.00128,40.92664],[-73.99738,40.92711],[-74.00047,40.92542],[-73.99713,40.92679],[-73.99644,40.92581],[-73.99979,40.92445],[-73.99704,40.92523],[-73.99893,40.92354],[-73.99635,40.92419],[-73.99489,40.92244],[-73.99713,40.9214],[-73.99421,40.92146],[-73.99618,40.92004],[-73.99395,40.92075],[-73.99043,40.9164],[-73.98889,40.91426],[-73.99155,40.91439],[-73.98889,40.91406],[-73.95816,40.8716],[-73.95962,40.87037],[-73.9573,40.86686],[-73.95395,40.86537],[-73.94614,40.85011],[-73.94682,40.84338],[-73.94228,40.84063],[-73.93241,40.82647],[-73.92923,40.81849],[-73.92649,40.81635],[-73.92254,40.81714],[-73.92151,40.82083],[-73.91996,40.82057],[-73.92091,40.81849],[-73.91876,40.82076],[-73.91636,40.8194],[-73.91293,40.82005],[-73.91044,40.82258],[-73.91258,40.82745],[-73.91593,40.82966],[-73.91533,40.83082],[-73.91953,40.83518],[-73.92142,40.83349],[-73.92211,40.83466],[-73.92065,40.83595],[-73.9349,40.85868],[-73.93438,40.88439],[-73.92906,40.8929],[-73.92921,40.89748],[-73.94322,40.91062],[-73.94391,40.9127],[-73.94206,40.91777],[-73.94313,40.91946],[-73.96219,40.93938],[-73.9652,40.94276],[-73.97138,40.9501],[-73.97249,40.95808],[-73.97455,40.95782],[-73.97146,40.96464],[-73.97344,40.97496],[-73.97764,40.97576],[-73.97678,40.98237],[-73.98193,40.98405],[-73.97062,40.98405],[-73.97464,40.98488],[-73.97567,40.98669],[-73.97635,40.99503],[-73.97412,40.9982],[-73.96966,40.99716],[-73.96322,41.00014],[-73.96451,41.01346],[-73.96219,41.01973],[-73.95782,41.02116],[-73.95747,41.02297],[-73.95867,41.02484],[-73.96005,41.02141],[-73.96236,41.02044],[-73.96511,41.02478],[-73.96133,41.02672],[-73.9585,41.02562],[-73.95893,41.03351],[-73.9561,41.03357],[-73.95189,41.04178],[-73.9391,41.04838],[-73.88992,41.03318],[-73.88838,41.02542],[-73.89233,41.02225],[-73.89276,41.01954],[-73.90932,41.011],[-73.92468,40.99813],[-73.92674,40.99891],[-73.92779,40.99529],[-73.92606,40.99645],[-73.92365,40.994],[-73.92833,40.99464],[-73.93061,40.99335],[-73.93026,40.99147],[-73.94048,40.9916],[-73.94159,40.9894],[-73.94357,40.99121],[-73.9446,40.9874],[-73.95129,40.98714],[-73.95361,40.98274],[-73.95215,40.97964],[-73.95816,40.9766],[-73.96624,40.97576],[-73.96194,40.9686],[-73.9579,40.96931],[-73.96168,40.96802],[-73.96159,40.95873],[-73.95455,40.95477],[-73.9464,40.95704],[-73.94709,40.95951],[-73.94503,40.9575],[-73.94176,40.95893],[-73.93807,40.96419],[-73.92863,40.96711],[-73.92451,40.97438],[-73.93224,40.97886],[-73.93129,40.98016],[-73.93335,40.98263],[-73.93086,40.98405],[-73.93189,40.98133],[-73.92863,40.97691],[-73.9246,40.97594],[-73.92314,40.97763],[-73.92443,40.9797],[-73.92065,40.97808],[-73.9252,40.97159],[-73.92451,40.97029],[-73.92039,40.97016],[-73.92468,40.96944],[-73.92932,40.96561],[-73.93799,40.96341],[-73.94159,40.95808],[-73.94597,40.95639],[-73.94116,40.95445],[-73.93859,40.95094],[-73.94005,40.95068],[-73.94159,40.95399],[-73.94717,40.956],[-73.95387,40.95406],[-73.96271,40.95516],[-73.95704,40.94497],[-73.95318,40.9462],[-73.95636,40.94484],[-73.94134,40.92698],[-73.93507,40.92406],[-73.9343,40.9225],[-73.93764,40.9208],[-73.93538,40.91644],[-73.92855,40.91737],[-73.90986,40.9031],[-73.90039,40.90484],[-73.89576,40.90874],[-73.90211,40.91198],[-73.90263,40.91361],[-73.8943,40.90965],[-73.89593,40.91082],[-73.89533,40.91237],[-73.89404,40.9114],[-73.89164,40.91309],[-73.89258,40.91439],[-73.89104,40.91536],[-73.89241,40.91653],[-73.89147,40.9175],[-73.89001,40.9162],[-73.89009,40.92036],[-73.88391,40.91984],[-73.88486,40.914],[-73.87868,40.91335],[-73.87988,40.91179],[-73.87885,40.91069],[-73.87516,40.91244],[-73.87087,40.9075],[-73.86932,40.90822],[-73.86941,40.91036],[-73.87259,40.91315],[-73.85508,40.92166],[-73.85808,40.92374],[-73.85284,40.92633],[-73.8513,40.92861],[-73.85628,40.9251],[-73.86263,40.92705],[-73.85894,40.93179],[-73.85087,40.93451],[-73.84237,40.92912],[-73.83825,40.92958],[-73.83714,40.93276],[-73.84057,40.94016],[-73.83808,40.93731],[-73.83645,40.93081],[-73.83928,40.92672],[-73.84392,40.92854],[-73.84787,40.92724],[-73.84967,40.92205],[-73.84915,40.91166],[-73.85516,40.91198],[-73.85902,40.90874],[-73.85808,40.90685],[-73.85267,40.90582],[-73.85482,40.90536],[-73.85267,40.90276],[-73.85362,40.89984],[-73.8489,40.90075],[-73.84804,40.89828],[-73.84143,40.899],[-73.83903,40.89692],[-73.83671,40.9014],[-73.83739,40.90504],[-73.83139,40.90543],[-73.83147,40.90276],[-73.82778,40.90069],[-73.82907,40.89757],[-73.81963,40.89303],[-73.81268,40.89666],[-73.79431,40.899],[-73.79491,40.9025],[-73.79268,40.90517],[-73.79019,40.90354],[-73.7816,40.9027],[-73.78075,40.89997],[-73.78324,40.899],[-73.77791,40.89725],[-73.77508,40.8988],[-73.7707,40.90543],[-73.77517,40.90666],[-73.76822,40.91432],[-73.76555,40.91971],[-73.7586,40.92653],[-73.75319,40.92938],[-73.7556,40.92263],[-73.75337,40.92075],[-73.75491,40.91633],[-73.75302,40.9125],[-73.75062,40.9112],[-73.7465,40.91523],[-73.74744,40.91374],[-73.74607,40.91302],[-73.74624,40.91075],[-73.75277,40.90647],[-73.7538,40.89653],[-73.75113,40.89614],[-73.76349,40.88705],[-73.76487,40.88075],[-73.76152,40.87692],[-73.75757,40.87666],[-73.75345,40.87244],[-73.75259,40.86952],[-73.75654,40.86387],[-73.75689,40.86069],[-73.75319,40.85569],[-73.74959,40.85978],[-73.74247,40.86141],[-73.7392,40.86582],[-73.73225,40.86634],[-73.72976,40.87037],[-73.72152,40.87199],[-73.71655,40.87848],[-73.71809,40.87952],[-73.71509,40.88471],[-73.71672,40.88822],[-73.70934,40.90056],[-73.71071,40.89588],[-73.70916,40.89406],[-73.71097,40.89354],[-73.71114,40.8877],[-73.70865,40.88121],[-73.7041,40.87673],[-73.70556,40.87225],[-73.70436,40.8642],[-73.7029,40.86394],[-73.70307,40.86167],[-73.69938,40.8603],[-73.70599,40.85407],[-73.70564,40.85706],[-73.7041,40.85745],[-73.70831,40.85978],[-73.70616,40.85985],[-73.70702,40.86069],[-73.70951,40.8605],[-73.71277,40.85517],[-73.70848,40.85297],[-73.70942,40.85258],[-73.71792,40.85673],[-73.72796,40.85563],[-73.72659,40.85972],[-73.72779,40.86121],[-73.73002,40.85835],[-73.72951,40.85225],[-73.73766,40.84621],[-73.73766,40.84472],[-73.73414,40.84381],[-73.72736,40.83771],[-73.73045,40.82888],[-73.72976,40.82738],[-73.72041,40.82849],[-73.71354,40.82277],[-73.70333,40.82823],[-73.6756,40.8368],[-73.67286,40.84388],[-73.66161,40.85673],[-73.6629,40.85732],[-73.66144,40.85738],[-73.66179,40.85887],[-73.65998,40.859],[-73.65543,40.8642],[-73.64985,40.86621],[-73.65724,40.86829],[-73.65483,40.86939],[-73.65449,40.87595],[-73.65294,40.87679],[-73.65406,40.88101],[-73.65191,40.88595],[-73.65337,40.88855],[-73.64977,40.89316],[-73.6508,40.88971],[-73.64711,40.88413],[-73.64711,40.87355],[-73.6441,40.87114],[-73.64762,40.87127],[-73.64822,40.86498],[-73.6514,40.85887],[-73.65286,40.859],[-73.65312,40.84563],[-73.64788,40.83836],[-73.64651,40.84037],[-73.64556,40.83777],[-73.64076,40.83738],[-73.64213,40.8355],[-73.63561,40.83225],[-73.64908,40.83855],[-73.65149,40.83732],[-73.65329,40.8316],[-73.65629,40.83024],[-73.65475,40.82537],[-73.65621,40.81985],[-73.65449,40.81524],[-73.65037,40.81349],[-73.64342,40.8057],[-73.64367,40.8033],[-73.64016,40.80369],[-73.64007,40.80557],[-73.63423,40.80414],[-73.63561,40.80291],[-73.64058,40.80336],[-73.64187,40.80187],[-73.63432,40.79615],[-73.63338,40.79109],[-73.62479,40.79511],[-73.61793,40.79583],[-73.61423,40.79421],[-73.61303,40.79174],[-73.60866,40.79031],[-73.60368,40.79167],[-73.59655,40.78771],[-73.59552,40.78564],[-73.58016,40.78395],[-73.57038,40.77843],[-73.566,40.77817],[-73.5557,40.7831],[-73.54754,40.78499],[-73.53201,40.7809],[-73.52755,40.77732],[-73.52222,40.7757],[-73.52188,40.77849],[-73.51373,40.78161],[-73.5115,40.78499],[-73.50798,40.78628],[-73.51064,40.78628],[-73.51098,40.78914],[-73.51192,40.787],[-73.51364,40.78732],[-73.51501,40.78641],[-73.51321,40.7868],[-73.5121,40.78635],[-73.51373,40.78551],[-73.51295,40.78447],[-73.5151,40.78447],[-73.51338,40.78499],[-73.5139,40.78531],[-73.5139,40.78641],[-73.51493,40.78609],[-73.51682,40.78771],[-73.52025,40.78791],[-73.51716,40.78843],[-73.51716,40.79057],[-73.51639,40.79109],[-73.51707,40.78817],[-73.51484,40.78667],[-73.51089,40.78927],[-73.51038,40.78635],[-73.50843,40.78715],[-73.50772,40.79271],[-73.51253,40.79148],[-73.51725,40.79336],[-73.52085,40.80187],[-73.51982,40.80745],[-73.53295,40.80888],[-73.53227,40.80667],[-73.53364,40.807],[-73.53373,40.80395],[-73.52806,40.80161],[-73.52377,40.79628],[-73.52222,40.78674],[-73.52703,40.78239],[-73.52437,40.78219],[-73.52823,40.77986],[-73.53536,40.78661],[-73.53364,40.78687],[-73.53604,40.78901],[-73.54857,40.79057],[-73.54763,40.79304],[-73.54909,40.79862],[-73.54677,40.80446],[-73.54823,40.80778],[-73.54428,40.81154],[-73.54205,40.81693],[-73.53089,40.81589],[-73.53072,40.81784],[-73.53021,40.81602],[-73.52506,40.817],[-73.52557,40.81888],[-73.52386,40.8179],[-73.51922,40.82044],[-73.51089,40.81855],[-73.50592,40.82141],[-73.5048,40.81537],[-73.50729,40.81459],[-73.51072,40.80661],[-73.50823,40.80323],[-73.50918,40.80089],[-73.49493,40.79882],[-73.49107,40.80414],[-73.48961,40.8092],[-73.4915,40.80966],[-73.48892,40.81609],[-73.48515,40.81927],[-73.47673,40.82187],[-73.47236,40.82609],[-73.46884,40.82719],[-73.46343,40.82622],[-73.46446,40.82862],[-73.46532,40.82719],[-73.46995,40.82797],[-73.46669,40.83446],[-73.46257,40.83466],[-73.46266,40.82557],[-73.46128,40.82362],[-73.46403,40.8231],[-73.46729,40.8192],[-73.46867,40.81998],[-73.46558,40.82258],[-73.46978,40.81998],[-73.46987,40.81849],[-73.47158,40.81881],[-73.47073,40.81648],[-73.4727,40.81232],[-73.47322,40.79947],[-73.47673,40.79486],[-73.47974,40.79388],[-73.49012,40.77466],[-73.49733,40.7707],[-73.49287,40.75603],[-73.49304,40.76083],[-73.48686,40.75538],[-73.48781,40.75402],[-73.48274,40.7546],[-73.48231,40.7533],[-73.48351,40.75447],[-73.48712,40.75376],[-73.48806,40.75044],[-73.49236,40.75298],[-73.48995,40.75674],[-73.49167,40.7572],[-73.49201,40.75447],[-73.49364,40.75434],[-73.49244,40.75213],[-73.4848,40.74596],[-73.47836,40.75142],[-73.46446,40.75661],[-73.45871,40.75603],[-73.4479,40.75915],[-73.44232,40.75791],[-73.43554,40.76025],[-73.43073,40.76414],[-73.42875,40.77427],[-73.43039,40.77564],[-73.43305,40.77512],[-73.43579,40.78031],[-73.43502,40.7757],[-73.43142,40.77259],[-73.4315,40.76914],[-73.4333,40.77226],[-73.4424,40.77297],[-73.45193,40.77947],[-73.45562,40.78038],[-73.46163,40.77901],[-73.47862,40.78129],[-73.46558,40.78122],[-73.45708,40.78291],[-73.44841,40.78109],[-73.44111,40.78628],[-73.43605,40.78661],[-73.43373,40.78512],[-73.43614,40.79083],[-73.43785,40.79057],[-73.43708,40.79232],[-73.44481,40.79427],[-73.42558,40.7983],[-73.42275,40.80382],[-73.42378,40.80635],[-73.41923,40.80836],[-73.41974,40.8094],[-73.4164,40.80498],[-73.41906,40.79875],[-73.42146,40.79778],[-73.42266,40.7944],[-73.42566,40.79576],[-73.42747,40.79258],[-73.43219,40.79395],[-73.4333,40.7918],[-73.4309,40.78888],[-73.43287,40.7894],[-73.43322,40.78778],[-73.40893,40.7894],[-73.3964,40.78473],[-73.38481,40.79005],[-73.38404,40.79323],[-73.37992,40.79447],[-73.37399,40.80135],[-73.37193,40.80037],[-73.37202,40.79843],[-73.37451,40.79641],[-73.37494,40.79739],[-73.37537,40.79284],[-73.37811,40.79044],[-73.38043,40.79297],[-73.38129,40.79141],[-73.3782,40.7883],[-73.37485,40.78012],[-73.3594,40.79258],[-73.35846,40.79505],[-73.36112,40.79486],[-73.36387,40.79856],[-73.36318,40.8055],[-73.35794,40.80206],[-73.35425,40.80323],[-73.35425,40.80187],[-73.3576,40.80122],[-73.35357,40.79862],[-73.35262,40.79408],[-73.35863,40.78395],[-73.35571,40.78109],[-73.34953,40.78401],[-73.35434,40.78038],[-73.35176,40.77336],[-73.35271,40.77012],[-73.36009,40.76772],[-73.35889,40.76882],[-73.36,40.76927],[-73.36447,40.76531],[-73.37005,40.76363],[-73.377,40.76518],[-73.37717,40.76843],[-73.37863,40.76888],[-73.3806,40.76518],[-73.37657,40.76434],[-73.37442,40.76018],[-73.37245,40.76317],[-73.36945,40.76278],[-73.38163,40.75148],[-73.38017,40.75441],[-73.38146,40.75583],[-73.37854,40.75726],[-73.37734,40.76051],[-73.38172,40.75973],[-73.38575,40.75687],[-73.3849,40.76466],[-73.38232,40.76596],[-73.38824,40.76843],[-73.38764,40.77122],[-73.39219,40.76986],[-73.39914,40.76421],[-73.40206,40.76427],[-73.40017,40.76642],[-73.40232,40.76785],[-73.40137,40.77031],[-73.40369,40.7709],[-73.40489,40.77323],[-73.40472,40.77921],[-73.40661,40.77817],[-73.40687,40.77479],[-73.40361,40.76785],[-73.40438,40.75194],[-73.40283,40.7472],[-73.39974,40.74609],[-73.39854,40.7396],[-73.4006,40.7398],[-73.40275,40.74642],[-73.40318,40.74168],[-73.40026,40.73811],[-73.39219,40.73921],[-73.36927,40.76038],[-73.35073,40.76778],[-73.3461,40.7683],[-73.34498,40.7731],[-73.34352,40.77252],[-73.34447,40.76583],[-73.34121,40.76668],[-73.33065,40.76311],[-73.32584,40.76453],[-73.32207,40.76343],[-73.32215,40.76486],[-73.31812,40.76635],[-73.29452,40.76908],[-73.26731,40.77882],[-73.23452,40.78499],[-73.23409,40.78609],[-73.23752,40.78544],[-73.23752,40.78661],[-73.24928,40.78557],[-73.23195,40.78851],[-73.22783,40.79102],[-73.22825,40.79447],[-73.23186,40.79486],[-73.2274,40.79486],[-73.22825,40.79557],[-73.22808,40.7981],[-73.22542,40.79661],[-73.22594,40.79849],[-73.22465,40.79836],[-73.22413,40.79648],[-73.22036,40.79557],[-73.21564,40.7968],[-73.21203,40.79972],[-73.20602,40.80206],[-73.20697,40.80284],[-73.20199,40.80758],[-73.19813,40.80752],[-73.19512,40.81031],[-73.19598,40.81498],[-73.19298,40.82122],[-73.19469,40.82531],[-73.19598,40.82511],[-73.19667,40.82596],[-73.19624,40.82712],[-73.19478,40.8255],[-73.1959,40.82732],[-73.19427,40.82524],[-73.19255,40.82148],[-73.19375,40.82453],[-73.19255,40.8244],[-73.19203,40.82148],[-73.19384,40.81849],[-73.19315,40.8118],[-73.19984,40.79966],[-73.20886,40.7957],[-73.20731,40.79537],[-73.20946,40.79466],[-73.21177,40.79531],[-73.21538,40.79154],[-73.21727,40.79226],[-73.21615,40.79154],[-73.22062,40.78791],[-73.22233,40.7894],[-73.22405,40.78875],[-73.22259,40.78823],[-73.228,40.78921],[-73.23152,40.78693],[-73.21435,40.7846],[-73.19203,40.77707],[-73.17221,40.77246],[-73.15298,40.76466],[-73.148,40.76473],[-73.15616,40.7707],[-73.16174,40.77168],[-73.16045,40.77259],[-73.16766,40.77207],[-73.16388,40.77492],[-73.16852,40.77233],[-73.1753,40.77622],[-73.17332,40.77836],[-73.17616,40.7759],[-73.17264,40.77382],[-73.18079,40.77674],[-73.17847,40.77745],[-73.18259,40.78018],[-73.18105,40.78667],[-73.18328,40.78745],[-73.18173,40.78765],[-73.18122,40.79115],[-73.1765,40.79492],[-73.17633,40.79726],[-73.16912,40.80063],[-73.17023,40.79998],[-73.1686,40.79745],[-73.16895,40.79401],[-73.17075,40.79128],[-73.16852,40.79135],[-73.17092,40.78986],[-73.16294,40.782],[-73.15659,40.78031],[-73.15092,40.77603],[-73.14878,40.77609],[-73.14809,40.77869],[-73.14732,40.77888],[-73.14826,40.77577],[-73.15118,40.77518],[-73.15092,40.77395],[-73.14912,40.7746],[-73.15066,40.77336],[-73.14749,40.77064],[-73.14577,40.76622],[-73.14354,40.76583],[-73.1426,40.76129],[-73.14079,40.76103],[-73.14011,40.76304],[-73.14019,40.76044],[-73.13702,40.75908],[-73.14114,40.75999],[-73.14388,40.7583],[-73.14182,40.7583],[-73.14019,40.75596],[-73.13865,40.74726],[-73.14285,40.75038],[-73.14079,40.75044],[-73.14131,40.75382],[-73.14019,40.75434],[-73.14199,40.75785],[-73.14448,40.75791],[-73.1432,40.76012],[-73.14431,40.76577],[-73.14654,40.76583],[-73.14757,40.76804],[-73.14405,40.7385],[-73.14723,40.7346],[-73.15418,40.73201],[-73.15882,40.72655],[-73.14431,40.72811],[-73.13624,40.72707],[-73.1204,40.71813],[-73.11608,40.71813],[-73.10878,40.72259],[-73.10088,40.72506],[-73.09341,40.72441],[-73.08998,40.72766],[-73.10534,40.72564],[-73.1135,40.72279],[-73.11333,40.72097],[-73.11547,40.71947],[-73.11401,40.72227],[-73.1159,40.72285],[-73.11745,40.72733],[-73.12835,40.7346],[-73.12594,40.74103],[-73.12328,40.73967],[-73.11976,40.74045],[-73.11916,40.74382],[-73.11762,40.74622],[-73.11616,40.74687],[-73.1177,40.74584],[-73.11839,40.74168],[-73.11564,40.73649],[-73.11882,40.73051],[-73.11496,40.72863],[-73.11504,40.72636],[-73.11255,40.72376],[-73.10826,40.72571],[-73.10861,40.7283],[-73.10595,40.73233],[-73.10157,40.73201],[-73.09968,40.73369],[-73.10157,40.7372],[-73.10019,40.73947],[-73.1014,40.74194],[-73.10758,40.74389],[-73.11007,40.74233],[-73.10946,40.74356],[-73.11135,40.74265],[-73.10972,40.74389],[-73.1111,40.74408],[-73.10655,40.74473],[-73.10165,40.75038],[-73.10174,40.74532],[-73.09736,40.74265],[-73.09436,40.74311],[-73.09865,40.73759],[-73.09573,40.73564],[-73.0826,40.73999],[-73.0747,40.74454],[-73.07221,40.74785],[-73.06741,40.74395],[-73.06689,40.7422],[-73.07058,40.73941],[-73.07796,40.72811],[-73.07359,40.72532],[-73.07436,40.72311],[-73.07702,40.72259],[-73.07719,40.72434],[-73.08011,40.72584],[-73.08363,40.72369],[-73.08955,40.7246],[-73.09153,40.72214],[-73.08028,40.72058],[-73.05891,40.7274],[-73.04518,40.7298],[-73.042,40.73188],[-73.04269,40.73291],[-73.04037,40.73577],[-73.04174,40.73655],[-73.03968,40.73746],[-73.03728,40.73415],[-73.02372,40.73382],[-73.0202,40.73071],[-73.04243,40.73051],[-73.0426,40.72843],[-72.95514,40.7274],[-72.91386,40.73142],[-72.87772,40.72993],[-72.86811,40.72753],[-72.86656,40.73136],[-72.86751,40.7274],[-72.86425,40.72876],[-72.82974,40.72344],[-72.81429,40.72597],[-72.77361,40.72863],[-72.73868,40.72357],[-72.71455,40.71813],[-72.53338,40.71813],[-72.54307,40.72902],[-72.5477,40.73791],[-72.57105,40.75441],[-72.56976,40.74824],[-72.57199,40.75421],[-72.56993,40.75531],[-72.57586,40.76038],[-72.58143,40.75869],[-72.58555,40.76012],[-72.58993,40.76343],[-72.5901,40.76538],[-72.60057,40.75966],[-72.60435,40.75979],[-72.60667,40.76168],[-72.6095,40.75986],[-72.60821,40.75733],[-72.60907,40.75557],[-72.61199,40.76363],[-72.61499,40.76499],[-72.61559,40.76038],[-72.61868,40.75499],[-72.61971,40.75752],[-72.61705,40.76051],[-72.61697,40.76401],[-72.61989,40.76064],[-72.6216,40.76376],[-72.63182,40.76194],[-72.62014,40.76479],[-72.6186,40.76635],[-72.62032,40.76752],[-72.6192,40.76811],[-72.6174,40.76551],[-72.61474,40.7659],[-72.62023,40.77135],[-72.62358,40.7722],[-72.62907,40.7696],[-72.63268,40.7696],[-72.63396,40.77038],[-72.62916,40.77038],[-72.62547,40.77239],[-72.63165,40.77544],[-72.64564,40.77551],[-72.65061,40.77739],[-72.64246,40.77648],[-72.64469,40.77752],[-72.64443,40.78142],[-72.64306,40.78174],[-72.64297,40.77992],[-72.64152,40.78174],[-72.64263,40.77953],[-72.644,40.77992],[-72.64418,40.77758],[-72.63207,40.77849],[-72.62795,40.77551],[-72.61345,40.77512],[-72.61817,40.77525],[-72.62049,40.77758],[-72.61877,40.77901],[-72.62186,40.77934],[-72.62143,40.78083],[-72.6271,40.78304],[-72.62255,40.78213],[-72.62135,40.78447],[-72.61808,40.78382],[-72.61765,40.78583],[-72.61903,40.78888],[-72.62092,40.78849],[-72.62032,40.78953],[-72.61757,40.78992],[-72.61765,40.78823],[-72.61585,40.79005],[-72.61611,40.7881],[-72.6125,40.78654],[-72.61225,40.78875],[-72.61156,40.78187],[-72.60813,40.78174],[-72.60727,40.78031],[-72.60624,40.78434],[-72.60701,40.77947],[-72.60203,40.77862],[-72.60349,40.78012],[-72.60066,40.77992],[-72.60315,40.78109],[-72.6004,40.78187],[-72.5998,40.78388],[-72.60126,40.78973],[-72.59869,40.77966],[-72.59388,40.7857],[-72.59585,40.78674],[-72.59268,40.78577],[-72.59362,40.78693],[-72.58924,40.79076],[-72.58985,40.79193],[-72.58933,40.79284],[-72.58899,40.7907],[-72.59002,40.78992],[-72.58924,40.78635],[-72.59019,40.78499],[-72.59113,40.78648],[-72.59105,40.78486],[-72.59019,40.78414],[-72.58787,40.78648],[-72.5871,40.78427],[-72.58392,40.78564],[-72.58658,40.78557],[-72.5847,40.78706],[-72.58204,40.78713],[-72.58315,40.79083],[-72.58032,40.79518],[-72.58083,40.79271],[-72.57937,40.79297],[-72.58204,40.79109],[-72.57852,40.78674],[-72.57534,40.787],[-72.57053,40.78908],[-72.5683,40.78882],[-72.56942,40.78914],[-72.56865,40.79122],[-72.56719,40.79148],[-72.56847,40.79154],[-72.5659,40.79648],[-72.56401,40.79739],[-72.56495,40.79628],[-72.56186,40.79544],[-72.56796,40.78992],[-72.56487,40.78557],[-72.56753,40.78791],[-72.57165,40.78817],[-72.56556,40.7831],[-72.56392,40.77901],[-72.56933,40.77616],[-72.5598,40.77966],[-72.55508,40.77966],[-72.55277,40.78174],[-72.55817,40.7818],[-72.5586,40.78317],[-72.55603,40.78245],[-72.55114,40.78525],[-72.54959,40.78232],[-72.54676,40.78271],[-72.55191,40.78174],[-72.55264,40.78021],[-72.55114,40.77986],[-72.53929,40.78375],[-72.52264,40.79232],[-72.50942,40.79667],[-72.50349,40.79682],[-72.50118,40.80927],[-72.50281,40.80959],[-72.5011,40.81063],[-72.50007,40.81037],[-72.50196,40.80115],[-72.50058,40.80089],[-72.50213,40.79998],[-72.50281,40.79648],[-72.5023,40.79843],[-72.49543,40.79921],[-72.47887,40.79602],[-72.47166,40.79693],[-72.46934,40.79875],[-72.46968,40.79589],[-72.45835,40.79719],[-72.45561,40.79602],[-72.45234,40.79135],[-72.46093,40.79226],[-72.46616,40.78953],[-72.46977,40.79524],[-72.47758,40.79602],[-72.46668,40.78927],[-72.452,40.77642],[-72.44925,40.77856],[-72.4472,40.77791],[-72.44762,40.78375],[-72.44428,40.78648],[-72.4393,40.77934],[-72.432,40.77888],[-72.43793,40.77784],[-72.44677,40.77246],[-72.44556,40.77499],[-72.4429,40.77603],[-72.44728,40.77453],[-72.4484,40.77486],[-72.44831,40.77297],[-72.44943,40.77525],[-72.44556,40.77603],[-72.45103,40.77649],[-72.44823,40.7707],[-72.44565,40.77291],[-72.44514,40.77129],[-72.44076,40.77161],[-72.44041,40.76992],[-72.43681,40.76882],[-72.43295,40.77194],[-72.43338,40.76577],[-72.43526,40.76811],[-72.43732,40.76642],[-72.43037,40.76369],[-72.42617,40.76551],[-72.42514,40.76304],[-72.42574,40.75979],[-72.42831,40.76174],[-72.42625,40.76447],[-72.42977,40.76369],[-72.42728,40.76031],[-72.42934,40.76129],[-72.43037,40.75824],[-72.43157,40.75882],[-72.42969,40.76148],[-72.43063,40.76291],[-72.43235,40.76181],[-72.43175,40.76324],[-72.43741,40.76557],[-72.44102,40.76875],[-72.44316,40.767],[-72.44777,40.77037],[-72.44247,40.74824],[-72.43784,40.74648],[-72.41801,40.74584],[-72.41638,40.74603],[-72.41638,39.90553],[-74.00991,39.90553],[-74.02176,39.93858],[-74.03034,39.96815],[-74.03378,39.98569],[-74.03111,39.98714],[-74.03987,40.01079],[-74.06364,40.11126],[-74.06914,40.14615],[-74.07582,40.17468],[-74.08569,40.17468],[-74.0809,40.16889],[-74.08158,40.16691],[-74.07952,40.16356],[-74.08072,40.15857],[-74.07841,40.15811],[-74.08442,40.15791],[-74.08416,40.1568],[-74.07944,40.15712],[-74.07909,40.15561],[-74.0839,40.15496],[-74.07944,40.15482],[-74.08381,40.15417],[-74.07987,40.15417],[-74.07935,40.15252],[-74.08373,40.1472],[-74.08004,40.14451],[-74.07901,40.14083],[-74.08141,40.13925],[-74.07884,40.13919],[-74.08158,40.13892],[-74.08313,40.13386],[-74.08175,40.13235],[-74.08321,40.13064],[-74.07841,40.13248],[-74.07995,40.13097],[-74.07789,40.13038],[-74.07978,40.12933],[-74.07789,40.12926],[-74.07738,40.12434],[-74.07497,40.12348],[-74.07635,40.12243],[-74.07515,40.12138],[-74.08047,40.12355],[-74.07789,40.12591],[-74.07815,40.12795],[-74.08313,40.1269],[-74.08545,40.12414],[-74.07901,40.12059],[-74.07557,40.12085],[-74.07171,40.11356],[-74.07197,40.11093],[-74.07454,40.111],[-74.07454,40.10929],[-74.06957,40.10975],[-74.07223,40.10876],[-74.0694,40.10863],[-74.07206,40.10837],[-74.07317,40.10916],[-74.07291,40.10778],[-74.0694,40.10771],[-74.0736,40.1066],[-74.06897,40.10679],[-74.07429,40.10528],[-74.06905,40.10554],[-74.0742,40.10515],[-74.0742,40.10476],[-74.06862,40.10462],[-74.07343,40.10403],[-74.07377,40.10292],[-74.06828,40.10311],[-74.07274,40.10147],[-74.06802,40.1014],[-74.07206,40.10048],[-74.06794,40.10035],[-74.06991,40.0991],[-74.06785,40.09838],[-74.06785,40.09661],[-74.07,40.09818],[-74.07394,40.09667],[-74.07,40.09766],[-74.06974,40.09608],[-74.06639,40.09516],[-74.06682,40.09411],[-74.06794,40.09352],[-74.0657,40.09306],[-74.06751,40.09227],[-74.06536,40.09247],[-74.06742,40.09188],[-74.0651,40.09181],[-74.06716,40.09063],[-74.06467,40.09109],[-74.06699,40.08991],[-74.06442,40.09043],[-74.06725,40.08892],[-74.06407,40.08984],[-74.06665,40.0882],[-74.06364,40.08905],[-74.06553,40.08833],[-74.06322,40.08813],[-74.06905,40.08629],[-74.06519,40.08682],[-74.06467,40.0855],[-74.06656,40.08504],[-74.06407,40.08511],[-74.06579,40.08432],[-74.06425,40.08314],[-74.06862,40.08445],[-74.06167,40.08044],[-74.06382,40.08379],[-74.06227,40.0855],[-74.06184,40.08169],[-74.05952,40.0792],[-74.05832,40.07354],[-74.0591,40.07538],[-74.05918,40.07328],[-74.06176,40.07433],[-74.06004,40.07315],[-74.06227,40.07341],[-74.06193,40.07453],[-74.06528,40.07663],[-74.06613,40.07584],[-74.06322,40.074],[-74.06287,40.07184],[-74.05918,40.07243],[-74.06141,40.07118],[-74.05729,40.07105],[-74.06141,40.07092],[-74.05712,40.07032],[-74.06124,40.0696],[-74.05686,40.0696],[-74.0615,40.0694],[-74.06261,40.07131],[-74.0633,40.0675],[-74.06201,40.06822],[-74.06124,40.06691],[-74.06055,40.06895],[-74.06013,40.06684],[-74.05935,40.06895],[-74.05892,40.06678],[-74.05824,40.06888],[-74.05867,40.06678],[-74.05712,40.06671],[-74.05661,40.06901],[-74.05575,40.06389],[-74.05678,40.06362],[-74.05498,40.06178],[-74.05841,40.06467],[-74.05832,40.0652],[-74.0639,40.06684],[-74.06476,40.06507],[-74.06313,40.06605],[-74.05987,40.06467],[-74.05643,40.06152],[-74.06004,40.06448],[-74.06339,40.06461],[-74.05463,40.05981],[-74.05292,40.05416],[-74.05352,40.05048],[-74.05128,40.04805],[-74.0488,40.03451],[-74.04965,40.03583],[-74.05231,40.03169],[-74.04957,40.03044],[-74.04854,40.03235],[-74.04897,40.0267],[-74.04691,40.02262],[-74.04991,40.02196],[-74.04965,40.02065],[-74.05154,40.02052],[-74.05077,40.01999],[-74.05274,40.02058],[-74.05,40.02118],[-74.05034,40.02236],[-74.05231,40.02157],[-74.05103,40.02269],[-74.05403,40.02131],[-74.05137,40.02512],[-74.06407,40.02755],[-74.06425,40.02584],[-74.06124,40.02551],[-74.0597,40.02387],[-74.05978,40.02236],[-74.06167,40.02137],[-74.0603,40.02374],[-74.06201,40.02236],[-74.06339,40.02361],[-74.06158,40.02426],[-74.06339,40.02453],[-74.06167,40.02512],[-74.06459,40.02558],[-74.06579,40.02196],[-74.06425,40.02183],[-74.06407,40.02006],[-74.06588,40.02164],[-74.06862,40.02006],[-74.07,40.02085],[-74.06613,40.0219],[-74.06845,40.02262],[-74.06613,40.02275],[-74.06871,40.02361],[-74.06631,40.02361],[-74.06734,40.0244],[-74.06631,40.02551],[-74.06588,40.02413],[-74.06491,40.02727],[-74.06665,40.02532],[-74.06862,40.02512],[-74.06708,40.02656],[-74.07043,40.0267],[-74.07231,40.02873],[-74.07377,40.02834],[-74.07412,40.02578],[-74.07806,40.02551],[-74.07969,40.02242],[-74.08373,40.02341],[-74.08605,40.02157],[-74.08896,40.01125],[-74.09128,40.01073],[-74.09068,40.01638],[-74.09197,40.01612],[-74.08905,40.02026],[-74.08974,40.02203],[-74.08639,40.02196],[-74.0851,40.02387],[-74.07643,40.0263],[-74.07549,40.02814],[-74.09978,40.02978],[-74.08939,40.03116],[-74.06802,40.02847],[-74.0645,40.02919],[-74.06528,40.03044],[-74.06562,40.02998],[-74.06905,40.02952],[-74.06622,40.03077],[-74.06897,40.0307],[-74.0657,40.03149],[-74.06407,40.03077],[-74.06442,40.03261],[-74.07403,40.03083],[-74.07789,40.03254],[-74.10021,40.03248],[-74.10175,40.03366],[-74.10793,40.03221],[-74.10553,40.03379],[-74.1069,40.03504],[-74.10965,40.0332],[-74.10905,40.03208],[-74.10991,40.033],[-74.11652,40.02972],[-74.12184,40.0244],[-74.12304,40.02538],[-74.12124,40.02722],[-74.1227,40.02637],[-74.12476,40.02676],[-74.12596,40.0244],[-74.12836,40.02518],[-74.12561,40.02624],[-74.12827,40.02643],[-74.12939,40.02256],[-74.13008,40.02374],[-74.13188,40.02223],[-74.13094,40.02361],[-74.13377,40.02387],[-74.13548,40.02256],[-74.13317,40.02282],[-74.13274,40.02137],[-74.13497,40.01874],[-74.14046,40.01625],[-74.14072,40.01802],[-74.13832,40.01894],[-74.13754,40.02019],[-74.13866,40.01901],[-74.14132,40.01776],[-74.14055,40.01546],[-74.14218,40.01434],[-74.14261,40.01579],[-74.1433,40.01612],[-74.14261,40.0152],[-74.14424,40.01526],[-74.14338,40.01625],[-74.14081,40.01552],[-74.14158,40.01756],[-74.14252,40.01684],[-74.13986,40.01934],[-74.13548,40.02214],[-74.13574,40.02242],[-74.13334,40.0244],[-74.13368,40.02571],[-74.12999,40.0244],[-74.13205,40.0265],[-74.12879,40.02709],[-74.12948,40.02814],[-74.1263,40.02696],[-74.12682,40.02827],[-74.12149,40.02899],[-74.12278,40.02991],[-74.12124,40.03024],[-74.12192,40.03169],[-74.12313,40.03254],[-74.12433,40.03136],[-74.12373,40.03261],[-74.11978,40.03241],[-74.1269,40.03616],[-74.13205,40.0353],[-74.1251,40.03695],[-74.11935,40.03524],[-74.1124,40.03957],[-74.10982,40.03997],[-74.10871,40.03859],[-74.10295,40.04122],[-74.10407,40.04168],[-74.09969,40.04063],[-74.09729,40.03754],[-74.08682,40.04227],[-74.07763,40.03727],[-74.07669,40.03964],[-74.0766,40.03714],[-74.07497,40.0378],[-74.076,40.03846],[-74.07592,40.03957],[-74.07437,40.03872],[-74.0736,40.04003],[-74.07437,40.03793],[-74.06176,40.0403],[-74.05789,40.03846],[-74.05987,40.04404],[-74.06133,40.04201],[-74.06296,40.0424],[-74.06227,40.04411],[-74.05952,40.0447],[-74.0621,40.0449],[-74.06193,40.04647],[-74.0591,40.04575],[-74.05832,40.04785],[-74.05643,40.04805],[-74.06236,40.04956],[-74.06399,40.05212],[-74.06124,40.05337],[-74.06407,40.05265],[-74.07188,40.05712],[-74.076,40.05344],[-74.07575,40.05758],[-74.07755,40.05869],[-74.08364,40.05705],[-74.08244,40.05889],[-74.0845,40.05942],[-74.07849,40.06014],[-74.08416,40.06257],[-74.08236,40.06356],[-74.08337,40.06487],[-74.08356,40.06336],[-74.08442,40.06579],[-74.08665,40.06579],[-74.08579,40.06435],[-74.08725,40.06566],[-74.08562,40.06645],[-74.08442,40.06605],[-74.08493,40.06724],[-74.08854,40.06586],[-74.08665,40.06395],[-74.08879,40.06566],[-74.08759,40.06336],[-74.08974,40.06513],[-74.08888,40.06316],[-74.0906,40.06461],[-74.08965,40.06237],[-74.09283,40.06159],[-74.09077,40.06316],[-74.09403,40.06297],[-74.09188,40.06435],[-74.09343,40.06579],[-74.09575,40.06467],[-74.09377,40.06651],[-74.09154,40.06435],[-74.09283,40.06665],[-74.0906,40.06494],[-74.09171,40.06704],[-74.08974,40.06546],[-74.0906,40.0675],[-74.08879,40.06612],[-74.08957,40.06796],[-74.08785,40.06665],[-74.08802,40.06796],[-74.08605,40.06737],[-74.08673,40.06914],[-74.08579,40.0675],[-74.08356,40.06796],[-74.08304,40.06665],[-74.08459,40.06743],[-74.0833,40.06546],[-74.08175,40.06638],[-74.07969,40.06474],[-74.07755,40.06651],[-74.07952,40.07006],[-74.08519,40.07289],[-74.08613,40.07584],[-74.09274,40.0742],[-74.09506,40.0765],[-74.09678,40.07479],[-74.09806,40.07598],[-74.10115,40.07525],[-74.09901,40.07525],[-74.09789,40.07295],[-74.10424,40.07276],[-74.1063,40.07059],[-74.10639,40.06763],[-74.10828,40.06783],[-74.10716,40.06454],[-74.12004,40.05653],[-74.11875,40.05975],[-74.11514,40.06237],[-74.11634,40.06323],[-74.11789,40.06086],[-74.11961,40.06001],[-74.12141,40.05534],[-74.12098,40.05797],[-74.1233,40.05902],[-74.12038,40.05856],[-74.12012,40.05994],[-74.12149,40.05975],[-74.11806,40.06145],[-74.12149,40.0608],[-74.1178,40.06191],[-74.11677,40.0629],[-74.11798,40.06231],[-74.11935,40.06375],[-74.11506,40.06441],[-74.12338,40.06428],[-74.1293,40.0562],[-74.13197,40.05797],[-74.13257,40.0541],[-74.13523,40.05219],[-74.1366,40.05232],[-74.13171,40.05915],[-74.14063,40.05561],[-74.12673,40.06329],[-74.12827,40.06527],[-74.13806,40.06356],[-74.13754,40.06507],[-74.12544,40.06671],[-74.12613,40.06901],[-74.14235,40.07],[-74.14132,40.07092],[-74.12107,40.07085],[-74.11497,40.0721],[-74.11643,40.07328],[-74.11463,40.07249],[-74.11386,40.07381],[-74.11669,40.07394],[-74.11188,40.07663],[-74.10699,40.07545],[-74.10913,40.08471],[-74.11154,40.08669],[-74.113,40.08642],[-74.113,40.08406],[-74.11171,40.0859],[-74.11171,40.08419],[-74.11403,40.08097],[-74.10982,40.08222],[-74.11094,40.08491],[-74.10836,40.07985],[-74.10982,40.08176],[-74.11162,40.0813],[-74.11162,40.07808],[-74.11274,40.0809],[-74.11248,40.07709],[-74.11317,40.07992],[-74.11386,40.07703],[-74.11489,40.07952],[-74.11497,40.07617],[-74.11609,40.07926],[-74.11583,40.07545],[-74.11858,40.07512],[-74.11617,40.07591],[-74.11883,40.07617],[-74.11626,40.07749],[-74.11909,40.07703],[-74.11634,40.07841],[-74.11935,40.07788],[-74.11634,40.0786],[-74.11677,40.07966],[-74.11943,40.07854],[-74.11969,40.07749],[-74.12484,40.07676],[-74.11772,40.08084],[-74.12304,40.08038],[-74.11497,40.08248],[-74.11669,40.08465],[-74.116,40.08294],[-74.12201,40.08215],[-74.11677,40.08399],[-74.12235,40.08327],[-74.11729,40.08485],[-74.12167,40.08425],[-74.11798,40.0855],[-74.12192,40.08511],[-74.11995,40.08609],[-74.116,40.08517],[-74.11695,40.08747],[-74.12458,40.08761],[-74.12476,40.08623],[-74.12742,40.08833],[-74.1269,40.08517],[-74.12767,40.08734],[-74.12802,40.08504],[-74.1287,40.08675],[-74.12956,40.08504],[-74.13085,40.08655],[-74.12836,40.08715],[-74.1281,40.08839],[-74.13548,40.08485],[-74.14098,40.08406],[-74.13677,40.08899],[-74.13789,40.08964],[-74.14158,40.08682],[-74.14295,40.08866],[-74.13634,40.09023],[-74.13995,40.09063],[-74.14398,40.08866],[-74.14252,40.08964],[-74.14656,40.08905],[-74.14621,40.09161],[-74.14887,40.09089],[-74.14973,40.0926],[-74.15119,40.09221],[-74.15033,40.09306],[-74.14827,40.0928],[-74.14982,40.09418],[-74.14536,40.09411],[-74.14862,40.09503],[-74.14596,40.09497],[-74.14905,40.09575],[-74.14664,40.09589],[-74.14853,40.09661],[-74.14759,40.09772],[-74.14381,40.09378],[-74.1469,40.09812],[-74.14304,40.09963],[-74.1463,40.09786],[-74.14227,40.09858],[-74.1457,40.09707],[-74.14192,40.09759],[-74.14467,40.09556],[-74.14115,40.09687],[-74.1445,40.09536],[-74.14055,40.09602],[-74.14347,40.09391],[-74.13935,40.09569],[-74.14235,40.10016],[-74.13986,40.10094],[-74.14158,40.09917],[-74.13815,40.10062],[-74.14141,40.09891],[-74.13754,40.09976],[-74.14081,40.09812],[-74.1378,40.09858],[-74.14012,40.09726],[-74.13892,40.09694],[-74.1287,40.10081],[-74.12853,40.10213],[-74.13325,40.10311],[-74.13094,40.10646],[-74.12793,40.10568],[-74.1263,40.10752],[-74.12879,40.10955],[-74.1263,40.11021],[-74.12227,40.1083],[-74.12364,40.10962],[-74.12132,40.10988],[-74.12167,40.11271],[-74.12004,40.11514],[-74.11866,40.11553],[-74.11798,40.11284],[-74.116,40.11297],[-74.11737,40.11579],[-74.12004,40.11652],[-74.11969,40.11783],[-74.11137,40.1179],[-74.11265,40.12],[-74.11077,40.12151],[-74.11351,40.12302],[-74.11454,40.12059],[-74.11394,40.1242],[-74.1154,40.12059],[-74.1142,40.12427],[-74.11677,40.1221],[-74.11523,40.12473],[-74.11858,40.12644],[-74.11995,40.12591],[-74.11677,40.12473],[-74.12004,40.12565],[-74.11755,40.12394],[-74.12038,40.12473],[-74.11823,40.12315],[-74.12072,40.12381],[-74.11892,40.12237],[-74.12107,40.12282],[-74.12021,40.12059],[-74.12235,40.12046],[-74.12158,40.12282],[-74.12347,40.12204],[-74.12192,40.12309],[-74.12416,40.12348],[-74.12149,40.12322],[-74.12407,40.12447],[-74.12089,40.12486],[-74.12398,40.12539],[-74.12046,40.12572],[-74.1239,40.12631],[-74.12012,40.12677],[-74.12313,40.12762],[-74.1245,40.12657],[-74.1251,40.12361],[-74.12621,40.12361],[-74.1251,40.12526],[-74.12819,40.12427],[-74.12519,40.12552],[-74.12836,40.12552],[-74.12733,40.1265],[-74.12218,40.12821],[-74.12373,40.13097],[-74.12055,40.12808],[-74.11858,40.12821],[-74.1154,40.129],[-74.11437,40.1311],[-74.11205,40.13084],[-74.1118,40.13235],[-74.11686,40.13281],[-74.11669,40.13084],[-74.11806,40.13275],[-74.11789,40.13071],[-74.1184,40.13275],[-74.11909,40.13097],[-74.12046,40.13262],[-74.12029,40.13091],[-74.12081,40.13262],[-74.12295,40.13275],[-74.11205,40.1334],[-74.11145,40.13222],[-74.11162,40.13045],[-74.11308,40.1294],[-74.11257,40.12677],[-74.11085,40.12703],[-74.10948,40.13308],[-74.11085,40.1361],[-74.11377,40.13597],[-74.11154,40.13524],[-74.1136,40.13459],[-74.11145,40.13446],[-74.1178,40.13426],[-74.11394,40.13452],[-74.11789,40.13511],[-74.11403,40.13597],[-74.11798,40.13597],[-74.1118,40.13636],[-74.11806,40.13662],[-74.11531,40.13708],[-74.11815,40.13761],[-74.11583,40.1382],[-74.11197,40.13735],[-74.11514,40.14057],[-74.11952,40.1403],[-74.11652,40.14076],[-74.11969,40.14122],[-74.11703,40.14221],[-74.11978,40.14234],[-74.11677,40.14247],[-74.11514,40.14083],[-74.11626,40.14372],[-74.12141,40.14398],[-74.12098,40.13984],[-74.11969,40.13958],[-74.12424,40.13932],[-74.12132,40.13984],[-74.12175,40.14411],[-74.13325,40.14589],[-74.13411,40.14431],[-74.13651,40.143],[-74.14784,40.14175],[-74.13463,40.14457],[-74.1336,40.14595],[-74.13823,40.15147],[-74.14295,40.15009],[-74.14184,40.1499],[-74.14295,40.14832],[-74.1439,40.14996],[-74.15402,40.14707],[-74.15591,40.14227],[-74.15909,40.14162],[-74.15995,40.14333],[-74.16613,40.13899],[-74.16982,40.14155],[-74.17917,40.13925],[-74.17625,40.14011],[-74.17831,40.14365],[-74.17849,40.1403],[-74.17934,40.1428],[-74.18261,40.14149],[-74.18449,40.1426],[-74.18913,40.13859],[-74.19411,40.13932],[-74.19582,40.13794],[-74.19763,40.13919],[-74.19436,40.14293],[-74.19076,40.14063],[-74.19007,40.14254],[-74.19376,40.143],[-74.19282,40.14444],[-74.19042,40.14287],[-74.18801,40.14615],[-74.18432,40.14582],[-74.17986,40.14983],[-74.17634,40.1497],[-74.17548,40.1474],[-74.16647,40.14773],[-74.16415,40.15029],[-74.15214,40.15233],[-74.15411,40.15371],[-74.15162,40.15436],[-74.1566,40.1566],[-74.14613,40.15436],[-74.1445,40.15693],[-74.1457,40.15732],[-74.14441,40.15732],[-74.14398,40.15666],[-74.14158,40.15877],[-74.14003,40.15798],[-74.13188,40.16067],[-74.12476,40.15975],[-74.1227,40.15798],[-74.11926,40.1585],[-74.11969,40.16002],[-74.12141,40.15988],[-74.11969,40.16087],[-74.12313,40.1612],[-74.1178,40.1614],[-74.11935,40.15988],[-74.1166,40.15949],[-74.11798,40.15864],[-74.11703,40.15739],[-74.10639,40.15739],[-74.10544,40.1585],[-74.10768,40.16534],[-74.10888,40.16547],[-74.10707,40.16245],[-74.11137,40.16186],[-74.11008,40.1614],[-74.10922,40.15982],[-74.1081,40.16087],[-74.10673,40.16041],[-74.10922,40.15962],[-74.11171,40.16179],[-74.11051,40.16409],[-74.11317,40.16514],[-74.11068,40.16547],[-74.1124,40.16652],[-74.10776,40.1656],[-74.10759,40.1679],[-74.11325,40.17],[-74.11214,40.17046],[-74.11489,40.17349],[-74.12501,40.17533],[-74.12295,40.17381],[-74.12699,40.17414],[-74.1233,40.17289],[-74.13059,40.17454],[-74.12639,40.17487],[-74.12467,40.17611],[-74.12802,40.17874],[-74.13008,40.17822],[-74.12888,40.17565],[-74.12888,40.17762],[-74.12767,40.17782],[-74.12767,40.17572],[-74.12613,40.17697],[-74.12673,40.17552],[-74.13094,40.17533],[-74.13145,40.17743],[-74.1293,40.17565],[-74.13171,40.17808],[-74.13188,40.17519],[-74.13403,40.17795],[-74.13274,40.1746],[-74.13445,40.17795],[-74.13385,40.1748],[-74.1366,40.17782],[-74.13506,40.17454],[-74.13694,40.17782],[-74.13634,40.17447],[-74.13909,40.17769],[-74.13737,40.17414],[-74.13952,40.17769],[-74.13918,40.17487],[-74.14155,40.17732],[-74.14021,40.1746],[-74.14295,40.17749],[-74.14132,40.17414],[-74.14372,40.17749],[-74.14295,40.17408],[-74.14406,40.17721],[-74.14484,40.17658],[-74.14759,40.17658],[-74.1469,40.18129],[-74.1457,40.17783],[-74.14707,40.17717],[-74.14411,40.17774],[-74.14536,40.17828],[-74.14553,40.1796],[-74.14087,40.17794],[-74.13634,40.18313],[-74.13866,40.17808],[-74.13763,40.1796],[-74.1366,40.17822],[-74.13669,40.17999],[-74.1354,40.18006],[-74.13634,40.17914],[-74.13471,40.17894],[-74.13626,40.17822],[-74.13334,40.17835],[-74.13377,40.18052],[-74.13506,40.18052],[-74.13342,40.18078],[-74.13274,40.17835],[-74.13239,40.18071],[-74.13136,40.17841],[-74.13059,40.18071],[-74.12913,40.17854],[-74.12939,40.18078],[-74.12707,40.17979],[-74.12656,40.18104],[-74.12544,40.17927],[-74.12793,40.17914],[-74.12553,40.17756],[-74.12458,40.17854],[-74.12596,40.18137],[-74.12853,40.18308],[-74.1017,40.18308],[-74.0833,40.18889],[-74.0815,40.19164],[-74.07987,40.19209],[-74.08287,40.19425],[-74.07858,40.19249],[-74.08107,40.19111],[-74.07557,40.19321],[-74.06073,40.20152],[-74.06098,40.20505],[-74.05987,40.20512],[-74.0603,40.20171],[-74.05403,40.20499],[-74.04099,40.20846],[-74.03635,40.2078],[-74.03489,40.2059],[-74.03584,40.20852],[-74.02287,40.21219],[-74.01163,40.21336],[-74.007,40.21533],[-74.00056,40.21448],[-74.00116,40.21572],[-73.99077,40.21847],[-73.99155,40.22004],[-73.99052,40.2186],[-73.98279,40.22403],[-73.98065,40.23051],[-73.98245,40.24124],[-73.98657,40.24039],[-73.99472,40.2421],[-74.00185,40.23503],[-74.00734,40.23751],[-74.01318,40.23673],[-74.01918,40.23359],[-74.01927,40.23162],[-74.02124,40.23234],[-74.02562,40.23064],[-74.01695,40.23653],[-74.01661,40.24196],[-74.02665,40.2436],[-74.04287,40.25231],[-74.04948,40.25047],[-74.05008,40.2491],[-74.05068,40.24936],[-74.05189,40.24838],[-74.05266,40.24844],[-74.04802,40.25263],[-74.04588,40.25283],[-74.05017,40.25348],[-74.05206,40.25591],[-74.05652,40.25473],[-74.06399,40.25931],[-74.06588,40.25898],[-74.06699,40.25977],[-74.06639,40.26389],[-74.06948,40.26487],[-74.06828,40.26729],[-74.0766,40.26814],[-74.07987,40.27083],[-74.08124,40.27037],[-74.08081,40.27233],[-74.08433,40.27279],[-74.08004,40.2758],[-74.0833,40.27842],[-74.08484,40.28228],[-74.08407,40.28398],[-74.08175,40.28483],[-74.08236,40.28627],[-74.08433,40.28693],[-74.08845,40.28555],[-74.09025,40.28608],[-74.08736,40.29233],[-74.08907,40.29364],[-74.09394,40.29223],[-74.0966,40.29386],[-74.09549,40.29648],[-74.09652,40.29786],[-74.09669,40.30087],[-74.09523,40.30205],[-74.09291,40.30185],[-74.09557,40.30067],[-74.09506,40.29674],[-74.09573,40.29341],[-74.09391,40.29263],[-74.09017,40.294],[-74.08733,40.29347],[-74.08665,40.2902],[-74.09008,40.28634],[-74.08347,40.28745],[-74.08158,40.28601],[-74.08158,40.28464],[-74.08399,40.28182],[-74.08072,40.27829],[-74.07789,40.2777],[-74.07618,40.27102],[-74.07463,40.27017],[-74.06957,40.27377],[-74.06562,40.27122],[-74.06133,40.27148],[-74.05412,40.26651],[-74.053,40.2618],[-74.04768,40.26062],[-74.04682,40.25813],[-74.04184,40.25957],[-74.03978,40.25807],[-74.03051,40.25833],[-74.0276,40.25316],[-74.02373,40.25204],[-74.02287,40.24949],[-74.01412,40.25008],[-74.00914,40.247],[-74.00099,40.24766],[-73.99901,40.25015],[-73.99652,40.25087],[-73.99258,40.25106],[-73.98674,40.2491],[-73.98339,40.25028],[-73.97962,40.25001],[-73.97644,40.26088],[-73.97996,40.26664],[-73.98219,40.26723],[-73.98142,40.26225],[-73.98374,40.26238],[-73.98803,40.26363],[-73.98605,40.26468],[-73.9864,40.26598],[-73.98262,40.26729],[-73.98588,40.27017],[-73.99129,40.26854],[-73.98983,40.27102],[-73.99206,40.27233],[-73.99515,40.27043],[-73.99764,40.26985],[-73.99549,40.27187],[-73.99961,40.27037],[-73.9973,40.27305],[-74.00159,40.27246],[-74.00648,40.27907],[-74.0118,40.27901],[-74.00717,40.28006],[-74.00854,40.28418],[-74.01489,40.28385],[-74.01652,40.28156],[-74.01592,40.2849],[-74.01833,40.28588],[-74.02262,40.28254],[-74.02382,40.28261],[-74.02064,40.28588],[-74.02468,40.28555],[-74.02502,40.28712],[-74.02708,40.28739],[-74.02991,40.28614],[-74.02837,40.28758],[-74.03043,40.28902],[-74.01858,40.28758],[-74.01318,40.28896],[-74.02073,40.29059],[-74.02708,40.29426],[-74.02665,40.29537],[-74.01704,40.29203],[-74.0215,40.29851],[-74.02167,40.30146],[-74.03154,40.30165],[-74.0488,40.30898],[-74.04313,40.30866],[-74.03635,40.30414],[-74.02373,40.30316],[-74.02202,40.30447],[-74.02631,40.3061],[-74.02708,40.31016],[-74.03601,40.31167],[-74.03403,40.31265],[-74.02854,40.31127],[-74.02931,40.31422],[-74.02828,40.31402],[-74.02665,40.3135],[-74.02734,40.31121],[-74.02485,40.31068],[-74.02545,40.30872],[-74.02373,40.30905],[-74.02451,40.30715],[-74.01996,40.3065],[-74.01798,40.30813],[-74.0209,40.30532],[-74.01893,40.30427],[-74.0185,40.30113],[-74.01292,40.29694],[-74.01017,40.2972],[-74.01352,40.29943],[-74.01343,40.30133],[-74.0167,40.30277],[-74.01627,40.30349],[-74.01326,40.30205],[-74.01052,40.30355],[-74.0106,40.30146],[-74.007,40.30087],[-74.0094,40.29832],[-74.00708,40.29818],[-74.00331,40.29452],[-73.9991,40.29498],[-73.99953,40.2976],[-73.99644,40.30322],[-73.99738,40.30767],[-74.00064,40.31042],[-74.00356,40.31003],[-74.00133,40.3114],[-74.00811,40.3154],[-74.00811,40.31847],[-74.01009,40.32024],[-74.00717,40.3186],[-74.00785,40.31618],[-74.00356,40.3154],[-73.99549,40.30905],[-73.98768,40.31193],[-73.99567,40.30676],[-73.99335,40.30277],[-73.99541,40.30165],[-73.99601,40.29812],[-73.99,40.29976],[-73.98932,40.30126],[-73.98623,40.29917],[-73.98451,40.30375],[-73.98314,40.30172],[-73.98451,40.29917],[-73.98356,40.29799],[-73.98863,40.29871],[-73.98992,40.29694],[-73.99464,40.29602],[-73.99404,40.29354],[-73.99198,40.2938],[-73.99395,40.29236],[-73.99069,40.29301],[-73.99472,40.29197],[-73.99807,40.28968],[-73.9979,40.28811],[-73.99721,40.28968],[-73.99283,40.28739],[-73.99069,40.28791],[-73.98932,40.28896],[-73.99043,40.29216],[-73.98494,40.28509],[-73.98211,40.29007],[-73.97824,40.28955],[-73.97558,40.28182],[-73.97773,40.28064],[-73.97464,40.27142],[-73.97635,40.26461],[-73.97447,40.25852],[-73.97567,40.24085],[-73.97747,40.23516],[-73.97696,40.22796],[-73.97859,40.22253],[-73.98211,40.21925],[-73.98013,40.21539],[-73.98168,40.21081],[-73.98992,40.20584],[-73.98382,40.20852],[-73.98631,40.19942],[-73.99378,40.19582],[-73.99043,40.19792],[-73.99052,40.19995],[-73.99438,40.19596],[-73.99215,40.18308],[-73.9826,40.18308],[-73.9815,40.20531],[-73.9749,40.22037],[-73.97155,40.26363],[-73.97387,40.29171],[-73.97258,40.29288],[-73.98176,40.3455],[-73.99283,40.38084],[-73.99455,40.38791],[-73.99309,40.38909],[-73.99678,40.39479],[-73.99541,40.3957],[-74.00631,40.42633],[-74.00838,40.43829],[-74.01644,40.43739],[-74.02493,40.43883],[-74.03069,40.43661],[-74.02768,40.43366],[-74.03626,40.42784],[-74.04262,40.42915],[-74.03893,40.4317],[-74.0385,40.43785],[-74.04116,40.44106],[-74.05249,40.43576],[-74.05712,40.43634],[-74.0591,40.43458],[-74.05841,40.43248],[-74.06055,40.43373],[-74.05995,40.43589],[-74.05369,40.44099],[-74.05309,40.44354],[-74.04227,40.44962],[-74.0536,40.44825],[-74.05103,40.44988],[-74.03927,40.4506],[-74.0342,40.45216],[-74.03419,40.45216],[-74.03489,40.45516],[-74.04305,40.45464],[-74.04133,40.45627],[-74.05128,40.46494],[-74.05601,40.46598],[-74.05412,40.46905],[-74.05489,40.47028],[-74.06613,40.46285],[-74.0706,40.4665],[-74.06751,40.4654],[-74.06553,40.46644],[-74.07008,40.47074],[-74.06974,40.4753],[-74.07214,40.47217],[-74.07334,40.47231],[-74.0748,40.47335],[-74.07987,40.47204],[-74.07111,40.47935],[-74.07351,40.48019],[-74.07729,40.4783],[-74.07317,40.48084],[-74.07077,40.48039],[-74.0718,40.48124],[-74.0706,40.48176],[-74.0736,40.48117],[-74.07566,40.48358],[-74.073,40.48567],[-74.076,40.48404],[-74.07721,40.48541],[-74.08133,40.4845],[-74.06485,40.49186],[-74.06656,40.49499],[-74.08536,40.48749],[-74.08759,40.48521],[-74.09617,40.48599],[-74.06819,40.49714],[-74.0706,40.50034],[-74.08845,40.49343],[-74.10656,40.49062],[-74.1075,40.4918],[-74.1015,40.49245],[-74.09738,40.49577],[-74.09652,40.4946],[-74.08957,40.4961],[-74.0912,40.49845],[-74.08974,40.50301],[-74.08845,40.50529],[-74.08605,40.50549],[-74.09334,40.51083],[-74.09712,40.51181],[-74.1057,40.5109],[-74.10716,40.50946],[-74.10759,40.5107],[-74.11394,40.50914],[-74.11411,40.51018],[-74.11583,40.50816],[-74.11506,40.51148],[-74.12029,40.51494],[-74.13677,40.51533],[-74.14381,40.51722],[-74.14613,40.51435],[-74.13952,40.50496],[-74.13317,40.50157],[-74.13197,40.49942],[-74.13325,40.49773],[-74.13102,40.49499],[-74.12759,40.49499],[-74.12759,40.49167],[-74.12561,40.48873],[-74.1233,40.48886],[-74.1172,40.48293],[-74.11918,40.48084],[-74.11643,40.47941],[-74.11712,40.4785],[-74.11368,40.47446],[-74.11188,40.47472],[-74.11325,40.47087],[-74.11137,40.47009],[-74.11068,40.46631],[-74.10922,40.46644],[-74.10828,40.46337],[-74.10175,40.45816],[-74.10639,40.45712],[-74.10656,40.45151],[-74.10785,40.45118],[-74.10768,40.4489],[-74.1039,40.44877],[-74.10647,40.44669],[-74.1015,40.44278],[-74.12338,40.44278],[-74.12295,40.44995],[-74.12064,40.45627],[-74.12381,40.46298],[-74.12742,40.46422],[-74.12561,40.46553],[-74.13214,40.47257],[-74.13883,40.46546],[-74.15317,40.46064],[-74.15437,40.4624],[-74.14055,40.46702],[-74.136,40.47185],[-74.14415,40.48091],[-74.159,40.47172],[-74.16038,40.47374],[-74.13883,40.4871],[-74.14879,40.50144],[-74.15737,40.49831],[-74.16501,40.50522],[-74.16407,40.50601],[-74.16947,40.50633],[-74.16853,40.50757],[-74.17419,40.51122],[-74.17857,40.51116],[-74.18012,40.51318],[-74.19067,40.51657],[-74.19806,40.52452],[-74.20029,40.52387],[-74.19874,40.52569],[-74.20466,40.52661],[-74.20767,40.5283],[-74.21007,40.53286],[-74.21282,40.53228],[-74.21162,40.53019],[-74.21299,40.53228],[-74.21411,40.53215],[-74.21531,40.53267],[-74.21608,40.53123],[-74.21634,40.5343],[-74.21891,40.53189],[-74.22303,40.53371],[-74.22406,40.53221],[-74.22878,40.53019],[-74.23162,40.53006],[-74.23239,40.52595],[-74.23479,40.52556],[-74.23239,40.52693],[-74.23265,40.53039],[-74.22844,40.53143],[-74.22835,40.53345],[-74.22956,40.53391],[-74.23333,40.53762],[-74.23513,40.53651],[-74.23359,40.53788],[-74.22672,40.53267],[-74.22252,40.53391],[-74.219,40.53215],[-74.21634,40.53462],[-74.21428,40.53241],[-74.20999,40.53326],[-74.2075,40.52882],[-74.20321,40.52719],[-74.20441,40.53319],[-74.2075,40.53717],[-74.20552,40.53841],[-74.20484,40.54316],[-74.20672,40.55457],[-74.20123,40.56011],[-74.20415,40.56637],[-74.20964,40.56363],[-74.21256,40.55731],[-74.21436,40.55646],[-74.21651,40.55692],[-74.21934,40.56011],[-74.23024,40.56161],[-74.23333,40.56083],[-74.23453,40.55757],[-74.24209,40.56116],[-74.25316,40.55992],[-74.25994,40.55744],[-74.2632,40.55757],[-74.26732,40.56155],[-74.27196,40.56109],[-74.27127,40.55516],[-74.27453,40.55118],[-74.27419,40.54936],[-74.27874,40.55053],[-74.28329,40.54916],[-74.27874,40.5506],[-74.27505,40.54994],[-74.27487,40.55131],[-74.27153,40.55555],[-74.27273,40.56109],[-74.26981,40.562],[-74.26535,40.56129],[-74.26234,40.55783],[-74.24724,40.56233],[-74.24054,40.56161],[-74.23642,40.55881],[-74.23393,40.56187],[-74.22956,40.56285],[-74.21865,40.56129],[-74.21488,40.55744],[-74.21153,40.56363],[-74.2063,40.56852],[-74.20956,40.57243],[-74.21273,40.59029],[-74.21462,40.5899],[-74.21385,40.59284],[-74.21539,40.59642],[-74.22011,40.60177],[-74.23196,40.59805],[-74.2311,40.59962],[-74.23419,40.59929],[-74.23762,40.60203],[-74.25187,40.60737],[-74.25453,40.61142],[-74.25539,40.60542],[-74.25247,40.60542],[-74.25076,40.60418],[-74.25599,40.60529],[-74.25376,40.61565],[-74.25359,40.62973],[-74.25007,40.63788],[-74.25625,40.6416],[-74.25642,40.64414],[-74.25496,40.64414],[-74.2602,40.64792],[-74.2626,40.65711],[-74.26612,40.66115],[-74.26929,40.66213],[-74.28329,40.66057],[-74.28243,40.65698],[-74.28758,40.6517],[-74.29719,40.64883],[-74.30594,40.64955],[-74.32311,40.65822],[-74.32234,40.65894],[-74.3274,40.66285],[-74.32397,40.66089],[-74.32955,40.66891],[-74.33453,40.67263],[-74.35564,40.67647],[-74.3583,40.67941],[-74.35813,40.68612],[-74.36491,40.68892],[-74.36646,40.68814],[-74.36457,40.68182],[-74.36671,40.67888],[-74.37246,40.67817],[-74.37675,40.68188],[-74.37967,40.68156],[-74.38225,40.67908],[-74.38268,40.67217],[-74.39229,40.67458],[-74.39856,40.6693],[-74.4122,40.66741],[-74.4171,40.66878],[-74.42242,40.67263],[-74.42911,40.67282],[-74.43435,40.67035],[-74.43709,40.66317],[-74.44121,40.65835],[-74.44937,40.65379],[-74.4807,40.64916],[-74.49537,40.63123],[-74.514,40.61839],[-74.51735,40.60803],[-74.52498,40.60151],[-74.53099,40.60112],[-74.53769,40.60275],[-74.56627,40.61793],[-74.56103,40.61644],[-74.55476,40.612],[-74.54605,40.60864],[-74.55065,40.6107],[-74.5467,40.60959],[-74.53606,40.60327],[-74.5279,40.60229],[-74.52155,40.60607],[-74.51803,40.61676],[-74.51202,40.62158],[-74.51316,40.62061]],[[-73.98614,40.90789],[-73.98683,40.90848],[-73.98554,40.90848],[-73.98614,40.90789]],[[-73.94252,40.91613],[-73.94252,40.91613],[-73.94254,40.91614],[-73.94252,40.91613]],[[-73.96512,40.9428],[-73.96512,40.9428],[-73.9652,40.94276],[-73.96512,40.9428]],[[-73.20868,40.79609],[-73.21143,40.7968],[-73.21564,40.79466],[-73.21383,40.79336],[-73.21186,40.79537],[-73.20868,40.79609]],[[-74.03369,40.44923],[-74.03807,40.44845],[-74.03515,40.44949],[-74.04141,40.44982],[-74.03893,40.44655],[-74.03307,40.44633],[-74.03197,40.4476],[-74.033,40.44714],[-74.0342,40.45216],[-74.03369,40.44923]],[[-74.53156,40.60217],[-74.52885,40.60177],[-74.52464,40.60242],[-74.51906,40.60731],[-74.51372,40.62012],[-74.51786,40.61657],[-74.52181,40.60516],[-74.52576,40.60294],[-74.5279,40.60229],[-74.53156,40.60217]],[[-74.53314,40.6024],[-74.5364,40.60307],[-74.53896,40.60444],[-74.53631,40.60288],[-74.53314,40.6024]],[[-74.47535,40.65092],[-74.4831,40.64909],[-74.48362,40.64846],[-74.47535,40.65092]],[[-73.83156,40.88439],[-73.83173,40.88893],[-73.83439,40.889],[-73.83739,40.88796],[-73.84023,40.88244],[-73.83903,40.87134],[-73.84212,40.86439],[-73.83877,40.86043],[-73.83971,40.85439],[-73.8398,40.8603],[-73.84297,40.86472],[-73.84014,40.8742],[-73.84666,40.88342],[-73.84864,40.88108],[-73.85267,40.87972],[-73.84907,40.88192],[-73.84975,40.88588],[-73.84752,40.88822],[-73.84864,40.88926],[-73.85705,40.88893],[-73.8592,40.88764],[-73.85894,40.88368],[-73.86014,40.88433],[-73.85937,40.88575],[-73.86048,40.88433],[-73.86778,40.88329],[-73.87061,40.87952],[-73.88228,40.87433],[-73.88417,40.87114],[-73.88357,40.86231],[-73.88134,40.86043],[-73.87653,40.85076],[-73.88168,40.86056],[-73.88366,40.86154],[-73.88503,40.87043],[-73.88297,40.87452],[-73.87945,40.87757],[-73.8725,40.88017],[-73.87001,40.88368],[-73.86812,40.88725],[-73.87173,40.89244],[-73.87791,40.89225],[-73.87842,40.89088],[-73.8852,40.89186],[-73.88949,40.88816],[-73.89516,40.88712],[-73.90211,40.88919],[-73.91198,40.89731],[-73.92014,40.89452],[-73.92331,40.89153],[-73.92769,40.8914],[-73.93284,40.88381],[-73.93155,40.87166],[-73.93341,40.85997],[-73.92863,40.84939],[-73.92082,40.83862],[-73.91275,40.83095],[-73.90863,40.82258],[-73.91095,40.81985],[-73.92503,40.81505],[-73.91267,40.78596],[-73.91018,40.77804],[-73.91061,40.77473],[-73.90898,40.77096],[-73.90752,40.77122],[-73.90288,40.75804],[-73.90409,40.75791],[-73.90194,40.75356],[-73.90151,40.74603],[-73.89979,40.74532],[-73.89808,40.73713],[-73.89679,40.7372],[-73.89147,40.72941],[-73.88909,40.71813],[-73.85078,40.71813],[-73.85284,40.72214],[-73.85327,40.72863],[-73.85216,40.73298],[-73.85053,40.73324],[-73.84881,40.72941],[-73.8501,40.72727],[-73.8489,40.72142],[-73.84993,40.72071],[-73.84774,40.71813],[-73.74392,40.71813],[-73.74418,40.71973],[-73.7435,40.72045],[-73.74427,40.72149],[-73.74332,40.72434],[-73.74341,40.71813],[-73.67223,40.71813],[-73.67311,40.72025],[-73.672,40.72233],[-73.67389,40.7248],[-73.67131,40.72642],[-73.66822,40.72642],[-73.66608,40.7246],[-73.66736,40.71909],[-73.67154,40.71813],[-73.66693,40.71909],[-73.65878,40.71813],[-73.66179,40.72681],[-73.67174,40.72727],[-73.67088,40.7285],[-73.67337,40.73038],[-73.67715,40.73012],[-73.6799,40.73564],[-73.68462,40.73837],[-73.68333,40.74012],[-73.68444,40.74246],[-73.68213,40.7409],[-73.68256,40.74467],[-73.68436,40.74447],[-73.68402,40.74311],[-73.68771,40.74545],[-73.68487,40.74967],[-73.69397,40.74973],[-73.69483,40.75363],[-73.69818,40.75473],[-73.6926,40.74278],[-73.69277,40.73954],[-73.69105,40.73876],[-73.69294,40.73824],[-73.68985,40.73726],[-73.68951,40.73577],[-73.69123,40.73545],[-73.69655,40.73999],[-73.69852,40.73895],[-73.69758,40.74097],[-73.69955,40.74051],[-73.69818,40.74129],[-73.69886,40.74259],[-73.7017,40.74434],[-73.69758,40.74272],[-73.70135,40.74726],[-73.70238,40.74454],[-73.70813,40.74954],[-73.71637,40.74856],[-73.71509,40.74726],[-73.712,40.74811],[-73.71474,40.74635],[-73.71423,40.74441],[-73.71835,40.74668],[-73.71758,40.74746],[-73.72041,40.75181],[-73.72427,40.75161],[-73.72367,40.75025],[-73.72616,40.75187],[-73.72805,40.74876],[-73.72556,40.74441],[-73.7326,40.74506],[-73.72933,40.74882],[-73.73011,40.75096],[-73.7356,40.74902],[-73.73732,40.7509],[-73.73354,40.75116],[-73.72925,40.75376],[-73.72899,40.75259],[-73.72607,40.75278],[-73.72169,40.75557],[-73.72367,40.75752],[-73.72255,40.75986],[-73.72496,40.76194],[-73.72521,40.76538],[-73.72736,40.76655],[-73.73165,40.76564],[-73.73448,40.77226],[-73.73551,40.77051],[-73.7338,40.76525],[-73.73062,40.76525],[-73.73165,40.76233],[-73.73792,40.76616],[-73.73345,40.76109],[-73.73603,40.76246],[-73.7374,40.76142],[-73.73706,40.76324],[-73.74187,40.76629],[-73.74384,40.76525],[-73.74075,40.76272],[-73.74298,40.76135],[-73.74427,40.76512],[-73.7459,40.76447],[-73.74461,40.76596],[-73.74616,40.76739],[-73.74564,40.7683],[-73.74367,40.7683],[-73.74521,40.77103],[-73.74307,40.77194],[-73.7447,40.77388],[-73.74315,40.77577],[-73.74633,40.77726],[-73.7477,40.77629],[-73.74813,40.77849],[-73.75603,40.7809],[-73.7604,40.787],[-73.76143,40.78505],[-73.75912,40.782],[-73.75422,40.78005],[-73.7544,40.77668],[-73.7586,40.77765],[-73.7592,40.78083],[-73.76126,40.78245],[-73.76161,40.78005],[-73.76435,40.77862],[-73.76358,40.77707],[-73.76598,40.77804],[-73.76719,40.78044],[-73.76281,40.7809],[-73.76392,40.78291],[-73.7671,40.78077],[-73.7695,40.78213],[-73.77079,40.77921],[-73.77062,40.78096],[-73.77362,40.7818],[-73.76976,40.78323],[-73.77268,40.7868],[-73.76761,40.78531],[-73.76925,40.7896],[-73.76427,40.79115],[-73.76641,40.79648],[-73.76933,40.79635],[-73.76993,40.79966],[-73.77319,40.79979],[-73.77345,40.80219],[-73.77954,40.80433],[-73.78023,40.80323],[-73.77663,40.7994],[-73.7756,40.79414],[-73.77397,40.79304],[-73.77628,40.79291],[-73.77869,40.79927],[-73.7816,40.79992],[-73.78066,40.80057],[-73.78126,40.80148],[-73.78289,40.80109],[-73.78109,40.80206],[-73.78203,40.80388],[-73.78547,40.80518],[-73.78581,40.80336],[-73.78881,40.8055],[-73.78581,40.80609],[-73.78976,40.81083],[-73.79225,40.80959],[-73.79568,40.81303],[-73.7962,40.81693],[-73.80306,40.82505],[-73.80933,40.82271],[-73.80761,40.82362],[-73.80881,40.82492],[-73.80675,40.82446],[-73.80229,40.82842],[-73.79817,40.82212],[-73.79422,40.82024],[-73.79319,40.81693],[-73.79439,40.81654],[-73.79285,40.8144],[-73.7895,40.81284],[-73.78942,40.81492],[-73.78418,40.81576],[-73.78839,40.82316],[-73.78512,40.82037],[-73.78538,40.82238],[-73.78358,40.82024],[-73.78324,40.82264],[-73.78547,40.82537],[-73.78813,40.82472],[-73.79165,40.82654],[-73.7919,40.83277],[-73.79431,40.83407],[-73.79439,40.83745],[-73.79869,40.83901],[-73.798,40.84206],[-73.8004,40.84576],[-73.80409,40.84043],[-73.80461,40.83238],[-73.80838,40.83401],[-73.81371,40.83011],[-73.81525,40.83076],[-73.81508,40.82868],[-73.81697,40.82959],[-73.81439,40.82609],[-73.81542,40.82368],[-73.8198,40.82479],[-73.82203,40.82368],[-73.81946,40.81005],[-73.82031,40.80674],[-73.82401,40.80537],[-73.821,40.79875],[-73.81825,40.797],[-73.82092,40.79843],[-73.82117,40.79745],[-73.82461,40.80531],[-73.82692,40.8044],[-73.8271,40.80492],[-73.82057,40.80888],[-73.82375,40.81946],[-73.82358,40.82401],[-73.82031,40.82641],[-73.81886,40.8316],[-73.82323,40.83388],[-73.82023,40.83492],[-73.81654,40.83271],[-73.81285,40.83518],[-73.81242,40.83978],[-73.81662,40.83985],[-73.81748,40.84219],[-73.81508,40.84485],[-73.81611,40.84771],[-73.81259,40.84894],[-73.81173,40.84745],[-73.81259,40.84978],[-73.81834,40.84978],[-73.81671,40.85011],[-73.81482,40.85413],[-73.81654,40.85647],[-73.81534,40.86251],[-73.8131,40.86576],[-73.80993,40.86582],[-73.81413,40.86718],[-73.81285,40.86868],[-73.81413,40.86972],[-73.80744,40.86855],[-73.80495,40.87498],[-73.79774,40.87829],[-73.80323,40.88147],[-73.8071,40.87744],[-73.80495,40.88199],[-73.79087,40.8866],[-73.7901,40.88868],[-73.79396,40.88997],[-73.79654,40.88868],[-73.79491,40.88919],[-73.79525,40.88803],[-73.80186,40.88497],[-73.80401,40.88543],[-73.80864,40.88166],[-73.81645,40.87997],[-73.83156,40.88439]],[[-73.92504,40.81506],[-73.92504,40.81506],[-73.92503,40.81505],[-73.92504,40.81506]],[[-73.66719,40.72006],[-73.67028,40.71947],[-73.67191,40.72142],[-73.67277,40.71993],[-73.67226,40.7187],[-73.66908,40.7187],[-73.66719,40.72006]],[[-73.83267,40.58365],[-73.86203,40.59414],[-73.89499,40.60359],[-73.9028,40.60405],[-73.94065,40.61872],[-73.94082,40.60705],[-73.9264,40.59962],[-73.91147,40.59597],[-73.90675,40.59818],[-73.90168,40.59818],[-73.89258,40.59245],[-73.87782,40.59225],[-73.85207,40.57941],[-73.83911,40.57915],[-73.82323,40.57354],[-73.82143,40.57426],[-73.80959,40.56748],[-73.80426,40.56976],[-73.80778,40.5667],[-73.80555,40.56565],[-73.80246,40.56839],[-73.80229,40.5665],[-73.80504,40.56396],[-73.80289,40.5622],[-73.79216,40.5609],[-73.78658,40.55777],[-73.79045,40.56181],[-73.79105,40.56559],[-73.78976,40.56631],[-73.78881,40.56279],[-73.78375,40.55887],[-73.78366,40.55594],[-73.77877,40.55157],[-73.77525,40.55144],[-73.77431,40.55346],[-73.77663,40.55887],[-73.78186,40.56272],[-73.78006,40.56396],[-73.77508,40.55927],[-73.77371,40.56285],[-73.76813,40.56318],[-73.77105,40.56083],[-73.76907,40.55138],[-73.77362,40.54942],[-73.77345,40.5474],[-73.76633,40.54681],[-73.76513,40.54897],[-73.76023,40.5502],[-73.76101,40.55131],[-73.75998,40.55014],[-73.75483,40.55073],[-73.7544,40.54955],[-73.76332,40.54675],[-73.75757,40.54408],[-73.75543,40.54486],[-73.75834,40.54258],[-73.76272,40.5429],[-73.76195,40.54434],[-73.76701,40.54551],[-73.77036,40.54512],[-73.77019,40.54382],[-73.76787,40.54075],[-73.76375,40.5399],[-73.76375,40.53795],[-73.76083,40.53899],[-73.75577,40.53469],[-73.74856,40.5315],[-73.74564,40.53215],[-73.7471,40.53032],[-73.7459,40.52947],[-73.74118,40.53019],[-73.73869,40.52856],[-73.74023,40.52863],[-73.74023,40.52569],[-73.74255,40.52582],[-73.74109,40.52335],[-73.74272,40.52276],[-73.74393,40.52315],[-73.74375,40.52198],[-73.74478,40.52387],[-73.7471,40.52413],[-73.74616,40.52061],[-73.74865,40.51598],[-73.75474,40.51318],[-73.74753,40.51931],[-73.74873,40.52576],[-73.76633,40.53267],[-73.77079,40.54095],[-73.77079,40.53762],[-73.77706,40.53332],[-73.77946,40.53365],[-73.78495,40.54049],[-73.7889,40.53788],[-73.78281,40.53078],[-73.79233,40.52511],[-73.81851,40.51448],[-73.82177,40.51122],[-73.8234,40.50601],[-73.82229,40.50164],[-73.81868,40.49988],[-73.81147,40.50027],[-73.81868,40.49884],[-73.82332,40.50066],[-73.82504,40.50562],[-73.82332,40.51246],[-73.8289,40.51155],[-73.83156,40.50712],[-73.82898,40.50483],[-73.83199,40.50698],[-73.83053,40.5049],[-73.83216,40.50607],[-73.83285,40.50373],[-73.83216,40.5047],[-73.83267,40.50314],[-73.83113,40.50268],[-73.83336,40.50294],[-73.83121,40.51174],[-73.83388,40.51285],[-73.83602,40.51155],[-73.83834,40.49851],[-73.83971,40.49871],[-73.83594,40.51552],[-73.85087,40.51592],[-73.85259,40.51337],[-73.84915,40.50992],[-73.85602,40.50998],[-73.85962,40.50588],[-73.85696,40.51037],[-73.85834,40.51409],[-73.85722,40.51722],[-73.86726,40.52107],[-73.87937,40.5064],[-73.86967,40.5227],[-73.87319,40.52465],[-73.87499,40.52406],[-73.88211,40.51722],[-73.88563,40.51696],[-73.88761,40.51318],[-73.89112,40.51181],[-73.87705,40.52511],[-73.88349,40.52993],[-73.88263,40.53273],[-73.88743,40.53293],[-73.89241,40.53736],[-73.89619,40.53828],[-73.89602,40.54629],[-73.88975,40.54955],[-73.89276,40.55379],[-73.89997,40.55548],[-73.90142,40.54929],[-73.90881,40.54362],[-73.90906,40.54525],[-73.9022,40.55066],[-73.90168,40.55522],[-73.90529,40.55614],[-73.90872,40.55438],[-73.90975,40.55516],[-73.90838,40.55698],[-73.91361,40.55705],[-73.9167,40.55425],[-73.91421,40.5461],[-73.91662,40.5476],[-73.91576,40.54923],[-73.91953,40.55314],[-73.91447,40.55822],[-73.90889,40.55946],[-73.89885,40.55738],[-73.89301,40.55822],[-73.884,40.55548],[-73.87679,40.57602],[-73.87971,40.58084],[-73.89524,40.5843],[-73.89842,40.574],[-73.90065,40.57302],[-73.91112,40.57511],[-73.91207,40.56676],[-73.91533,40.5622],[-73.92159,40.55927],[-73.9246,40.56135],[-73.93018,40.55698],[-73.93207,40.55835],[-73.91421,40.57224],[-73.91928,40.57504],[-73.92468,40.57543],[-73.92777,40.57237],[-73.924,40.56989],[-73.9282,40.57217],[-73.92992,40.57159],[-73.92983,40.56787],[-73.9325,40.56618],[-73.92966,40.57354],[-73.93121,40.57419],[-73.92855,40.574],[-73.9252,40.57634],[-73.9131,40.57498],[-73.91172,40.57928],[-73.9276,40.57758],[-73.95352,40.57804],[-73.94279,40.58006],[-73.93258,40.57973],[-73.93112,40.58495],[-74.00202,40.59101],[-74.00288,40.5888],[-74.01189,40.58599],[-74.013,40.58299],[-74.01155,40.58065],[-74.00622,40.57895],[-73.98863,40.58221],[-73.98665,40.58117],[-73.9918,40.5798],[-73.99043,40.57654],[-73.99601,40.57889],[-74.0003,40.57784],[-73.99824,40.57576],[-73.99953,40.57478],[-73.99318,40.5723],[-73.99498,40.57289],[-73.99404,40.57237],[-73.99541,40.57165],[-74.0003,40.57458],[-73.99704,40.5697],[-74.00039,40.5695],[-73.99876,40.56754],[-74.00116,40.56852],[-74.00476,40.56402],[-74.01197,40.55979],[-74.02991,40.55633],[-74.03609,40.5517],[-74.04021,40.54623],[-74.04167,40.54056],[-74.04116,40.53084],[-74.03687,40.52198],[-74.03875,40.52139],[-74.03678,40.52185],[-74.03566,40.52035],[-74.03669,40.51931],[-74.03412,40.5167],[-74.03232,40.51741],[-74.03051,40.51579],[-74.0282,40.51696],[-74.02605,40.51474],[-74.0294,40.5122],[-74.02511,40.51429],[-74.02416,40.51337],[-74.02554,40.51122],[-74.02382,40.50959],[-74.0209,40.50985],[-74.02227,40.50894],[-74.02124,40.50666],[-74.01841,40.50738],[-74.01987,40.50601],[-74.0179,40.50698],[-74.01798,40.50542],[-74.01635,40.50542],[-74.01918,40.5036],[-74.01584,40.50477],[-74.01772,40.50262],[-74.01429,40.50431],[-74.01738,40.50157],[-74.01558,40.50021],[-74.01189,40.50216],[-74.01112,40.50131],[-74.01403,40.49942],[-74.01283,40.49897],[-74.00863,40.50151],[-74.00751,40.50047],[-74.01009,40.49805],[-74.00451,40.49942],[-74.00622,40.49818],[-74.00356,40.49877],[-74.00597,40.49734],[-74.00339,40.49812],[-74.00494,40.4959],[-74.00116,40.49805],[-73.99953,40.49662],[-74.00288,40.49447],[-73.99833,40.49167],[-73.99884,40.48945],[-74.00279,40.49362],[-74.00588,40.49297],[-74.00674,40.4944],[-74.00545,40.49004],[-74.00734,40.49349],[-74.007,40.49238],[-74.00974,40.49238],[-74.01155,40.4959],[-74.01558,40.49636],[-74.01721,40.4959],[-74.0191,40.48938],[-74.01755,40.48997],[-74.01652,40.49603],[-74.01223,40.49525],[-74.01034,40.49173],[-74.01163,40.49043],[-74.01403,40.49121],[-74.01172,40.4903],[-74.01395,40.48984],[-74.01335,40.48736],[-74.01627,40.48808],[-74.01489,40.48632],[-74.01884,40.48873],[-74.0173,40.48736],[-74.01884,40.48586],[-74.01798,40.48436],[-74.01978,40.48384],[-74.01841,40.48306],[-74.01927,40.48137],[-74.01283,40.47732],[-74.01206,40.47804],[-74.01412,40.47921],[-74.013,40.48058],[-74.00966,40.47765],[-74.01215,40.47687],[-74.00588,40.47478],[-74.00743,40.4727],[-74.00502,40.47335],[-74.0064,40.47133],[-74.00339,40.47133],[-74.00537,40.46989],[-74.00099,40.47081],[-74.00485,40.46924],[-74.00202,40.46911],[-73.99764,40.4622],[-73.99687,40.45992],[-73.99816,40.4594],[-73.99358,40.45637],[-73.9791,40.45497],[-73.97455,40.45933],[-73.97575,40.46135],[-73.97412,40.45966],[-73.97241,40.46077],[-73.97318,40.45927],[-73.97095,40.46083],[-73.97326,40.45855],[-73.97112,40.45705],[-73.97464,40.45321],[-73.9712,40.4551],[-73.97232,40.45184],[-73.97026,40.45594],[-73.96751,40.45751],[-73.96932,40.45581],[-73.96977,40.45114],[-73.93108,40.45114],[-73.93052,40.45223],[-73.93087,40.45114],[-73.25706,40.45114],[-73.24954,40.45725],[-73.25134,40.45679],[-73.25066,40.45783],[-73.25315,40.46011],[-73.25503,40.45907],[-73.25521,40.46181],[-73.25787,40.46109],[-73.26087,40.46474],[-73.26422,40.46553],[-73.26859,40.46005],[-73.26456,40.46572],[-73.2722,40.46944],[-73.27632,40.47433],[-73.27761,40.47348],[-73.2752,40.47172],[-73.27812,40.47217],[-73.27658,40.47081],[-73.27958,40.4725],[-73.27675,40.47472],[-73.27769,40.47641],[-73.2831,40.47556],[-73.28344,40.47433],[-73.28327,40.47569],[-73.28516,40.47446],[-73.2849,40.47569],[-73.28748,40.47622],[-73.28636,40.47446],[-73.28731,40.47335],[-73.28404,40.47302],[-73.28731,40.47315],[-73.28482,40.47198],[-73.28713,40.47198],[-73.28928,40.46918],[-73.29014,40.4697],[-73.28748,40.47178],[-73.28928,40.4725],[-73.28756,40.47276],[-73.28902,40.47367],[-73.28773,40.47374],[-73.28902,40.47485],[-73.28773,40.47661],[-73.29091,40.47596],[-73.29151,40.47315],[-73.29125,40.47609],[-73.2946,40.47596],[-73.29503,40.47413],[-73.29469,40.47628],[-73.29683,40.47589],[-73.29769,40.47185],[-73.29718,40.47576],[-73.29898,40.47537],[-73.30018,40.47374],[-73.29846,40.47341],[-73.30095,40.47283],[-73.29864,40.47244],[-73.30095,40.4725],[-73.29881,40.47139],[-73.30044,40.47146],[-73.30095,40.46546],[-73.30215,40.47361],[-73.30344,40.471],[-73.30233,40.47374],[-73.30361,40.47413],[-73.30473,40.47133],[-73.30387,40.47446],[-73.30696,40.47407],[-73.30576,40.47087],[-73.30722,40.474],[-73.30756,40.47139],[-73.30833,40.47393],[-73.30954,40.4738],[-73.30842,40.46911],[-73.30971,40.47322],[-73.31331,40.47374],[-73.3134,40.46892],[-73.31348,40.47387],[-73.31486,40.47041],[-73.31477,40.4738],[-73.31632,40.47361],[-73.31769,40.47081],[-73.317,40.46794],[-73.31846,40.46683],[-73.31778,40.46435],[-73.31915,40.46663],[-73.31786,40.47198],[-73.31949,40.47296],[-73.3176,40.4725],[-73.31872,40.47426],[-73.31743,40.47328],[-73.31597,40.47524],[-73.31391,40.47524],[-73.31666,40.4785],[-73.31417,40.48065],[-73.31597,40.48117],[-73.31941,40.47745],[-73.31846,40.47961],[-73.32078,40.47987],[-73.32224,40.47635],[-73.32095,40.48006],[-73.32353,40.47661],[-73.32198,40.48039],[-73.32301,40.48065],[-73.32507,40.47576],[-73.32447,40.47732],[-73.32619,40.47726],[-73.32404,40.47876],[-73.32687,40.47837],[-73.32353,40.48],[-73.32782,40.47895],[-73.32576,40.47452],[-73.32816,40.47068],[-73.32859,40.46611],[-73.32876,40.4695],[-73.33125,40.46859],[-73.32868,40.47009],[-73.32765,40.47498],[-73.33091,40.4783],[-73.32996,40.48045],[-73.33185,40.47987],[-73.32979,40.48078],[-73.33297,40.4815],[-73.33099,40.48208],[-73.33323,40.48228],[-73.33159,40.4828],[-73.33417,40.48521],[-73.33417,40.48163],[-73.33434,40.48528],[-73.33606,40.48632],[-73.3376,40.48502],[-73.33511,40.4841],[-73.33752,40.48371],[-73.33511,40.48326],[-73.33735,40.48306],[-73.33511,40.48241],[-73.33717,40.48221],[-73.33511,40.48143],[-73.337,40.48137],[-73.33709,40.47654],[-73.33614,40.47485],[-73.3364,40.47393],[-73.33726,40.47641],[-73.33838,40.47537],[-73.33717,40.4785],[-73.33983,40.47987],[-73.33726,40.47895],[-73.33777,40.4828],[-73.33949,40.4826],[-73.33752,40.48599],[-73.34155,40.4901],[-73.34619,40.48828],[-73.3473,40.48436],[-73.34945,40.48313],[-73.34988,40.47974],[-73.34833,40.47895],[-73.34988,40.47967],[-73.35022,40.4785],[-73.35142,40.47895],[-73.34996,40.48026],[-73.35031,40.48397],[-73.34833,40.48489],[-73.34722,40.4903],[-73.34919,40.49225],[-73.35194,40.49232],[-73.35202,40.48867],[-73.35391,40.48867],[-73.35245,40.48945],[-73.35219,40.49186],[-73.35563,40.49043],[-73.35245,40.49095],[-73.3552,40.48971],[-73.35391,40.48782],[-73.35614,40.48971],[-73.35674,40.48639],[-73.35923,40.48404],[-73.35674,40.48912],[-73.3594,40.48925],[-73.35829,40.48997],[-73.35923,40.4901],[-73.35923,40.49056],[-73.35503,40.49186],[-73.35666,40.49154],[-73.36043,40.49453],[-73.36524,40.49499],[-73.36524,40.4933],[-73.36601,40.49506],[-73.36636,40.48958],[-73.36782,40.48476],[-73.36696,40.49434],[-73.3685,40.49356],[-73.37133,40.49356],[-73.37202,40.49264],[-73.37168,40.49382],[-73.37605,40.4929],[-73.38,40.49375],[-73.38129,40.48984],[-73.38026,40.49382],[-73.38318,40.49499],[-73.38395,40.4974],[-73.38859,40.49114],[-73.3873,40.49519],[-73.38146,40.49955],[-73.38541,40.50073],[-73.37932,40.50203],[-73.3867,40.50379],[-73.38953,40.50288],[-73.39065,40.49786],[-73.38979,40.50255],[-73.39176,40.50184],[-73.39142,40.50027],[-73.39271,40.49936],[-73.39339,40.49303],[-73.39331,40.49825],[-73.39211,40.50092],[-73.39382,40.50105],[-73.39185,40.50112],[-73.39356,40.50477],[-73.39743,40.50568],[-73.39957,40.50536],[-73.39923,40.49805],[-73.39983,40.50594],[-73.40515,40.50294],[-73.40395,40.50105],[-73.40429,40.4944],[-73.40215,40.49388],[-73.40481,40.4933],[-73.40429,40.50092],[-73.4067,40.50588],[-73.4091,40.50496],[-73.40944,40.5017],[-73.40927,40.50503],[-73.40841,40.50614],[-73.40953,40.50562],[-73.4127,40.50223],[-73.41167,40.50125],[-73.41365,40.49101],[-73.41408,40.50412],[-73.41622,40.50588],[-73.42206,40.50509],[-73.42403,40.50014],[-73.42481,40.50464],[-73.43176,40.5021],[-73.43253,40.50366],[-73.4303,40.51077],[-73.43124,40.5092],[-73.43073,40.5107],[-73.43408,40.51031],[-73.43476,40.50829],[-73.43425,40.51024],[-73.4376,40.5094],[-73.43837,40.50738],[-73.43777,40.50933],[-73.43914,40.5094],[-73.44206,40.50607],[-73.44154,40.5079],[-73.44764,40.50764],[-73.44609,40.50184],[-73.44687,40.50021],[-73.44549,40.49962],[-73.44592,40.49903],[-73.44438,40.49701],[-73.44412,40.49473],[-73.44601,40.49903],[-73.45021,40.49688],[-73.44669,40.50151],[-73.4479,40.5047],[-73.45073,40.50633],[-73.45279,40.50151],[-73.45244,40.50294],[-73.45416,40.50353],[-73.45236,40.5034],[-73.4515,40.50529],[-73.45356,40.50581],[-73.45081,40.50692],[-73.45227,40.50874],[-73.45425,40.50842],[-73.45476,40.5062],[-73.45631,40.51096],[-73.45708,40.50972],[-73.45665,40.51168],[-73.45794,40.51181],[-73.45897,40.50868],[-73.45837,40.51174],[-73.45759,40.51227],[-73.46369,40.51376],[-73.46626,40.51253],[-73.46858,40.50757],[-73.46549,40.50881],[-73.46266,40.50835],[-73.46257,40.50783],[-73.46455,40.50861],[-73.46918,40.50666],[-73.46952,40.50405],[-73.46678,40.50027],[-73.46592,40.49499],[-73.46858,40.49493],[-73.46738,40.49669],[-73.46901,40.49714],[-73.46729,40.49734],[-73.46927,40.49792],[-73.46729,40.49799],[-73.46704,40.50008],[-73.46824,40.4991],[-73.47021,40.50522],[-73.47124,40.50522],[-73.46944,40.50112],[-73.47253,40.50431],[-73.47219,40.50144],[-73.47098,40.50079],[-73.47004,40.4959],[-73.47313,40.50301],[-73.4721,40.50555],[-73.47407,40.51051],[-73.47673,40.50979],[-73.47862,40.51129],[-73.48008,40.50157],[-73.47888,40.51129],[-73.48412,40.50979],[-73.48008,40.50933],[-73.48051,40.50672],[-73.48025,40.50914],[-73.4848,40.5094],[-73.48806,40.51442],[-73.49347,40.51135],[-73.4921,40.50946],[-73.49278,40.50881],[-73.4969,40.50959],[-73.49424,40.50842],[-73.49484,40.50705],[-73.49356,40.50666],[-73.4951,40.50692],[-73.49502,40.50835],[-73.49605,40.50809],[-73.49648,40.5032],[-73.49665,40.50842],[-73.49742,40.50301],[-73.49716,40.50861],[-73.49845,40.50907],[-73.49845,40.50301],[-73.49854,40.51429],[-73.49982,40.51233],[-73.49957,40.51474],[-73.50111,40.51526],[-73.50094,40.51135],[-73.50137,40.5152],[-73.50566,40.51944],[-73.5054,40.51683],[-73.50746,40.52087],[-73.51536,40.518],[-73.51313,40.51533],[-73.51407,40.51344],[-73.51615,40.51732],[-73.51862,40.51657],[-73.51776,40.50979],[-73.51913,40.5077],[-73.51853,40.50568],[-73.51587,40.50646],[-73.51733,40.50562],[-73.51802,40.5034],[-73.51871,40.50275],[-73.5181,40.49851],[-73.51974,40.49786],[-73.51905,40.5021],[-73.52094,40.49708],[-73.52094,40.50164],[-73.51939,40.50236],[-73.52119,40.50223],[-73.51828,40.5032],[-73.52128,40.50281],[-73.51828,40.50366],[-73.5218,40.50399],[-73.51759,40.50555],[-73.52197,40.50464],[-73.51879,40.50549],[-73.52068,40.5079],[-73.51819,40.51279],[-73.51974,40.51689],[-73.51688,40.51791],[-73.51991,40.52178],[-73.52497,40.51826],[-73.52463,40.51663],[-73.52729,40.51148],[-73.52695,40.5049],[-73.5284,40.50868],[-73.52592,40.51689],[-73.52823,40.51755],[-73.53278,40.51383],[-73.53244,40.51298],[-73.53312,40.50738],[-73.53287,40.51194],[-73.53544,40.51246],[-73.53304,40.5165],[-73.52961,40.51865],[-73.53149,40.52243],[-73.53501,40.52107],[-73.53484,40.51794],[-73.53965,40.51826],[-73.54094,40.51696],[-73.54033,40.51552],[-73.54188,40.51572],[-73.54445,40.50888],[-73.543,40.51383],[-73.54523,40.51103],[-73.54428,40.51461],[-73.54806,40.51103],[-73.54463,40.51539],[-73.5448,40.52191],[-73.54677,40.52283],[-73.55544,40.518],[-73.55827,40.51318],[-73.55922,40.51507],[-73.55639,40.518],[-73.5599,40.5223],[-73.55784,40.52524],[-73.55561,40.5253],[-73.55922,40.53078],[-73.56248,40.53091],[-73.56411,40.52882],[-73.56497,40.5212],[-73.56359,40.52224],[-73.56368,40.52113],[-73.56703,40.51761],[-73.56643,40.51533],[-73.56651,40.50979],[-73.56806,40.51272],[-73.56686,40.515],[-73.56763,40.51787],[-73.57252,40.51637],[-73.57458,40.50946],[-73.57535,40.50927],[-73.57441,40.51689],[-73.56883,40.51787],[-73.5672,40.5223],[-73.56763,40.52732],[-73.56548,40.5283],[-73.56686,40.53039],[-73.57123,40.52752],[-73.56737,40.53052],[-73.57098,40.5326],[-73.57244,40.53599],[-73.57553,40.52595],[-73.57467,40.53371],[-73.57638,40.53254],[-73.57793,40.53345],[-73.57664,40.53482],[-73.57458,40.53397],[-73.57415,40.53625],[-73.57716,40.53651],[-73.5793,40.53345],[-73.58213,40.52133],[-73.58042,40.53306],[-73.58402,40.53443],[-73.58497,40.53006],[-73.58428,40.53443],[-73.58531,40.53443],[-73.58831,40.52113],[-73.58934,40.52126],[-73.58746,40.52915],[-73.59158,40.52778],[-73.59192,40.5253],[-73.59183,40.52739],[-73.59338,40.52752],[-73.59355,40.52517],[-73.59364,40.52745],[-73.59758,40.52622],[-73.59724,40.52419],[-73.59509,40.52348],[-73.59758,40.52413],[-73.59776,40.52256],[-73.59544,40.5223],[-73.59861,40.5225],[-73.59604,40.52126],[-73.59904,40.52087],[-73.59741,40.52002],[-73.59861,40.52048],[-73.5975,40.51963],[-73.59913,40.51872],[-73.59904,40.52061],[-73.60024,40.51937],[-73.59956,40.52113],[-73.59818,40.52152],[-73.59896,40.52263],[-73.59776,40.52322],[-73.59956,40.52472],[-73.59758,40.52452],[-73.5993,40.52543],[-73.59801,40.52511],[-73.59861,40.52693],[-73.59595,40.52693],[-73.59827,40.52771],[-73.59612,40.52726],[-73.59664,40.52869],[-73.59346,40.53169],[-73.59338,40.53508],[-73.59612,40.5371],[-73.59527,40.53886],[-73.59818,40.53958],[-73.59982,40.53717],[-73.60136,40.5373],[-73.60188,40.5341],[-73.60411,40.53052],[-73.6023,40.5341],[-73.60265,40.53808],[-73.606,40.53691],[-73.60926,40.53782],[-73.61209,40.53625],[-73.61604,40.52771],[-73.61793,40.52745],[-73.61647,40.52837],[-73.61767,40.53163],[-73.62265,40.5285],[-73.61707,40.53293],[-73.61775,40.54056],[-73.62024,40.54036],[-73.6205,40.53893],[-73.62033,40.54049],[-73.61887,40.54127],[-73.62153,40.54297],[-73.62453,40.54414],[-73.62548,40.54708],[-73.63174,40.5489],[-73.63913,40.54629],[-73.63904,40.54512],[-73.63998,40.54616],[-73.6429,40.54329],[-73.64891,40.54349],[-73.64968,40.54075],[-73.64951,40.54362],[-73.65234,40.54414],[-73.65603,40.53756],[-73.65466,40.53475],[-73.65603,40.53717],[-73.65852,40.53625],[-73.65415,40.53241],[-73.65397,40.53117],[-73.65844,40.53534],[-73.65878,40.53651],[-73.65784,40.53691],[-73.65835,40.53756],[-73.66093,40.53723],[-73.65809,40.52667],[-73.65475,40.52419],[-73.65998,40.52485],[-73.65698,40.52054],[-73.66033,40.52139],[-73.65887,40.52302],[-73.66058,40.52504],[-73.65758,40.52563],[-73.65981,40.52732],[-73.66204,40.52674],[-73.65964,40.52771],[-73.66316,40.53847],[-73.66693,40.53788],[-73.66702,40.53228],[-73.67663,40.53182],[-73.67354,40.52719],[-73.6811,40.53515],[-73.68341,40.53528],[-73.68187,40.53163],[-73.68007,40.53117],[-73.68187,40.53123],[-73.68299,40.53306],[-73.68496,40.52947],[-73.68582,40.52928],[-73.68316,40.5343],[-73.68736,40.53528],[-73.69234,40.52732],[-73.69097,40.52413],[-73.692,40.52322],[-73.69337,40.52739],[-73.68994,40.53254],[-73.69191,40.53286],[-73.69174,40.53599],[-73.69981,40.54095],[-73.70161,40.54564],[-73.7053,40.54662],[-73.70504,40.54284],[-73.70728,40.54056],[-73.71105,40.53912],[-73.71217,40.54121],[-73.71019,40.54056],[-73.70582,40.54329],[-73.70642,40.54466],[-73.70779,40.54401],[-73.70582,40.54734],[-73.70813,40.54942],[-73.70573,40.55007],[-73.70882,40.55294],[-73.70427,40.55164],[-73.7053,40.55333],[-73.70427,40.55535],[-73.70891,40.55672],[-73.7047,40.55907],[-73.70152,40.55848],[-73.69998,40.56148],[-73.70187,40.56187],[-73.69981,40.56207],[-73.69989,40.56383],[-73.69843,40.56213],[-73.70015,40.55796],[-73.69603,40.5562],[-73.69449,40.55607],[-73.69037,40.56031],[-73.68642,40.55992],[-73.6865,40.56624],[-73.68796,40.568],[-73.70453,40.56924],[-73.71697,40.56709],[-73.71981,40.56298],[-73.71766,40.56057],[-73.72032,40.56246],[-73.71835,40.56709],[-73.72599,40.56683],[-73.72702,40.56546],[-73.72599,40.56442],[-73.72719,40.56533],[-73.73011,40.56344],[-73.73466,40.56435],[-73.73431,40.56037],[-73.72779,40.55666],[-73.72762,40.55359],[-73.73714,40.55927],[-73.73551,40.56044],[-73.73654,40.56657],[-73.74599,40.56631],[-73.75405,40.57067],[-73.76487,40.56963],[-73.77714,40.57087],[-73.83267,40.58365]],[[-73.506,40.52107],[-73.50154,40.51611],[-73.49141,40.51324],[-73.48866,40.51552],[-73.49545,40.52126],[-73.50197,40.52302],[-73.50171,40.52459],[-73.49699,40.52367],[-73.49605,40.52478],[-73.49854,40.53169],[-73.50102,40.53221],[-73.49914,40.53534],[-73.50197,40.53684],[-73.50411,40.53169],[-73.50789,40.53234],[-73.50858,40.52928],[-73.50729,40.5285],[-73.50841,40.52771],[-73.50703,40.52511],[-73.50815,40.52459],[-73.50746,40.52087],[-73.506,40.52107]],[[-74.18372,40.64127],[-74.19505,40.65105],[-74.19969,40.64955],[-74.19994,40.64812],[-74.20827,40.64949],[-74.21745,40.6577],[-74.2311,40.6592],[-74.23994,40.6635],[-74.2493,40.66448],[-74.25539,40.65692],[-74.25565,40.65333],[-74.25144,40.64649],[-74.24818,40.64453],[-74.24586,40.64512],[-74.24535,40.64284],[-74.23985,40.64088],[-74.24294,40.63977],[-74.2438,40.63586],[-74.24149,40.62999],[-74.24226,40.62771],[-74.24097,40.62752],[-74.24526,40.62419],[-74.24449,40.62237],[-74.24801,40.61793],[-74.24621,40.61533],[-74.24363,40.61337],[-74.24063,40.6135],[-74.23642,40.61057],[-74.23625,40.60861],[-74.23282,40.60822],[-74.2287,40.60477],[-74.21865,40.60633],[-74.21874,40.60522],[-74.21788,40.60614],[-74.21376,40.60464],[-74.21196,40.60248],[-74.21153,40.59766],[-74.20672,40.58945],[-74.20741,40.58573],[-74.20441,40.57732],[-74.20466,40.57165],[-74.19694,40.56455],[-74.196,40.55881],[-74.19848,40.55392],[-74.19471,40.54708],[-74.20089,40.54329],[-74.20029,40.52967],[-74.19728,40.52804],[-74.19514,40.5253],[-74.19428,40.52511],[-74.19462,40.52361],[-74.1863,40.51748],[-74.18338,40.51807],[-74.18278,40.51611],[-74.17917,40.51598],[-74.17789,40.51839],[-74.17402,40.51598],[-74.17145,40.51924],[-74.16501,40.51878],[-74.16398,40.52113],[-74.16175,40.52041],[-74.16235,40.52224],[-74.15995,40.52139],[-74.15952,40.52309],[-74.15265,40.52393],[-74.15239,40.52237],[-74.14948,40.52367],[-74.14879,40.52217],[-74.1439,40.52224],[-74.13445,40.51911],[-74.12742,40.521],[-74.12759,40.52341],[-74.12699,40.5208],[-74.1166,40.51924],[-74.10965,40.51552],[-74.09446,40.51539],[-74.08545,40.51213],[-74.07884,40.51285],[-74.0742,40.51592],[-74.07163,40.51592],[-74.07068,40.51735],[-74.07214,40.51852],[-74.07034,40.51846],[-74.07309,40.51918],[-74.07025,40.51904],[-74.07283,40.52009],[-74.07,40.51996],[-74.07317,40.52048],[-74.073,40.53071],[-74.06811,40.53221],[-74.07291,40.53104],[-74.07223,40.53638],[-74.06588,40.54173],[-74.06639,40.54316],[-74.06425,40.5429],[-74.0651,40.54349],[-74.05635,40.55392],[-74.05377,40.55516],[-74.05223,40.56122],[-74.06236,40.56924],[-74.06433,40.57282],[-74.0712,40.57817],[-74.0706,40.57941],[-74.07489,40.58182],[-74.07334,40.58273],[-74.07506,40.58195],[-74.08484,40.58971],[-74.08622,40.59251],[-74.0906,40.59401],[-74.09394,40.59831],[-74.09583,40.59825],[-74.09789,40.60196],[-74.10124,40.60353],[-74.10132,40.60555],[-74.10338,40.60535],[-74.10493,40.60803],[-74.10819,40.60744],[-74.11257,40.6135],[-74.11626,40.61311],[-74.11918,40.61598],[-74.1227,40.6165],[-74.136,40.6313],[-74.13892,40.6311],[-74.14089,40.62719],[-74.14029,40.62556],[-74.13368,40.6253],[-74.12785,40.62028],[-74.1275,40.618],[-74.13162,40.61448],[-74.13797,40.61513],[-74.14235,40.61963],[-74.14175,40.62406],[-74.14922,40.6268],[-74.15634,40.63215],[-74.17231,40.63788],[-74.17763,40.64173],[-74.18003,40.64042],[-74.18372,40.64127]],[[-74.19883,40.5594],[-74.20269,40.5534],[-74.20252,40.54779],[-74.19866,40.54694],[-74.20072,40.55379],[-74.19883,40.5594]],[[-74.1081,40.16061],[-74.10813,40.16037],[-74.10777,40.16056],[-74.1081,40.16061]],[[-74.14166,40.17756],[-74.14159,40.17742],[-74.14137,40.17758],[-74.14166,40.17756]],[[-74.14201,40.17756],[-74.14214,40.17755],[-74.14196,40.17748],[-74.14201,40.17756]],[[-74.13883,40.17802],[-74.13889,40.17917],[-74.14066,40.17795],[-74.13883,40.17802]],[[-74.09738,40.14392],[-74.08905,40.14359],[-74.08407,40.14727],[-74.08742,40.14845],[-74.09738,40.14392]],[[-74.08896,40.13866],[-74.08768,40.13708],[-74.08587,40.13859],[-74.08347,40.13767],[-74.0821,40.1405],[-74.08287,40.14339],[-74.08553,40.14451],[-74.08896,40.13866]],[[-74.08639,40.13636],[-74.08545,40.13538],[-74.08553,40.13649],[-74.08639,40.13636]],[[-74.08802,40.13209],[-74.08545,40.13091],[-74.08484,40.13268],[-74.08802,40.13209]],[[-74.07489,40.1108],[-74.07729,40.11165],[-74.07935,40.10962],[-74.07712,40.10975],[-74.07489,40.1108]],[[-74.1178,40.09858],[-74.11986,40.10035],[-74.11815,40.10068],[-74.11772,40.10324],[-74.12261,40.10653],[-74.12458,40.106],[-74.12458,40.10443],[-74.12793,40.1043],[-74.12724,40.10265],[-74.12218,40.10062],[-74.12081,40.09753],[-74.1178,40.09759],[-74.11574,40.09424],[-74.1154,40.09628],[-74.11248,40.09687],[-74.11351,40.09963],[-74.1178,40.09858]],[[-74.08124,40.0949],[-74.07695,40.09634],[-74.08261,40.09726],[-74.08519,40.09687],[-74.08236,40.09385],[-74.08459,40.09083],[-74.0815,40.09405],[-74.08287,40.09674],[-74.08124,40.0949]],[[-74.07317,40.09378],[-74.07094,40.0926],[-74.07257,40.09332],[-74.07231,40.0882],[-74.06879,40.09056],[-74.06759,40.08984],[-74.06837,40.09194],[-74.06871,40.09102],[-74.06991,40.09069],[-74.0706,40.0924],[-74.06854,40.09221],[-74.06819,40.09444],[-74.06965,40.09352],[-74.06734,40.09529],[-74.06957,40.09549],[-74.07034,40.09293],[-74.07171,40.09398],[-74.06982,40.09569],[-74.07137,40.09621],[-74.07377,40.09536],[-74.07197,40.0947],[-74.07317,40.09378]],[[-74.07866,40.08859],[-74.07978,40.08984],[-74.07746,40.08879],[-74.07652,40.08997],[-74.07763,40.09083],[-74.07781,40.0926],[-74.07695,40.09299],[-74.07515,40.09142],[-74.07703,40.09089],[-74.076,40.0903],[-74.07686,40.08892],[-74.07326,40.08892],[-74.07463,40.09023],[-74.07334,40.09293],[-74.076,40.09523],[-74.07849,40.09424],[-74.07643,40.09372],[-74.07884,40.09306],[-74.07952,40.0903],[-74.0815,40.09017],[-74.08081,40.08859],[-74.07866,40.08859]],[[-74.08184,40.08872],[-74.08167,40.0882],[-74.08133,40.08859],[-74.08184,40.08872]],[[-74.12355,40.02689],[-74.12287,40.02656],[-74.12278,40.02716],[-74.12355,40.02689]],[[-73.8277,40.56318],[-73.82143,40.56109],[-73.82435,40.56018],[-73.821,40.55972],[-73.82358,40.55881],[-73.82083,40.55907],[-73.82298,40.55796],[-73.82057,40.55751],[-73.8228,40.55705],[-73.8204,40.55685],[-73.82289,40.5564],[-73.82031,40.55548],[-73.82289,40.55522],[-73.81928,40.55014],[-73.82066,40.54877],[-73.82066,40.55053],[-73.82255,40.55066],[-73.82555,40.54688],[-73.82718,40.5476],[-73.8307,40.54538],[-73.83379,40.54675],[-73.83722,40.54564],[-73.83499,40.54297],[-73.83473,40.53847],[-73.83079,40.53515],[-73.8331,40.53319],[-73.83121,40.52863],[-73.83319,40.52217],[-73.82624,40.52556],[-73.82426,40.52517],[-73.82418,40.52107],[-73.81714,40.54043],[-73.81637,40.54668],[-73.81422,40.54642],[-73.81585,40.54786],[-73.81508,40.55379],[-73.81903,40.55705],[-73.82049,40.56533],[-73.82727,40.56546],[-73.8277,40.56318]],[[-73.96917,40.98376],[-73.96968,40.98386],[-73.96953,40.98343],[-73.96917,40.98376]],[[-74.01781,40.44858],[-74.01635,40.44747],[-74.01755,40.44727],[-74.01678,40.44278],[-74.02748,40.44278],[-74.01884,40.4389],[-74.00789,40.43871],[-74.00708,40.43942],[-74.01326,40.45114],[-73.98983,40.45114],[-73.99858,40.45255],[-74.00142,40.45405],[-74.0015,40.45607],[-74.00331,40.45529],[-74.00305,40.45666],[-74.00408,40.45575],[-74.00657,40.45725],[-74.00554,40.45849],[-74.00682,40.45738],[-74.01309,40.46116],[-74.01893,40.4562],[-74.01781,40.44858]],[[-74.00871,40.45979],[-74.0076,40.45959],[-74.00854,40.45998],[-74.00871,40.45979]],[[-74.0233,40.47687],[-74.02596,40.47648],[-74.02639,40.47472],[-74.0197,40.46781],[-74.01541,40.46787],[-74.01223,40.46983],[-74.01318,40.47276],[-74.0233,40.47687]],[[-73.98846,40.45177],[-73.98839,40.45114],[-73.98207,40.45114],[-73.98846,40.45177]],[[-73.97799,40.28392],[-73.97884,40.28366],[-73.97764,40.28346],[-73.97799,40.28392]],[[-73.97936,40.28333],[-73.98047,40.28313],[-73.97953,40.28254],[-73.97936,40.28333]],[[-73.97944,40.28071],[-73.9815,40.28313],[-73.98253,40.28051],[-73.98142,40.2794],[-73.97944,40.28071]],[[-73.98314,40.28091],[-73.98391,40.28091],[-73.98365,40.28058],[-73.98314,40.28091]],[[-73.98743,40.27711],[-73.98082,40.27678],[-73.9803,40.27914],[-73.98391,40.27953],[-73.98494,40.28032],[-73.98768,40.27894],[-73.98743,40.27711]],[[-73.98485,40.27508],[-73.98365,40.27417],[-73.97635,40.27233],[-73.98279,40.27593],[-73.98485,40.27508]],[[-73.97893,40.2705],[-73.9815,40.27102],[-73.98382,40.2705],[-73.9785,40.26742],[-73.97893,40.2705]],[[-73.97773,40.25401],[-73.97893,40.25178],[-73.97884,40.25132],[-73.97738,40.25244],[-73.97773,40.25401]],[[-73.97841,40.251],[-73.97884,40.25087],[-73.97859,40.2506],[-73.97841,40.251]],[[-73.9779,40.251],[-73.9791,40.24975],[-73.9858,40.24851],[-73.98022,40.24759],[-73.97859,40.24818],[-73.9779,40.251]],[[-73.99472,40.24838],[-73.99421,40.24962],[-73.99137,40.24949],[-73.99335,40.25093],[-73.99807,40.25034],[-73.99472,40.24838]],[[-73.99395,40.24517],[-73.98914,40.2491],[-73.99412,40.24943],[-73.99429,40.24759],[-73.99601,40.24648],[-73.99395,40.24517]],[[-73.99798,40.24642],[-73.99687,40.24648],[-73.9961,40.24714],[-73.99644,40.24766],[-73.99798,40.24642]],[[-73.97996,40.24714],[-73.9809,40.2455],[-73.97919,40.24478],[-73.97867,40.24622],[-73.97996,40.24714]],[[-73.98794,40.24707],[-73.98803,40.24668],[-73.98743,40.24668],[-73.98794,40.24707]],[[-73.98305,40.24563],[-73.98253,40.24465],[-73.97979,40.24327],[-73.98039,40.24458],[-73.98305,40.24563]],[[-73.98691,40.24288],[-73.98906,40.24295],[-73.98803,40.24255],[-73.98691,40.24288]],[[-73.9979,40.24066],[-73.99961,40.24053],[-73.99953,40.23935],[-73.9979,40.24066]],[[-73.9906,40.20342],[-73.99283,40.2042],[-73.99258,40.20741],[-73.99335,40.2044],[-73.9906,40.20054],[-73.9906,40.20342]],[[-74.02459,40.43942],[-74.02854,40.44112],[-74.02902,40.44278],[-74.03094,40.44217],[-74.02905,40.43759],[-74.02459,40.43942]],[[-74.01421,40.6901],[-74.01918,40.68938],[-74.0185,40.6843],[-74.00897,40.68286],[-74.00571,40.67895],[-74.00408,40.68012],[-74.00047,40.68677],[-73.99335,40.6914],[-73.98306,40.71412],[-73.99069,40.7098],[-73.99129,40.71311],[-73.99532,40.71357],[-73.99936,40.71136],[-73.99824,40.71259],[-74.00348,40.71226],[-74.00228,40.70952],[-74.00519,40.70516],[-74.00743,40.69414],[-74.01034,40.69368],[-74.01421,40.6901]],[[-73.99386,40.71383],[-73.99465,40.71419],[-73.99484,40.71402],[-73.99386,40.71383]],[[-73.98434,40.71707],[-73.99432,40.71449],[-73.99275,40.71357],[-73.98743,40.71422],[-73.98434,40.71707]],[[-74.05008,40.59466],[-74.05,40.59571],[-74.05111,40.5944],[-74.05008,40.59466]],[[-74.05489,40.58325],[-74.0548,40.5813],[-74.05369,40.58058],[-74.05317,40.58338],[-74.05489,40.58325]],[[-73.92065,40.56148],[-73.91619,40.56285],[-73.9125,40.56891],[-73.9161,40.56885],[-73.92168,40.56396],[-73.92228,40.56259],[-73.92065,40.56148]],[[-73.87722,40.54532],[-73.87988,40.54329],[-73.87774,40.53938],[-73.86683,40.53286],[-73.86538,40.53332],[-73.86486,40.53515],[-73.86666,40.53749],[-73.86486,40.54062],[-73.86623,40.54303],[-73.87722,40.54532]],[[-73.85585,40.52954],[-73.85671,40.52974],[-73.85688,40.52915],[-73.85585,40.52954]],[[-74.06991,40.47654],[-74.07334,40.47491],[-74.0742,40.47322],[-74.07343,40.47283],[-74.0724,40.47374],[-74.07085,40.474],[-74.06991,40.47654]],[[-74.07317,40.47257],[-74.07146,40.47335],[-74.07137,40.47374],[-74.07317,40.47257]],[[-74.04476,40.47237],[-74.04691,40.47087],[-74.04708,40.46989],[-74.04347,40.47133],[-74.04476,40.47237]],[[-74.03996,40.46005],[-74.03772,40.46161],[-74.03935,40.46279],[-74.04176,40.46174],[-74.03996,40.46324],[-74.04167,40.46448],[-74.04365,40.46292],[-74.03996,40.46005]],[[-73.93791,40.91296],[-73.93859,40.91361],[-73.93945,40.91432],[-73.93791,40.91296]],[[-73.92606,40.90315],[-73.92649,40.90205],[-73.92786,40.90302],[-73.92822,40.90116],[-73.92554,40.89205],[-73.92245,40.89239],[-73.92031,40.89458],[-73.91541,40.89699],[-73.91414,40.89892],[-73.92434,40.91147],[-73.92812,40.91302],[-73.93601,40.90991],[-73.93157,40.90372],[-73.92606,40.90315]],[[-73.94039,40.92112],[-73.94116,40.92458],[-73.95309,40.9375],[-73.96139,40.94411],[-73.94477,40.92419],[-73.94039,40.92112]],[[-73.87859,40.90861],[-73.88915,40.90653],[-73.89018,40.90406],[-73.89207,40.90374],[-73.8919,40.89744],[-73.88743,40.89562],[-73.87104,40.90458],[-73.8731,40.90809],[-73.87859,40.90861]],[[-73.89696,40.89835],[-73.89902,40.89777],[-73.89722,40.89725],[-73.89696,40.89835]],[[-73.89696,40.89367],[-73.90022,40.89491],[-73.90022,40.89335],[-73.89773,40.89186],[-73.89696,40.89367]],[[-73.8107,40.55848],[-73.80993,40.56116],[-73.8119,40.56266],[-73.81508,40.55692],[-73.8107,40.55848]],[[-73.80358,40.53612],[-73.79851,40.53554],[-73.80401,40.5403],[-73.80152,40.5431],[-73.80349,40.54551],[-73.80641,40.53925],[-73.80358,40.53612]],[[-73.8125,40.53449],[-73.81259,40.53619],[-73.81465,40.53554],[-73.8125,40.53449]],[[-73.7429,40.52309],[-73.74135,40.52348],[-73.7429,40.52595],[-73.74049,40.52726],[-73.74187,40.52961],[-73.74564,40.52745],[-73.7429,40.52309]],[[-73.67063,40.72357],[-73.67114,40.72357],[-73.67088,40.72318],[-73.67063,40.72357]],[[-73.66994,40.72266],[-73.67191,40.72305],[-73.67123,40.72142],[-73.66994,40.72266]],[[-73.06183,40.49623],[-73.24954,40.53782],[-73.28044,40.54062],[-73.3067,40.54075],[-73.31357,40.53867],[-73.31692,40.53469],[-73.30241,40.5326],[-73.30876,40.53502],[-73.30748,40.53697],[-73.3025,40.53313],[-73.29795,40.53189],[-73.29623,40.53436],[-73.29151,40.53573],[-73.25572,40.53534],[-73.23495,40.52921],[-73.22431,40.52915],[-73.21109,40.52563],[-73.19469,40.51794],[-73.19272,40.51794],[-73.19435,40.51996],[-73.19203,40.5225],[-73.18345,40.51904],[-73.16817,40.51768],[-73.15684,40.51122],[-73.14363,40.51161],[-73.12989,40.50672],[-73.10268,40.50386],[-73.08354,40.49903],[-73.07402,40.49466],[-73.0705,40.49427],[-73.06912,40.49564],[-73.0699,40.4944],[-73.05591,40.49245],[-73.03522,40.48684],[-73.00218,40.47472],[-73.00261,40.47374],[-72.9954,40.47113],[-72.99007,40.46618],[-72.99136,40.46813],[-72.98939,40.46944],[-72.98896,40.46611],[-72.98776,40.46761],[-72.98638,40.46546],[-72.98389,40.46605],[-72.98029,40.46383],[-72.97703,40.46357],[-72.97746,40.46526],[-72.97334,40.46416],[-72.97153,40.46201],[-72.97565,40.46044],[-72.97033,40.46135],[-72.9705,40.45888],[-72.96656,40.4609],[-72.96664,40.45966],[-72.96501,40.46025],[-72.9481,40.45216],[-72.94999,40.45138],[-72.93342,40.45114],[-73.02775,40.48652],[-73.06183,40.49623]],[[-73.57578,40.58658],[-73.57389,40.58084],[-73.56402,40.57113],[-73.55784,40.56963],[-73.55527,40.57002],[-73.55544,40.57133],[-73.54935,40.57087],[-73.54918,40.56917],[-73.55184,40.57054],[-73.55227,40.56911],[-73.54463,40.56683],[-73.54282,40.56409],[-73.53862,40.56494],[-73.52986,40.562],[-73.51871,40.56155],[-73.51433,40.55848],[-73.51081,40.55946],[-73.50944,40.55764],[-73.51064,40.55535],[-73.50154,40.55177],[-73.50042,40.54747],[-73.49742,40.54864],[-73.49768,40.55144],[-73.48952,40.5532],[-73.49622,40.5549],[-73.49896,40.55718],[-73.49648,40.55842],[-73.49527,40.55731],[-73.49613,40.55607],[-73.49527,40.5564],[-73.49356,40.55561],[-73.49339,40.55477],[-73.49072,40.5547],[-73.49201,40.55757],[-73.50205,40.55972],[-73.50274,40.56174],[-73.50077,40.56285],[-73.49699,40.56116],[-73.49287,40.56226],[-73.48145,40.5605],[-73.48077,40.55927],[-73.48274,40.55646],[-73.48154,40.55542],[-73.46214,40.5489],[-73.43983,40.54636],[-73.43339,40.54916],[-73.42283,40.54538],[-73.42086,40.54375],[-73.42069,40.54238],[-73.41708,40.54186],[-73.41425,40.5459],[-73.41339,40.54088],[-73.40584,40.53873],[-73.39889,40.54173],[-73.40343,40.54375],[-73.39288,40.54101],[-73.39691,40.54114],[-73.39889,40.53736],[-73.39725,40.53671],[-73.39391,40.53678],[-73.39374,40.53723],[-73.39511,40.53756],[-73.39537,40.53834],[-73.39305,40.53678],[-73.39253,40.53586],[-73.38472,40.53925],[-73.38181,40.5373],[-73.38284,40.53332],[-73.3764,40.53208],[-73.37769,40.53489],[-73.3673,40.53371],[-73.36138,40.53137],[-73.36164,40.53019],[-73.36773,40.52987],[-73.34696,40.52478],[-73.34636,40.52563],[-73.34842,40.52641],[-73.3461,40.52667],[-73.34198,40.52517],[-73.34464,40.52413],[-73.33812,40.52309],[-73.33838,40.52198],[-73.33365,40.51976],[-73.33177,40.52191],[-73.33159,40.52009],[-73.32696,40.51963],[-73.32747,40.51689],[-73.3231,40.51442],[-73.32396,40.51644],[-73.31838,40.5182],[-73.31511,40.51787],[-73.32241,40.51422],[-73.31614,40.51657],[-73.31194,40.51539],[-73.31151,40.51663],[-73.314,40.51702],[-73.30782,40.51983],[-73.29709,40.52094],[-73.27649,40.51839],[-73.25083,40.51872],[-73.25091,40.52094],[-73.25349,40.52309],[-73.26422,40.52556],[-73.28353,40.52146],[-73.29306,40.52315],[-73.31057,40.52178],[-73.31271,40.52419],[-73.30911,40.52732],[-73.31022,40.52798],[-73.3249,40.52661],[-73.35005,40.53319],[-73.36515,40.53495],[-73.42712,40.55196],[-73.51562,40.57048],[-73.57578,40.58658]],[[-73.48111,40.54636],[-73.49682,40.5446],[-73.49579,40.53886],[-73.49004,40.53788],[-73.48248,40.5401],[-73.47733,40.53743],[-73.47759,40.54127],[-73.47588,40.53756],[-73.47519,40.53899],[-73.47373,40.53834],[-73.47459,40.53717],[-73.4703,40.53625],[-73.48111,40.54636]],[[-73.66793,40.71813],[-73.66708,40.71813],[-73.66711,40.71824],[-73.66793,40.71813]],[[-73.49373,40.51363],[-73.49828,40.51442],[-73.49845,40.50933],[-73.49682,40.50888],[-73.49742,40.50998],[-73.49605,40.51051],[-73.49261,40.50946],[-73.49407,40.51116],[-73.49733,40.51103],[-73.49253,40.51233],[-73.49373,40.51363]],[[-73.632,40.56591],[-73.61767,40.56611],[-73.61595,40.56428],[-73.60969,40.56624],[-73.59707,40.56578],[-73.58625,40.568],[-73.57759,40.56598],[-73.5751,40.56767],[-73.57716,40.57413],[-73.58179,40.57563],[-73.6169,40.57543],[-73.65526,40.57869],[-73.70479,40.57791],[-73.73577,40.5755],[-73.755,40.57824],[-73.75422,40.57504],[-73.74393,40.56826],[-73.7126,40.57276],[-73.7114,40.57126],[-73.70985,40.57159],[-73.71097,40.57237],[-73.68659,40.57224],[-73.68281,40.56904],[-73.65895,40.56644],[-73.64591,40.56618],[-73.64556,40.57087],[-73.64565,40.56618],[-73.64307,40.56604],[-73.64282,40.57067],[-73.64256,40.56598],[-73.64024,40.56598],[-73.6399,40.57087],[-73.63998,40.56598],[-73.63844,40.56591],[-73.6381,40.57106],[-73.63818,40.56591],[-73.6326,40.56585],[-73.63217,40.56898],[-73.632,40.56591]],[[-73.72968,40.56461],[-73.72684,40.56683],[-73.73431,40.56507],[-73.72968,40.56461]],[[-73.58994,40.56468],[-73.589,40.56083],[-73.58711,40.56076],[-73.586,40.55796],[-73.58316,40.55646],[-73.57389,40.55464],[-73.57089,40.55659],[-73.57123,40.55894],[-73.57553,40.56324],[-73.58703,40.56591],[-73.58994,40.56468]],[[-73.64496,40.55692],[-73.64513,40.56213],[-73.65106,40.56363],[-73.65114,40.56507],[-73.66204,40.56461],[-73.66144,40.55522],[-73.65706,40.55418],[-73.65209,40.54851],[-73.65046,40.54916],[-73.65234,40.54734],[-73.65174,40.54473],[-73.64496,40.54349],[-73.64187,40.54447],[-73.64007,40.54825],[-73.64333,40.55007],[-73.64101,40.55281],[-73.64282,40.55359],[-73.64256,40.5564],[-73.64496,40.55692]],[[-73.68041,40.56461],[-73.6811,40.56298],[-73.67775,40.56402],[-73.68041,40.56461]],[[-73.67037,40.56213],[-73.66882,40.56129],[-73.66599,40.56442],[-73.6696,40.56344],[-73.67037,40.56213]],[[-73.59381,40.56324],[-73.59192,40.56344],[-73.59192,40.56435],[-73.59381,40.56324]],[[-73.59604,40.56435],[-73.60248,40.56383],[-73.60754,40.562],[-73.60728,40.56063],[-73.59767,40.56272],[-73.59604,40.56435]],[[-73.66221,40.56402],[-73.66556,40.56337],[-73.66899,40.55953],[-73.66899,40.55659],[-73.66187,40.55522],[-73.66221,40.56402]],[[-73.67552,40.5592],[-73.67148,40.55633],[-73.67131,40.56357],[-73.67784,40.56318],[-73.67732,40.55848],[-73.67646,40.5592],[-73.67552,40.5592]],[[-73.5672,40.55353],[-73.55767,40.55105],[-73.55415,40.55216],[-73.55175,40.56135],[-73.55827,40.56389],[-73.55398,40.56194],[-73.56591,40.56044],[-73.5684,40.55633],[-73.5672,40.55353]],[[-73.60668,40.56363],[-73.60617,40.56324],[-73.60582,40.56363],[-73.60668,40.56363]],[[-73.61209,40.56311],[-73.61398,40.55972],[-73.6169,40.55803],[-73.61166,40.55861],[-73.60814,40.55392],[-73.60848,40.55607],[-73.6066,40.55783],[-73.61209,40.56311]],[[-73.63029,40.56246],[-73.6332,40.56252],[-73.63458,40.5607],[-73.63106,40.5577],[-73.63097,40.55353],[-73.62943,40.5519],[-73.62376,40.55112],[-73.62393,40.55607],[-73.62762,40.55653],[-73.63029,40.56246]],[[-73.62007,40.56272],[-73.62419,40.56122],[-73.62282,40.5592],[-73.62024,40.56116],[-73.61878,40.56116],[-73.62007,40.56272]],[[-73.61887,40.56279],[-73.61698,40.56122],[-73.61647,40.56252],[-73.61887,40.56279]],[[-73.59432,40.56259],[-73.59896,40.55953],[-73.59939,40.5579],[-73.59406,40.56116],[-73.59432,40.56259]],[[-73.62642,40.56116],[-73.62591,40.5607],[-73.62565,40.56213],[-73.62642,40.56116]],[[-73.64445,40.56063],[-73.6399,40.55301],[-73.64204,40.55007],[-73.63466,40.54949],[-73.63415,40.55607],[-73.63827,40.5609],[-73.64445,40.56063]],[[-73.62016,40.56063],[-73.62016,40.56018],[-73.61913,40.56057],[-73.62016,40.56063]],[[-73.53433,40.54753],[-73.53999,40.55151],[-73.53707,40.55092],[-73.53278,40.55607],[-73.54385,40.56011],[-73.54686,40.55966],[-73.55433,40.54942],[-73.55364,40.54584],[-73.55115,40.54382],[-73.54669,40.54499],[-73.54626,40.54714],[-73.54342,40.54799],[-73.54274,40.55086],[-73.543,40.54799],[-73.54445,40.54623],[-73.53501,40.54473],[-73.53433,40.54753]],[[-73.60145,40.55705],[-73.59982,40.55972],[-73.60153,40.55835],[-73.60145,40.55705]],[[-73.73483,40.55868],[-73.73388,40.55803],[-73.73405,40.55907],[-73.73483,40.55868]],[[-73.67715,40.55692],[-73.67286,40.55385],[-73.67226,40.55131],[-73.66891,40.55451],[-73.67578,40.559],[-73.67715,40.55692]],[[-73.61758,40.55887],[-73.61835,40.55868],[-73.61913,40.55822],[-73.61758,40.55887]],[[-73.59587,40.55333],[-73.59475,40.54708],[-73.592,40.54975],[-73.58806,40.55079],[-73.58883,40.55294],[-73.58711,40.55698],[-73.58934,40.55861],[-73.59158,40.55816],[-73.59432,40.55685],[-73.59329,40.55568],[-73.59587,40.55333]],[[-73.60608,40.55855],[-73.606,40.55777],[-73.60539,40.55835],[-73.60608,40.55855]],[[-73.69526,40.55014],[-73.6938,40.55033],[-73.69517,40.5547],[-73.70367,40.55777],[-73.69526,40.55014]],[[-73.61526,40.55679],[-73.61192,40.55281],[-73.60986,40.54831],[-73.60926,40.55164],[-73.6078,40.55223],[-73.61175,40.55757],[-73.61526,40.55679]],[[-73.52291,40.55692],[-73.51871,40.54623],[-73.5133,40.5476],[-73.50643,40.54518],[-73.50669,40.54681],[-73.50523,40.54721],[-73.5121,40.55066],[-73.51759,40.55659],[-73.52291,40.55692]],[[-73.48463,40.55581],[-73.48669,40.55672],[-73.48884,40.55607],[-73.48721,40.55405],[-73.48463,40.55581]],[[-73.6853,40.55131],[-73.68084,40.5534],[-73.68444,40.55666],[-73.69028,40.55614],[-73.69071,40.54955],[-73.6956,40.54427],[-73.69466,40.53977],[-73.68856,40.53841],[-73.68762,40.54101],[-73.68367,40.5401],[-73.68247,40.54297],[-73.68522,40.54571],[-73.68573,40.55033],[-73.6853,40.55131]],[[-73.49536,40.55627],[-73.49536,40.55509],[-73.49347,40.5547],[-73.49364,40.55555],[-73.49536,40.55627]],[[-73.53064,40.5562],[-73.53579,40.55001],[-73.53167,40.54349],[-73.52849,40.54616],[-73.52454,40.54734],[-73.52695,40.55353],[-73.52523,40.55438],[-73.53064,40.5562]],[[-73.57329,40.55262],[-73.586,40.55614],[-73.5878,40.54942],[-73.59269,40.54805],[-73.59406,40.54473],[-73.58677,40.5461],[-73.58514,40.55086],[-73.5745,40.55131],[-73.57329,40.55262]],[[-73.61561,40.5549],[-73.61947,40.55581],[-73.62325,40.55405],[-73.62196,40.5519],[-73.62308,40.54975],[-73.62059,40.54505],[-73.61029,40.5461],[-73.61552,40.55157],[-73.61561,40.5549]],[[-73.69294,40.55086],[-73.69226,40.55183],[-73.6932,40.55509],[-73.69449,40.55457],[-73.69294,40.55086]],[[-73.67998,40.54447],[-73.67655,40.54316],[-73.67818,40.55223],[-73.6799,40.55405],[-73.68187,40.54923],[-73.68015,40.54655],[-73.67998,40.54447]],[[-73.70479,40.55301],[-73.70384,40.55236],[-73.70419,40.55372],[-73.70479,40.55301]],[[-73.48454,40.55307],[-73.47382,40.54623],[-73.47287,40.54753],[-73.47802,40.54994],[-73.47716,40.55209],[-73.48309,40.55372],[-73.48454,40.55307]],[[-73.61286,40.55086],[-73.61398,40.55314],[-73.61346,40.55099],[-73.61286,40.55086]],[[-73.66058,40.54532],[-73.66144,40.54936],[-73.65775,40.55242],[-73.66496,40.5532],[-73.6635,40.54675],[-73.66058,40.54532]],[[-73.59647,40.55177],[-73.59715,40.55073],[-73.59587,40.54831],[-73.59647,40.55177]],[[-73.68444,40.54597],[-73.6835,40.54492],[-73.68384,40.54623],[-73.68178,40.54688],[-73.68084,40.54558],[-73.6823,40.54929],[-73.68084,40.55229],[-73.68487,40.55105],[-73.68444,40.54597]],[[-73.56488,40.54968],[-73.56823,40.5519],[-73.56909,40.55092],[-73.56806,40.54903],[-73.56832,40.55066],[-73.56488,40.54968]],[[-73.6593,40.5386],[-73.65732,40.5386],[-73.65363,40.54375],[-73.65389,40.54877],[-73.65681,40.55144],[-73.66033,40.54877],[-73.6587,40.54486],[-73.6593,40.5386]],[[-73.6932,40.55092],[-73.69346,40.55131],[-73.69354,40.55027],[-73.6932,40.55092]],[[-73.48643,40.5491],[-73.48875,40.55099],[-73.49004,40.55066],[-73.48978,40.54871],[-73.48643,40.5491]],[[-73.62642,40.55007],[-73.62445,40.54936],[-73.62471,40.54994],[-73.62642,40.55007]],[[-73.66754,40.54968],[-73.67269,40.54831],[-73.67226,40.54453],[-73.66565,40.53925],[-73.66239,40.53899],[-73.66136,40.54303],[-73.66573,40.54558],[-73.66754,40.54968]],[[-73.5975,40.54903],[-73.59655,40.54838],[-73.59733,40.54955],[-73.5975,40.54903]],[[-73.58377,40.54955],[-73.58437,40.54466],[-73.58531,40.54408],[-73.58505,40.54219],[-73.58557,40.54166],[-73.58385,40.54277],[-73.58213,40.54206],[-73.58342,40.5446],[-73.58145,40.54571],[-73.5805,40.54518],[-73.57587,40.54923],[-73.58377,40.54955]],[[-73.69715,40.54884],[-73.6962,40.54942],[-73.6974,40.54916],[-73.69715,40.54884]],[[-73.6974,40.5476],[-73.69586,40.54532],[-73.69277,40.54903],[-73.6974,40.5476]],[[-73.57381,40.54062],[-73.57355,40.53958],[-73.56128,40.54532],[-73.56977,40.54884],[-73.57407,40.5461],[-73.57123,40.54538],[-73.56892,40.54284],[-73.57381,40.54062]],[[-73.51235,40.54636],[-73.51527,40.54668],[-73.51527,40.54342],[-73.51029,40.54232],[-73.51235,40.54636]],[[-73.56042,40.54681],[-73.55999,40.54603],[-73.55896,40.54662],[-73.56042,40.54681]],[[-73.52592,40.54414],[-73.52471,40.54681],[-73.52961,40.54349],[-73.52592,40.54414]],[[-73.59595,40.54623],[-73.59604,40.54571],[-73.59552,40.54603],[-73.59595,40.54623]],[[-73.50403,40.54538],[-73.50403,40.54232],[-73.50137,40.53828],[-73.49819,40.53808],[-73.50163,40.5461],[-73.50403,40.54538]],[[-73.57716,40.53951],[-73.57424,40.53912],[-73.57407,40.54134],[-73.57321,40.54206],[-73.56926,40.54284],[-73.57492,40.5461],[-73.57827,40.54303],[-73.57716,40.53951]],[[-73.5448,40.54571],[-73.54394,40.54564],[-73.5442,40.54597],[-73.5448,40.54571]],[[-73.58325,40.54434],[-73.58093,40.54284],[-73.58136,40.54558],[-73.58325,40.54434]],[[-73.55939,40.54473],[-73.57141,40.53749],[-73.5678,40.53254],[-73.56256,40.5311],[-73.55862,40.53964],[-73.55493,40.54258],[-73.55518,40.54505],[-73.55939,40.54473]],[[-73.58565,40.53997],[-73.58548,40.54414],[-73.58462,40.54492],[-73.59097,40.54342],[-73.58565,40.53997]],[[-73.53991,40.54382],[-73.54265,40.54479],[-73.55046,40.54271],[-73.55252,40.54017],[-73.55201,40.53821],[-73.54454,40.53319],[-73.54197,40.53384],[-73.54042,40.53462],[-73.54394,40.53964],[-73.5442,40.54199],[-73.53991,40.54382]],[[-73.54368,40.54147],[-73.53973,40.53462],[-73.54076,40.53397],[-73.53819,40.53306],[-73.53287,40.53958],[-73.53295,40.54447],[-73.5393,40.54382],[-73.54368,40.54147]],[[-73.52283,40.54316],[-73.5218,40.5418],[-73.52016,40.54316],[-73.52162,40.54395],[-73.52283,40.54316]],[[-73.67543,40.53769],[-73.67449,40.5399],[-73.67131,40.54082],[-73.67389,40.54375],[-73.67432,40.54108],[-73.67741,40.53964],[-73.67741,40.53743],[-73.67543,40.53769]],[[-73.58093,40.54219],[-73.58222,40.54186],[-73.58402,40.54251],[-73.58625,40.53697],[-73.58042,40.53495],[-73.57956,40.53717],[-73.58093,40.54219]],[[-73.59072,40.54245],[-73.59037,40.54173],[-73.59012,40.54193],[-73.59072,40.54245]],[[-73.51896,40.53267],[-73.51192,40.53436],[-73.51321,40.53697],[-73.51107,40.53951],[-73.51939,40.54225],[-73.52377,40.53886],[-73.52137,40.5356],[-73.51596,40.5358],[-73.51896,40.53267]],[[-73.67543,40.54219],[-73.67998,40.54193],[-73.68153,40.54069],[-73.67483,40.54108],[-73.67543,40.54219]],[[-73.52265,40.54101],[-73.53055,40.54023],[-73.52961,40.53886],[-73.53261,40.53547],[-73.53312,40.53045],[-73.53106,40.53078],[-73.52883,40.53475],[-73.52085,40.53417],[-73.52446,40.5388],[-73.52265,40.54101]],[[-73.66994,40.54101],[-73.67397,40.53951],[-73.67492,40.53599],[-73.67294,40.53671],[-73.67243,40.53912],[-73.66676,40.53925],[-73.66994,40.54101]],[[-73.48686,40.53704],[-73.49407,40.53671],[-73.48643,40.5343],[-73.47811,40.53651],[-73.48309,40.53919],[-73.48686,40.53704]],[[-73.55596,40.5283],[-73.54832,40.5255],[-73.55038,40.53391],[-73.55536,40.53886],[-73.55879,40.53697],[-73.55947,40.53247],[-73.55596,40.5283]],[[-73.68968,40.5328],[-73.68796,40.53775],[-73.69371,40.53854],[-73.69114,40.53638],[-73.69165,40.53319],[-73.68968,40.5328]],[[-73.68273,40.53762],[-73.68075,40.53749],[-73.68256,40.53841],[-73.68273,40.53762]],[[-73.57235,40.53808],[-73.57286,40.53749],[-73.57218,40.53762],[-73.57235,40.53808]],[[-73.58728,40.53573],[-73.586,40.53573],[-73.58557,40.53625],[-73.58634,40.53684],[-73.58728,40.53573]],[[-73.58831,40.5358],[-73.58874,40.53528],[-73.5878,40.53534],[-73.58831,40.5358]],[[-73.58763,40.53182],[-73.58694,40.53475],[-73.59132,40.53475],[-73.58866,40.53462],[-73.58763,40.53182]],[[-73.54523,40.52908],[-73.54162,40.53006],[-73.54926,40.5341],[-73.54823,40.52745],[-73.54712,40.52661],[-73.54523,40.52908]],[[-73.47545,40.52784],[-73.47236,40.52993],[-73.48214,40.53313],[-73.48918,40.53202],[-73.4909,40.5283],[-73.48901,40.52517],[-73.48523,40.52322],[-73.48128,40.52804],[-73.47545,40.52784]],[[-73.52145,40.5326],[-73.52085,40.53241],[-73.52008,40.53286],[-73.52145,40.5326]],[[-73.53948,40.52863],[-73.53836,40.52895],[-73.5369,40.5283],[-73.53802,40.52934],[-73.53948,40.52863]],[[-73.56634,40.52674],[-73.56548,40.52628],[-73.56557,40.52726],[-73.56634,40.52674]],[[-73.51544,40.52413],[-73.5163,40.52211],[-73.51476,40.52022],[-73.51021,40.52191],[-73.51544,40.52413]],[[-73.49416,40.52289],[-73.49467,40.52146],[-73.48952,40.51755],[-73.49064,40.52048],[-73.49416,40.52289]],[[-73.486,40.51683],[-73.48103,40.51572],[-73.47828,40.52159],[-73.48678,40.5197],[-73.486,40.51683]],[[-73.56789,40.52009],[-73.56832,40.51852],[-73.56608,40.52146],[-73.56789,40.52009]],[[-73.47836,40.51481],[-73.47708,40.51455],[-73.47622,40.51572],[-73.47768,40.51572],[-73.47836,40.51481]],[[-73.48257,40.51194],[-73.48506,40.51448],[-73.48317,40.51142],[-73.48257,40.51194]],[[-73.59432,40.54356],[-73.59475,40.54342],[-73.59458,40.54284],[-73.59432,40.54356]],[[-73.46506,40.82355],[-73.46463,40.82492],[-73.46489,40.82511],[-73.46506,40.82355]],[[-73.78152,40.8453],[-73.78349,40.85024],[-73.78118,40.85459],[-73.78281,40.85764],[-73.78736,40.85426],[-73.79148,40.84719],[-73.7895,40.84264],[-73.79148,40.84121],[-73.79036,40.84095],[-73.79251,40.8381],[-73.79165,40.8366],[-73.78899,40.8355],[-73.78796,40.8405],[-73.78358,40.84245],[-73.78418,40.84394],[-73.78152,40.8453]],[[-73.7689,40.84887],[-73.77139,40.8466],[-73.77088,40.84414],[-73.77242,40.84232],[-73.77234,40.83433],[-73.77096,40.83394],[-73.7653,40.83881],[-73.7695,40.84115],[-73.7689,40.84887]],[[-73.78066,40.83888],[-73.78092,40.83914],[-73.78126,40.83862],[-73.78066,40.83888]],[[-73.78727,40.83511],[-73.78461,40.83349],[-73.78478,40.83492],[-73.78727,40.83511]],[[-73.78409,40.83147],[-73.78469,40.83134],[-73.78401,40.83076],[-73.78409,40.83147]],[[-73.78238,40.81888],[-73.78203,40.81875],[-73.78229,40.8192],[-73.78238,40.81888]],[[-73.76315,40.81745],[-73.76281,40.81635],[-73.76101,40.81654],[-73.76315,40.81745]],[[-73.76581,40.81661],[-73.76624,40.81667],[-73.76564,40.81615],[-73.76581,40.81661]],[[-73.77122,40.80648],[-73.76753,40.80726],[-73.76822,40.81083],[-73.76676,40.81297],[-73.76993,40.81401],[-73.77465,40.81122],[-73.77199,40.80933],[-73.77122,40.80648]],[[-73.77989,40.80836],[-73.78186,40.81245],[-73.78667,40.81083],[-73.78615,40.80758],[-73.7804,40.80485],[-73.77886,40.80622],[-73.78289,40.80862],[-73.77989,40.80836]],[[-73.77714,40.81024],[-73.77774,40.80985],[-73.77706,40.8094],[-73.77714,40.81024]],[[-73.75586,40.80485],[-73.75646,40.80797],[-73.75895,40.807],[-73.75586,40.80485]],[[-73.76375,40.79615],[-73.76513,40.79609],[-73.76375,40.79537],[-73.76375,40.79615]],[[-73.76229,40.78641],[-73.76315,40.78628],[-73.76204,40.78518],[-73.76229,40.78641]],[[-73.76547,40.78453],[-73.76641,40.78453],[-73.76633,40.78349],[-73.76547,40.78453]],[[-73.74418,40.76759],[-73.74573,40.76759],[-73.74367,40.76622],[-73.74418,40.76759]],[[-73.70015,40.75928],[-73.70101,40.75921],[-73.69989,40.75707],[-73.70015,40.75928]],[[-73.70745,40.75596],[-73.70745,40.75161],[-73.7017,40.74856],[-73.70702,40.7535],[-73.70496,40.7548],[-73.70745,40.75596]],[[-73.71861,40.75174],[-73.71835,40.7507],[-73.71637,40.74882],[-73.71629,40.74928],[-73.71861,40.75174]],[[-73.71243,40.75057],[-73.71337,40.75077],[-73.71285,40.74986],[-73.71243,40.75057]],[[-73.6835,40.74739],[-73.6853,40.74772],[-73.68444,40.74668],[-73.6835,40.74739]],[[-73.71749,40.74746],[-73.71655,40.74674],[-73.71715,40.74824],[-73.71749,40.74746]],[[-73.69655,40.74246],[-73.69689,40.74226],[-73.6962,40.74168],[-73.69655,40.74246]],[[-73.24748,40.4534],[-73.25023,40.45164],[-73.24774,40.45373],[-73.24903,40.45692],[-73.25694,40.45114],[-73.249,40.45114],[-73.24705,40.45268],[-73.2478,40.45114],[-73.24431,40.45114],[-73.24748,40.4534]],[[-73.22216,40.45399],[-73.22474,40.45229],[-73.22474,40.45114],[-73.22175,40.45114],[-73.22216,40.45399]],[[-73.21933,40.45438],[-73.22182,40.45399],[-73.22136,40.45114],[-73.21871,40.45114],[-73.21933,40.45438]],[[-73.21624,40.45164],[-73.21684,40.45464],[-73.21881,40.45438],[-73.21795,40.45114],[-73.21624,40.45164]],[[-73.2165,40.4547],[-73.21607,40.45114],[-73.20729,40.45114],[-73.21538,40.45536],[-73.2165,40.4547]],[[-73.1976,40.45353],[-73.20148,40.45321],[-73.20215,40.45114],[-73.19727,40.45118],[-73.1976,40.45353]],[[-73.18774,40.45425],[-73.19418,40.45581],[-73.19684,40.4536],[-73.19723,40.45114],[-73.18845,40.45114],[-73.18774,40.45425]],[[-73.18528,40.45114],[-73.18577,40.45138],[-73.18612,40.45114],[-73.18528,40.45114]],[[-73.17598,40.46005],[-73.17272,40.45646],[-73.17307,40.45457],[-73.17573,40.4549],[-73.17504,40.4579],[-73.17701,40.45946],[-73.1862,40.45503],[-73.18551,40.45275],[-73.18688,40.45177],[-73.14508,40.45114],[-73.14895,40.46233],[-73.16628,40.46246],[-73.17598,40.46005]],[[-73.43116,40.54512],[-73.43124,40.54655],[-73.43511,40.54825],[-73.43657,40.54577],[-73.43116,40.54512]],[[-73.45991,40.54694],[-73.46051,40.54694],[-73.46068,40.54629],[-73.45991,40.54694]],[[-73.46077,40.54584],[-73.45854,40.54421],[-73.45742,40.54675],[-73.46077,40.54584]],[[-73.45708,40.54675],[-73.45768,40.54538],[-73.45425,40.54414],[-73.45347,40.54616],[-73.45708,40.54675]],[[-73.46489,40.54642],[-73.46369,40.54512],[-73.46189,40.54453],[-73.4618,40.54668],[-73.46489,40.54642]],[[-73.43004,40.54571],[-73.42927,40.5446],[-73.42566,40.54375],[-73.4285,40.5461],[-73.43004,40.54571]],[[-73.45013,40.54271],[-73.45201,40.54616],[-73.45459,40.54316],[-73.45201,40.54349],[-73.45013,40.54271]],[[-73.44772,40.5416],[-73.43777,40.54075],[-73.43339,40.54408],[-73.4485,40.54492],[-73.44772,40.5416]],[[-73.42378,40.54532],[-73.42472,40.54362],[-73.42172,40.54271],[-73.42378,40.54532]],[[-73.45613,40.54453],[-73.45811,40.54401],[-73.45493,40.54238],[-73.45613,40.54453]],[[-73.46146,40.54212],[-73.46249,40.54369],[-73.4648,40.54453],[-73.46334,40.54251],[-73.46146,40.54212]],[[-73.43056,40.54193],[-73.4321,40.54186],[-73.4309,40.53971],[-73.423,40.53756],[-73.42275,40.53671],[-73.41691,40.53684],[-73.41717,40.54004],[-73.43107,40.54356],[-73.43219,40.54219],[-73.43056,40.54193]],[[-73.43245,40.54329],[-73.4333,40.5429],[-73.4327,40.5429],[-73.43245,40.54329]],[[-73.43708,40.54043],[-73.44695,40.54082],[-73.44618,40.53899],[-73.44772,40.5371],[-73.44395,40.53521],[-73.4382,40.53638],[-73.43897,40.53339],[-73.43657,40.53606],[-73.43442,40.53619],[-73.43648,40.5401],[-73.4339,40.54316],[-73.43708,40.54043]],[[-73.4545,40.54238],[-73.4545,40.5414],[-73.45407,40.54134],[-73.4545,40.54238]],[[-73.42292,40.53658],[-73.43476,40.54082],[-73.43536,40.53925],[-73.43322,40.53658],[-73.43588,40.53534],[-73.43811,40.5313],[-73.43442,40.53045],[-73.42875,40.53169],[-73.42661,40.53006],[-73.42112,40.52993],[-73.42378,40.53137],[-73.42395,40.53273],[-73.42206,40.53404],[-73.41785,40.5341],[-73.41811,40.53554],[-73.42292,40.53658]],[[-73.3994,40.53065],[-73.4073,40.53625],[-73.41511,40.53606],[-73.41322,40.52589],[-73.40446,40.52908],[-73.40163,40.52824],[-73.3994,40.53065]],[[-73.38902,40.53528],[-73.38979,40.53489],[-73.3885,40.53469],[-73.38902,40.53528]],[[-73.38378,40.53358],[-73.38507,40.53495],[-73.3867,40.53443],[-73.38378,40.53358]],[[-73.38987,40.53384],[-73.39219,40.53423],[-73.39065,40.53332],[-73.38987,40.53384]],[[-73.41785,40.53384],[-73.41957,40.53404],[-73.41846,40.53345],[-73.41785,40.53384]],[[-73.38507,40.53117],[-73.38138,40.53137],[-73.38876,40.53358],[-73.38507,40.53117]],[[-73.41725,40.5328],[-73.42292,40.53306],[-73.42318,40.53182],[-73.41657,40.53032],[-73.41725,40.5328]],[[-73.4309,40.53],[-73.43236,40.52961],[-73.42961,40.52902],[-73.4309,40.53]],[[-73.37288,40.52674],[-73.37382,40.52987],[-73.3746,40.52687],[-73.37288,40.52674]],[[-73.37142,40.52902],[-73.37005,40.52302],[-73.36756,40.52713],[-73.36498,40.52582],[-73.36421,40.52771],[-73.37142,40.52902]],[[-73.39854,40.52895],[-73.40155,40.52778],[-73.40524,40.52726],[-73.39786,40.5268],[-73.39854,40.52895]],[[-73.43356,40.5285],[-73.43768,40.52889],[-73.43845,40.52843],[-73.43502,40.52563],[-73.43356,40.5285]],[[-73.38009,40.52876],[-73.3891,40.5225],[-73.38601,40.52139],[-73.38103,40.5223],[-73.37906,40.52778],[-73.38009,40.52876]],[[-73.43039,40.52798],[-73.43202,40.52843],[-73.43193,40.52771],[-73.43039,40.52798]],[[-73.41777,40.52824],[-73.42395,40.52654],[-73.42069,40.524],[-73.41777,40.52439],[-73.41777,40.52824]],[[-73.44515,40.52791],[-73.44129,40.52335],[-73.43983,40.52504],[-73.44223,40.52824],[-73.44515,40.52791]],[[-73.43176,40.52524],[-73.42575,40.52602],[-73.42558,40.52687],[-73.43408,40.52706],[-73.43176,40.52524]],[[-73.39571,40.52661],[-73.39691,40.52661],[-73.3964,40.52622],[-73.39571,40.52661]],[[-73.3582,40.52641],[-73.35897,40.52478],[-73.36078,40.52387],[-73.36206,40.52472],[-73.35923,40.52504],[-73.35889,40.52641],[-73.36395,40.52654],[-73.36215,40.52556],[-73.36387,40.52439],[-73.36773,40.52563],[-73.36936,40.52165],[-73.36661,40.52054],[-73.36584,40.52217],[-73.36189,40.52256],[-73.3594,40.52067],[-73.35614,40.5223],[-73.35743,40.52393],[-73.35666,40.52504],[-73.354,40.52543],[-73.3582,40.52641]],[[-73.40206,40.52387],[-73.39477,40.52185],[-73.39451,40.52543],[-73.39906,40.52595],[-73.40206,40.52387]],[[-73.35065,40.52152],[-73.34661,40.52354],[-73.35348,40.5253],[-73.35125,40.52348],[-73.35065,40.52152]],[[-73.35365,40.52517],[-73.35691,40.52439],[-73.35494,40.52191],[-73.35503,40.5208],[-73.35623,40.52022],[-73.35537,40.52211],[-73.3588,40.52015],[-73.36224,40.52107],[-73.36481,40.51989],[-73.36438,40.51872],[-73.36103,40.51852],[-73.35554,40.51376],[-73.35271,40.51572],[-73.34928,40.51565],[-73.34842,40.51741],[-73.34885,40.51507],[-73.34498,40.51272],[-73.33666,40.51331],[-73.33863,40.51409],[-73.34095,40.51963],[-73.33992,40.52126],[-73.34352,40.52054],[-73.3461,40.5223],[-73.35108,40.52094],[-73.35365,40.52517]],[[-73.41167,40.51631],[-73.40627,40.51859],[-73.41013,40.5227],[-73.41399,40.52413],[-73.41322,40.51702],[-73.41167,40.51631]],[[-73.43167,40.5225],[-73.42961,40.5238],[-73.43433,40.52224],[-73.43081,40.52185],[-73.43021,40.5227],[-73.43167,40.5225]],[[-73.4236,40.52139],[-73.42575,40.52354],[-73.42824,40.52341],[-73.43039,40.52067],[-73.42867,40.51963],[-73.4236,40.52139]],[[-73.34249,40.52256],[-73.3449,40.52315],[-73.34404,40.5223],[-73.34249,40.52256]],[[-73.34189,40.52224],[-73.34421,40.52191],[-73.34207,40.52146],[-73.34189,40.52224]],[[-73.36507,40.52009],[-73.36644,40.52009],[-73.3655,40.51963],[-73.36507,40.52009]],[[-73.33623,40.51911],[-73.33872,40.52054],[-73.33958,40.51918],[-73.33795,40.51774],[-73.33623,40.51911]],[[-73.39202,40.51741],[-73.3867,40.51924],[-73.39356,40.51983],[-73.39202,40.51741]],[[-73.28928,40.51715],[-73.30009,40.51983],[-73.30516,40.51852],[-73.30576,40.51735],[-73.30396,40.515],[-73.30207,40.51487],[-73.30439,40.51618],[-73.30241,40.51715],[-73.30456,40.51826],[-73.30241,40.51735],[-73.30215,40.51618],[-73.30001,40.51552],[-73.29675,40.51748],[-73.29778,40.51305],[-73.294,40.51207],[-73.29675,40.51318],[-73.29752,40.51396],[-73.29675,40.51416],[-73.29314,40.51213],[-73.28928,40.51715]],[[-73.39047,40.51624],[-73.39253,40.51513],[-73.38936,40.51539],[-73.38979,40.51572],[-73.38893,40.5167],[-73.38756,40.5167],[-73.38687,40.51852],[-73.3897,40.51696],[-73.39271,40.51735],[-73.39314,40.51904],[-73.39494,40.51768],[-73.39314,40.51592],[-73.39047,40.51624]],[[-73.40455,40.51722],[-73.40069,40.5182],[-73.40455,40.51872],[-73.40455,40.51722]],[[-73.38635,40.51872],[-73.38738,40.51657],[-73.38953,40.51572],[-73.38223,40.51735],[-73.38635,40.51872]],[[-73.3358,40.51416],[-73.33674,40.51592],[-73.334,40.51657],[-73.3382,40.5165],[-73.3382,40.51461],[-73.3358,40.51416]],[[-73.25297,40.51689],[-73.25443,40.51715],[-73.25366,40.51644],[-73.25297,40.51689]],[[-73.24705,40.51683],[-73.24774,40.51435],[-73.24714,40.51285],[-73.24499,40.51468],[-73.24705,40.51683]],[[-73.37451,40.5165],[-73.37563,40.51585],[-73.3746,40.51526],[-73.37451,40.5165]],[[-73.2492,40.51572],[-73.25126,40.51592],[-73.25074,40.51507],[-73.2492,40.51572]],[[-73.28868,40.51305],[-73.28344,40.51513],[-73.28722,40.51546],[-73.28868,40.51305]],[[-73.35219,40.51416],[-73.34885,40.51298],[-73.34902,40.51161],[-73.34593,40.5124],[-73.35048,40.51526],[-73.35511,40.51311],[-73.35219,40.51416]],[[-73.32996,40.51331],[-73.3334,40.51481],[-73.3364,40.51187],[-73.33288,40.51064],[-73.32996,40.51331]],[[-73.27889,40.51422],[-73.2795,40.51357],[-73.27889,40.51305],[-73.27889,40.51422]],[[-73.26877,40.50549],[-73.26679,40.50542],[-73.26756,40.50399],[-73.26585,40.50379],[-73.26817,40.50294],[-73.26353,40.50184],[-73.26078,40.50405],[-73.26027,40.50627],[-73.26147,40.50646],[-73.2583,40.50796],[-73.25958,40.50874],[-73.25478,40.50816],[-73.25666,40.51116],[-73.25521,40.51103],[-73.25933,40.5135],[-73.25512,40.51122],[-73.25675,40.51487],[-73.25357,40.51344],[-73.25126,40.51474],[-73.25658,40.51722],[-73.26988,40.51722],[-73.2795,40.51487],[-73.27417,40.51272],[-73.27821,40.51383],[-73.27907,40.51005],[-73.27598,40.51011],[-73.27701,40.50901],[-73.27529,40.50894],[-73.27623,40.50738],[-73.27503,40.50888],[-73.27538,40.50672],[-73.27383,40.50698],[-73.2716,40.5062],[-73.27168,40.50679],[-73.27057,40.50588],[-73.26911,40.50705],[-73.26877,40.50549]],[[-73.25349,40.51246],[-73.25169,40.51083],[-73.25023,40.51187],[-73.25117,40.51305],[-73.25349,40.51246]],[[-73.25383,40.51272],[-73.25521,40.51259],[-73.25357,40.51148],[-73.25383,40.51272]],[[-73.33898,40.51103],[-73.34292,40.51266],[-73.34344,40.51083],[-73.34292,40.50966],[-73.33898,40.51103]],[[-73.28619,40.50946],[-73.2831,40.50946],[-73.28559,40.51129],[-73.28576,40.51233],[-73.28859,40.51187],[-73.28619,40.50946]],[[-73.23203,40.50901],[-73.23143,40.51011],[-73.22705,40.50972],[-73.22456,40.51174],[-73.22808,40.5122],[-73.23521,40.50953],[-73.23203,40.50901]],[[-73.2504,40.51051],[-73.24911,40.51051],[-73.24903,40.50927],[-73.24834,40.50985],[-73.2498,40.51174],[-73.25134,40.51057],[-73.24971,40.50959],[-73.2504,40.51051]],[[-73.25778,40.50627],[-73.25357,40.50601],[-73.24988,40.50646],[-73.25074,40.50822],[-73.24954,40.50894],[-73.24903,40.50568],[-73.251,40.50288],[-73.25203,40.50301],[-73.24911,40.50262],[-73.24405,40.50633],[-73.24345,40.50979],[-73.24963,40.51403],[-73.25074,40.5135],[-73.24645,40.50933],[-73.24954,40.50907],[-73.25443,40.51168],[-73.2546,40.51044],[-73.2534,40.51083],[-73.25435,40.50744],[-73.25727,40.50698],[-73.25778,40.50627]],[[-73.30027,40.50927],[-73.29615,40.5064],[-73.29349,40.5092],[-73.2946,40.51064],[-73.29932,40.51018],[-73.30027,40.50927]],[[-73.28233,40.50796],[-73.28181,40.50881],[-73.28267,40.50842],[-73.28233,40.50796]],[[-73.23366,40.50829],[-73.23272,40.50725],[-73.23074,40.50659],[-73.23169,40.5079],[-73.23366,40.50829]],[[-73.28053,40.50653],[-73.27683,40.50744],[-73.27932,40.50907],[-73.28001,40.51422],[-73.28636,40.51272],[-73.28156,40.50998],[-73.28104,40.50685],[-73.28113,40.50809],[-73.27992,40.50835],[-73.28053,40.50653]],[[-73.18912,40.50216],[-73.17847,40.50184],[-73.17564,40.50477],[-73.17804,40.50783],[-73.19118,40.50392],[-73.18912,40.50216]],[[-73.28241,40.50764],[-73.28233,40.50712],[-73.28164,40.50679],[-73.28241,40.50764]],[[-73.19306,40.50503],[-73.19839,40.50712],[-73.20379,40.5047],[-73.20388,40.50281],[-73.20139,40.5017],[-73.19306,40.50503]],[[-73.27555,40.50653],[-73.27606,40.50594],[-73.27443,40.50607],[-73.27555,40.50653]],[[-73.25838,40.50509],[-73.2589,40.50692],[-73.25993,40.50522],[-73.25838,40.50509]],[[-73.27297,40.50477],[-73.27323,40.50646],[-73.27417,40.5064],[-73.27357,40.50633],[-73.27297,40.50477]],[[-73.2498,40.50516],[-73.25246,40.50412],[-73.25091,40.50575],[-73.24937,40.50575],[-73.25237,40.50601],[-73.25323,40.50373],[-73.25143,40.50294],[-73.2498,40.50516]],[[-73.27289,40.50594],[-73.26988,40.50451],[-73.26894,40.50536],[-73.27289,40.50594]],[[-73.28979,40.5047],[-73.2916,40.50477],[-73.29091,40.50405],[-73.28979,40.5047]],[[-73.26722,40.50522],[-73.26962,40.50373],[-73.26731,40.50457],[-73.26722,40.50522]],[[-73.17289,40.50444],[-73.17358,40.50477],[-73.17349,40.50425],[-73.17289,40.50444]],[[-73.2407,40.50379],[-73.2419,40.50203],[-73.24096,40.50105],[-73.23735,40.5021],[-73.2407,40.50379]],[[-73.18963,40.5019],[-73.19152,40.50268],[-73.19143,40.50164],[-73.18963,40.5019]],[[-73.38335,40.4976],[-73.38301,40.49512],[-73.38035,40.49401],[-73.37829,40.50105],[-73.38335,40.4976]],[[-73.3776,40.50021],[-73.38,40.49388],[-73.3758,40.4931],[-73.37331,40.49968],[-73.3776,40.50021]],[[-73.36756,40.49838],[-73.37314,40.4991],[-73.37554,40.49317],[-73.37125,40.49408],[-73.36807,40.49388],[-73.36756,40.49838]],[[-73.23307,40.78774],[-73.23194,40.78766],[-73.23208,40.78836],[-73.23307,40.78774]],[[-73.36138,40.79966],[-73.35846,40.79602],[-73.36121,40.80122],[-73.36138,40.79966]],[[-73.40361,40.77434],[-73.40429,40.77453],[-73.40412,40.77382],[-73.40361,40.77434]],[[-73.16242,40.77284],[-73.16191,40.77362],[-73.16225,40.77421],[-73.16242,40.77284]],[[-73.16448,40.77284],[-73.165,40.77297],[-73.16491,40.77265],[-73.16448,40.77284]],[[-73.19487,40.8131],[-73.19401,40.81388],[-73.19427,40.81628],[-73.19504,40.81596],[-73.19487,40.8131]],[[-73.20534,40.80336],[-73.19813,40.80518],[-73.19916,40.80687],[-73.20276,40.80615],[-73.20534,40.80336]],[[-73.20259,40.80252],[-73.1995,40.80148],[-73.19804,40.80446],[-73.20259,40.80252]],[[-73.20542,40.79914],[-73.2001,40.79979],[-73.19993,40.80115],[-73.20122,40.80057],[-73.20311,40.80122],[-73.20311,40.80239],[-73.20508,40.80076],[-73.20542,40.79914]],[[-73.20568,40.79934],[-73.20534,40.80063],[-73.20877,40.79791],[-73.20705,40.79771],[-73.20645,40.79693],[-73.20482,40.79862],[-73.20568,40.79934]],[[-73.20971,40.7994],[-73.21177,40.79966],[-73.21177,40.79856],[-73.20971,40.7994]],[[-73.21186,40.79849],[-73.21186,40.79882],[-73.21349,40.7981],[-73.21186,40.79849]],[[-73.20396,40.7981],[-73.20482,40.79823],[-73.20431,40.79784],[-73.20396,40.7981]],[[-73.20705,40.79745],[-73.20911,40.79745],[-73.20834,40.79615],[-73.20705,40.79745]],[[-73.22731,40.79687],[-73.22774,40.7957],[-73.22637,40.79473],[-73.22525,40.79622],[-73.22731,40.79687]],[[-73.22568,40.79031],[-73.21898,40.79265],[-73.2189,40.79434],[-73.22396,40.79466],[-73.22568,40.79031]],[[-73.21718,40.79265],[-73.21486,40.79232],[-73.21589,40.7931],[-73.21555,40.7944],[-73.21718,40.79265]],[[-73.22611,40.79427],[-73.22774,40.79414],[-73.22722,40.79083],[-73.22559,40.7918],[-73.22611,40.79427]],[[-73.21469,40.79369],[-73.21572,40.7933],[-73.21461,40.79278],[-73.21469,40.79369]],[[-73.2201,40.78856],[-73.21907,40.79044],[-73.22225,40.7896],[-73.2201,40.78856]],[[-72.97437,40.45959],[-72.97291,40.45881],[-72.97265,40.45992],[-72.97437,40.45959]],[[-72.46556,40.72889],[-72.47118,40.71813],[-72.45837,40.71813],[-72.4526,40.73668],[-72.46556,40.72889]],[[-72.63491,40.77674],[-72.63662,40.77642],[-72.63388,40.77668],[-72.63491,40.77674]],[[-72.44359,40.77707],[-72.44136,40.77947],[-72.44642,40.77914],[-72.44694,40.77752],[-72.44359,40.77707]]]}},{"type":"Feature","properties":{"water":"ocean"},"geometry":{"type":"Polygon","coordinates":[[[-74.52104,40.72064],[-74.52086,40.71954],[-74.5231,40.72162],[-74.52052,40.72162],[-74.52155,40.72363],[-74.52825,40.72792],[-74.52765,40.72895],[-74.52224,40.72792],[-74.5225,40.73045],[-74.52061,40.73071],[-74.52009,40.72623],[-74.51262,40.72623],[-74.50953,40.72467],[-74.50687,40.7222],[-74.5073,40.71863],[-74.50602,40.71837],[-74.5073,40.71792],[-74.50765,40.71947],[-74.50833,40.71837],[-74.51288,40.72032],[-74.51254,40.71837],[-74.51434,40.7174],[-74.5188,40.72084],[-74.52104,40.72064]]]}},{"type":"Feature","properties":{"water":"ocean"},"geometry":{"type":"Polygon","coordinates":[[[-74.48421,41.09888],[-74.48576,41.10167],[-74.48842,41.10082],[-74.48773,41.10335],[-74.48997,41.10813],[-74.4946,41.10994],[-74.49306,41.11324],[-74.48722,41.11428],[-74.48044,41.10458],[-74.47761,41.09604],[-74.47546,41.09378],[-74.47563,41.09138],[-74.47606,41.09384],[-74.47795,41.0941],[-74.47701,41.09268],[-74.47872,41.09261],[-74.48207,41.09714],[-74.48619,41.09656],[-74.48421,41.09888]]]}},{"type":"Feature","properties":{"water":"ocean"},"geometry":{"type":"Polygon","coordinates":[[[-74.51288,41.17461],[-74.51142,41.17196],[-74.50636,41.16879],[-74.50147,41.1686],[-74.50087,41.17577],[-74.50361,41.18353],[-74.50155,41.18431],[-74.49838,41.18192],[-74.49331,41.16517],[-74.49168,41.16303],[-74.4873,41.16297],[-74.48542,41.15967],[-74.48859,41.15191],[-74.48859,41.15831],[-74.49795,41.16135],[-74.5128,41.17215],[-74.51408,41.17429],[-74.51288,41.17461]]]}},{"type":"Feature","properties":{"water":"ocean"},"geometry":{"type":"Polygon","coordinates":[[[-74.50705,41.23184],[-74.50533,41.22886],[-74.49323,41.22304],[-74.48808,41.21787],[-74.47778,41.21147],[-74.47898,41.20927],[-74.48207,41.20746],[-74.48662,41.2094],[-74.4964,41.21593],[-74.51297,41.23087],[-74.50696,41.22828],[-74.50928,41.23152],[-74.50705,41.23184]]]}},{"type":"Feature","properties":{"water":"ocean"},"geometry":{"type":"Polygon","coordinates":[[[-74.38122,40.70327],[-74.37856,40.70014],[-74.37619,40.69966],[-74.37796,40.70607],[-74.37263,40.70483],[-74.37208,40.7098],[-74.37916,40.7098],[-74.3783,40.71129],[-74.38148,40.71577],[-74.37615,40.71272],[-74.37461,40.71714],[-74.37118,40.71454],[-74.37078,40.71197],[-74.36477,40.71452],[-74.36912,40.71649],[-74.3686,40.71863],[-74.36388,40.71999],[-74.36213,40.71692],[-74.35967,40.71813],[-74.3595,40.71474],[-74.36045,40.71656],[-74.36328,40.71428],[-74.36208,40.7133],[-74.36937,40.71233],[-74.37143,40.70444],[-74.37693,40.70372],[-74.36654,40.68984],[-74.3692,40.69088],[-74.37229,40.6899],[-74.37229,40.69323],[-74.37075,40.69297],[-74.37617,40.69963],[-74.37881,40.69988],[-74.38113,40.70294],[-74.38577,40.70124],[-74.38439,40.69792],[-74.38079,40.6989],[-74.37873,40.69779],[-74.38225,40.69231],[-74.37778,40.69147],[-74.37916,40.68808],[-74.37693,40.68697],[-74.3795,40.68782],[-74.37813,40.69134],[-74.38259,40.69212],[-74.3789,40.69772],[-74.38105,40.69864],[-74.38422,40.69746],[-74.3862,40.70085],[-74.38577,40.7019],[-74.38122,40.70327]],[[-74.37092,40.71174],[-74.37238,40.712],[-74.37093,40.71194],[-74.37272,40.71376],[-74.37315,40.71168],[-74.37177,40.71031],[-74.37092,40.71174]]]}},{"type":"Feature","properties":{"water":"ocean"},"geometry":{"type":"Polygon","coordinates":[[[-74.45864,40.72486],[-74.46233,40.7274],[-74.46078,40.73045],[-74.4552,40.73149],[-74.45005,40.72908],[-74.4389,40.7222],[-74.43469,40.71545],[-74.43521,40.71324],[-74.43229,40.71214],[-74.43306,40.7098],[-74.43984,40.7098],[-74.4413,40.72019],[-74.44602,40.7224],[-74.44945,40.72142],[-74.45452,40.7248],[-74.45864,40.72486]]]}},{"type":"Feature","properties":{"water":"ocean"},"geometry":{"type":"Polygon","coordinates":[[[-74.41564,40.8092],[-74.41383,40.8105],[-74.41727,40.81271],[-74.41701,40.81596],[-74.41984,40.8181],[-74.41881,40.82284],[-74.4128,40.8255],[-74.40886,40.82446],[-74.40499,40.82057],[-74.40396,40.81498],[-74.40027,40.812],[-74.40113,40.80894],[-74.39684,40.80596],[-74.39821,40.80505],[-74.39632,40.80375],[-74.39864,40.79589],[-74.40276,40.79836],[-74.40405,40.80096],[-74.41469,40.79719],[-74.40911,40.80109],[-74.40834,40.80524],[-74.41581,40.80765],[-74.41461,40.80823],[-74.41564,40.8092]],[[-74.41049,40.81427],[-74.41134,40.81401],[-74.41023,40.81342],[-74.41049,40.81427]],[[-74.41349,40.80894],[-74.41392,40.80843],[-74.41263,40.80804],[-74.41349,40.80894]]]}},{"type":"Feature","properties":{"water":"ocean"},"geometry":{"type":"Polygon","coordinates":[[[-74.43555,41.04463],[-74.44173,41.04929],[-74.43993,41.04903],[-74.44121,41.05426],[-74.43512,41.05077],[-74.43315,41.0465],[-74.434,41.04385],[-74.43237,41.04599],[-74.42911,41.04204],[-74.42671,41.04237],[-74.42636,41.03797],[-74.42293,41.03739],[-74.42782,41.037],[-74.43151,41.0348],[-74.43658,41.03655],[-74.43761,41.03777],[-74.43332,41.0368],[-74.43606,41.03997],[-74.43615,41.0414],[-74.4346,41.04094],[-74.43555,41.04463]]]}},{"type":"Feature","properties":{"water":"ocean"},"geometry":{"type":"Polygon","coordinates":[[[-74.38766,41.05284],[-74.3892,41.05239],[-74.39117,41.05433],[-74.39135,41.06008],[-74.38697,41.05388],[-74.38577,41.05414],[-74.3904,41.06144],[-74.39272,41.06125],[-74.39392,41.06597],[-74.39023,41.06138],[-74.38766,41.06041],[-74.38663,41.06112],[-74.38019,41.0595],[-74.37967,41.05349],[-74.37624,41.04857],[-74.37718,41.0478],[-74.3765,41.04618],[-74.37976,41.04806],[-74.38019,41.0467],[-74.37521,41.04146],[-74.37272,41.04146],[-74.37298,41.04411],[-74.3759,41.04508],[-74.37401,41.04612],[-74.37633,41.04838],[-74.37358,41.04702],[-74.37701,41.0498],[-74.3753,41.0498],[-74.36989,41.04321],[-74.36731,41.04224],[-74.36791,41.03907],[-74.37118,41.04133],[-74.37066,41.03907],[-74.37409,41.03706],[-74.3753,41.04004],[-74.37967,41.04165],[-74.37881,41.04262],[-74.38388,41.04702],[-74.38774,41.04857],[-74.38766,41.05284]],[[-74.38414,41.05717],[-74.38096,41.05905],[-74.38671,41.06073],[-74.38414,41.05717]],[[-74.38663,41.05963],[-74.38826,41.05905],[-74.38645,41.05763],[-74.38663,41.05963]]]}},{"type":"Feature","properties":{"water":"ocean"},"geometry":{"type":"Polygon","coordinates":[[[-74.46825,41.06888],[-74.4613,41.06215],[-74.46241,41.06105],[-74.45769,41.05523],[-74.45726,41.04993],[-74.46053,41.0531],[-74.4625,41.0531],[-74.46053,41.05148],[-74.45984,41.04579],[-74.46113,41.04385],[-74.46593,41.04916],[-74.46645,41.05336],[-74.47074,41.06105],[-74.46774,41.06345],[-74.46928,41.06681],[-74.46825,41.06888]],[[-74.4619,41.05349],[-74.4601,41.05465],[-74.46053,41.05517],[-74.46353,41.05472],[-74.4619,41.05349]]]}},{"type":"Feature","properties":{"water":"ocean"},"geometry":{"type":"Polygon","coordinates":[[[-74.4625,41.14603],[-74.45641,41.14428],[-74.45271,41.15191],[-74.44585,41.14958],[-74.44439,41.14544],[-74.44928,41.14648],[-74.45108,41.14506],[-74.44413,41.1351],[-74.44216,41.13555],[-74.43967,41.13154],[-74.44113,41.12895],[-74.44216,41.12766],[-74.44387,41.13167],[-74.44774,41.13271],[-74.45203,41.13937],[-74.45529,41.13736],[-74.4528,41.1307],[-74.44542,41.12398],[-74.44379,41.119],[-74.45761,41.13523],[-74.4601,41.14189],[-74.45907,41.14331],[-74.46267,41.14441],[-74.4625,41.14603]]]}},{"type":"Feature","properties":{"water":"ocean"},"geometry":{"type":"Polygon","coordinates":[[[-74.40954,41.15573],[-74.41066,41.15424],[-74.41212,41.15624],[-74.41366,41.16278],[-74.41332,41.17584],[-74.41203,41.1772],[-74.4104,41.17526],[-74.40637,41.17558],[-74.40705,41.16989],[-74.40989,41.16575],[-74.4074,41.16265],[-74.40568,41.15579],[-74.40954,41.15573]]]}},{"type":"Feature","properties":{"water":"ocean"},"geometry":{"type":"Polygon","coordinates":[[[-74.43778,41.20597],[-74.4413,41.20953],[-74.43143,41.20578],[-74.42903,41.20668],[-74.42568,41.20526],[-74.42405,41.19763],[-74.42199,41.19653],[-74.42559,41.19841],[-74.42465,41.19627],[-74.42594,41.19621],[-74.42748,41.19789],[-74.42585,41.19996],[-74.4286,41.20319],[-74.43289,41.203],[-74.42937,41.1975],[-74.42568,41.19511],[-74.42516,41.18903],[-74.42765,41.18715],[-74.42954,41.1869],[-74.42808,41.18845],[-74.42877,41.19181],[-74.4316,41.19265],[-74.43383,41.19556],[-74.43598,41.19931],[-74.43503,41.20125],[-74.43761,41.20274],[-74.43778,41.20597]]]}},{"type":"Feature","properties":{"water":"ocean"},"geometry":{"type":"Polygon","coordinates":[[[-74.43993,41.2363],[-74.44061,41.24891],[-74.43632,41.24891],[-74.43521,41.24406],[-74.43229,41.24296],[-74.43563,41.23572],[-74.431,41.22589],[-74.43272,41.22246],[-74.43503,41.22531],[-74.43306,41.22783],[-74.43503,41.231],[-74.44259,41.23126],[-74.43993,41.2363]]]}},{"type":"Feature","properties":{"water":"ocean"},"geometry":{"type":"Polygon","coordinates":[[[-74.32629,41.41738],[-74.32878,41.41616],[-74.33993,41.42582],[-74.34508,41.42839],[-74.34731,41.43174],[-74.3456,41.43251],[-74.34053,41.42949],[-74.33461,41.42923],[-74.33478,41.42633],[-74.32929,41.42433],[-74.32629,41.41738]]]}},{"type":"Feature","properties":{"water":"ocean"},"geometry":{"type":"Polygon","coordinates":[[[-74.20149,39.91696],[-74.20286,39.91815],[-74.20115,39.919],[-74.19917,39.91565],[-74.19565,39.91499],[-74.19677,39.91427],[-74.19325,39.91171],[-74.19402,39.90553],[-74.20604,39.90665],[-74.2238,39.90553],[-74.21926,39.9075],[-74.2202,39.9096],[-74.22406,39.90954],[-74.21917,39.91046],[-74.21642,39.90954],[-74.21908,39.91158],[-74.21797,39.9125],[-74.22003,39.91611],[-74.21977,39.91427],[-74.22269,39.91374],[-74.22526,39.91598],[-74.22192,39.91834],[-74.21548,39.91834],[-74.2135,39.91644],[-74.21196,39.91736],[-74.2081,39.91572],[-74.20853,39.9169],[-74.20424,39.91611],[-74.20149,39.91696]]]}},{"type":"Feature","properties":{"water":"ocean"},"geometry":{"type":"Polygon","coordinates":[[[-74.33968,40.02624],[-74.33255,40.03018],[-74.33401,40.0334],[-74.33195,40.03405],[-74.33144,40.0286],[-74.32629,40.02827],[-74.32526,40.02453],[-74.32629,40.02407],[-74.32345,40.02466],[-74.32311,40.02236],[-74.32011,40.02282],[-74.31676,40.02019],[-74.32723,40.01966],[-74.32646,40.02058],[-74.32878,40.02308],[-74.33444,40.02229],[-74.33538,40.024],[-74.33865,40.02426],[-74.33968,40.02624]]]}},{"type":"Feature","properties":{"water":"ocean"},"geometry":{"type":"Polygon","coordinates":[[[-74.2069,40.18627],[-74.21385,40.1902],[-74.21067,40.18856],[-74.20715,40.18987],[-74.20312,40.18666],[-74.19188,40.18332],[-74.18827,40.17842],[-74.18612,40.17809],[-74.18655,40.17468],[-74.21994,40.17468],[-74.20844,40.18005],[-74.2069,40.18627]]]}},{"type":"Feature","properties":{"water":"ocean"},"geometry":{"type":"Polygon","coordinates":[[[-74.21908,40.44878],[-74.21874,40.45114],[-74.19634,40.45114],[-74.19325,40.44891],[-74.19411,40.44204],[-74.20578,40.44125],[-74.20698,40.44263],[-74.20424,40.44256],[-74.20604,40.44387],[-74.21651,40.44066],[-74.21857,40.44178],[-74.22715,40.43988],[-74.21926,40.44472],[-74.2202,40.44682],[-74.22406,40.44675],[-74.21917,40.44767],[-74.21642,40.44675],[-74.21908,40.44878]]]}},{"type":"Feature","properties":{"water":"ocean"},"geometry":{"type":"Polygon","coordinates":[[[-74.25299,40.72766],[-74.25101,40.7272],[-74.25067,40.72934],[-74.24784,40.72856],[-74.24088,40.72415],[-74.23908,40.7187],[-74.24097,40.71668],[-74.24397,40.71714],[-74.24998,40.7098],[-74.25264,40.71298],[-74.25307,40.71733],[-74.25668,40.72149],[-74.25213,40.72584],[-74.25299,40.72766]]]}},{"type":"Feature","properties":{"water":"ocean"},"geometry":{"type":"Polygon","coordinates":[[[-74.19394,40.78252],[-74.18355,40.78213],[-74.1814,40.77778],[-74.18063,40.77869],[-74.17909,40.77603],[-74.17085,40.77103],[-74.17531,40.77252],[-74.17952,40.77603],[-74.18055,40.77804],[-74.18192,40.77687],[-74.18406,40.78168],[-74.18861,40.78077],[-74.19488,40.78219],[-74.19642,40.7868],[-74.20097,40.78986],[-74.20089,40.79427],[-74.20235,40.79537],[-74.20209,40.79921],[-74.21007,40.79719],[-74.21282,40.79758],[-74.22758,40.81122],[-74.2347,40.80888],[-74.239,40.80174],[-74.24097,40.80076],[-74.25136,40.80914],[-74.25754,40.81083],[-74.26414,40.8068],[-74.26698,40.79869],[-74.27273,40.79635],[-74.26698,40.79998],[-74.26612,40.80661],[-74.25797,40.81141],[-74.24998,40.80907],[-74.24063,40.80161],[-74.23934,40.80252],[-74.23985,40.8057],[-74.23702,40.80661],[-74.23488,40.81005],[-74.22758,40.81167],[-74.21891,40.8033],[-74.21368,40.8005],[-74.21256,40.80141],[-74.21196,40.80083],[-74.21153,40.80161],[-74.2129,40.79817],[-74.20999,40.79765],[-74.20398,40.80024],[-74.20166,40.79947],[-74.20003,40.79018],[-74.19582,40.78732],[-74.19394,40.78252]],[[-74.23084,40.81037],[-74.23273,40.81031],[-74.23462,40.80907],[-74.23084,40.81037]],[[-74.23891,40.8057],[-74.23865,40.8042],[-74.23676,40.80596],[-74.23891,40.8057]],[[-74.21342,40.79947],[-74.21265,40.80128],[-74.21359,40.80011],[-74.21342,40.79947]],[[-74.20123,40.79648],[-74.20209,40.79544],[-74.20097,40.79499],[-74.20123,40.79648]]]}},{"type":"Feature","properties":{"water":"ocean"},"geometry":{"type":"Polygon","coordinates":[[[-74.25659,41.0251],[-74.25608,41.01889],[-74.25256,41.01113],[-74.25419,41.00958],[-74.25771,41.01158],[-74.25822,41.00977],[-74.26105,41.0134],[-74.2632,41.01333],[-74.265,41.02128],[-74.26397,41.02491],[-74.2614,41.02458],[-74.26054,41.02613],[-74.25659,41.0251]]]}},{"type":"Feature","properties":{"water":"ocean"},"geometry":{"type":"Polygon","coordinates":[[[-74.21685,41.0403],[-74.2026,41.02659],[-74.20166,41.01896],[-74.20363,41.01676],[-74.20647,41.01682],[-74.20964,41.02012],[-74.21059,41.02206],[-74.20827,41.02407],[-74.20887,41.02801],[-74.21325,41.02989],[-74.2184,41.03984],[-74.21685,41.0403]]]}},{"type":"Feature","properties":{"water":"ocean"},"geometry":{"type":"Polygon","coordinates":[[[-74.32191,41.04172],[-74.31787,41.04101],[-74.31624,41.03907],[-74.31436,41.03991],[-74.31255,41.03629],[-74.30861,41.03364],[-74.30672,41.02892],[-74.30122,41.02445],[-74.29796,41.01715],[-74.29865,41.01191],[-74.28758,41.0037],[-74.28741,40.99723],[-74.28912,40.99878],[-74.28835,41.00176],[-74.29092,41.00305],[-74.28998,41.00505],[-74.29676,41.00861],[-74.30019,41.00538],[-74.29882,41.0004],[-74.30165,41.00298],[-74.30569,41.00835],[-74.31152,41.0218],[-74.33444,41.04321],[-74.34474,41.05983],[-74.34405,41.06319],[-74.34603,41.06629],[-74.34405,41.06552],[-74.34431,41.06823],[-74.34946,41.07198],[-74.34637,41.07114],[-74.34611,41.07948],[-74.34011,41.07651],[-74.33865,41.06856],[-74.33435,41.06222],[-74.33272,41.06306],[-74.33195,41.0553],[-74.32577,41.05077],[-74.32191,41.04172]]]}},{"type":"Feature","properties":{"water":"ocean"},"geometry":{"type":"Polygon","coordinates":[[[-74.3171,41.10432],[-74.31427,41.10587],[-74.31204,41.10406],[-74.30723,41.10587],[-74.30423,41.10438],[-74.30165,41.10516],[-74.30217,41.10671],[-74.29753,41.10477],[-74.29556,41.09979],[-74.29985,41.09701],[-74.308,41.09966],[-74.30981,41.09785],[-74.31101,41.10063],[-74.31427,41.10076],[-74.31453,41.09294],[-74.30697,41.08789],[-74.30277,41.08744],[-74.3068,41.08505],[-74.3123,41.08951],[-74.31693,41.08983],[-74.31925,41.09947],[-74.3171,41.10432]]]}},{"type":"Feature","properties":{"water":"ocean"},"geometry":{"type":"Polygon","coordinates":[[[-74.30303,41.1664],[-74.30818,41.16918],[-74.30869,41.17196],[-74.31436,41.17603],[-74.31238,41.16472],[-74.31384,41.16569],[-74.31547,41.16924],[-74.31624,41.16821],[-74.31848,41.16969],[-74.3183,41.17668],[-74.32388,41.18295],[-74.32054,41.18463],[-74.31642,41.18444],[-74.31393,41.18256],[-74.31281,41.1836],[-74.31384,41.18457],[-74.31178,41.18444],[-74.31273,41.18146],[-74.3074,41.17998],[-74.30543,41.18237],[-74.30603,41.18489],[-74.29908,41.18483],[-74.29805,41.18146],[-74.29779,41.18276],[-74.29539,41.18276],[-74.29427,41.18043],[-74.29642,41.18192],[-74.29307,41.1772],[-74.29479,41.17435],[-74.29255,41.17118],[-74.29316,41.16103],[-74.29058,41.15741],[-74.28792,41.15961],[-74.28672,41.15812],[-74.28964,41.1565],[-74.28672,41.15366],[-74.28243,41.15282],[-74.28329,41.14538],[-74.28105,41.14422],[-74.28217,41.1426],[-74.27865,41.14092],[-74.27805,41.13891],[-74.27951,41.13717],[-74.28088,41.13781],[-74.28045,41.13516],[-74.27899,41.13439],[-74.27659,41.13646],[-74.27161,41.13264],[-74.26947,41.13342],[-74.2656,41.12611],[-74.26698,41.12326],[-74.28191,41.11395],[-74.28311,41.10994],[-74.28818,41.10509],[-74.29625,41.10244],[-74.28921,41.10768],[-74.28183,41.11602],[-74.28028,41.12035],[-74.28311,41.1221],[-74.28389,41.13219],[-74.28646,41.13368],[-74.28552,41.13542],[-74.28766,41.13594],[-74.28878,41.13898],[-74.28672,41.14189],[-74.28852,41.1459],[-74.28792,41.15133],[-74.29367,41.15566],[-74.29676,41.15236],[-74.30449,41.15191],[-74.30534,41.14907],[-74.30697,41.14945],[-74.30569,41.15133],[-74.30921,41.15211],[-74.31273,41.15049],[-74.3153,41.14603],[-74.31479,41.14803],[-74.3129,41.15062],[-74.31101,41.15198],[-74.29873,41.15333],[-74.29633,41.15909],[-74.30208,41.1631],[-74.30303,41.1664]]]}},{"type":"Feature","properties":{"water":"ocean"},"geometry":{"type":"Polygon","coordinates":[[[-74.20904,41.46968],[-74.20724,41.47084],[-74.20956,41.47322],[-74.21162,41.47309],[-74.21402,41.47753],[-74.21436,41.48075],[-74.21282,41.48159],[-74.20844,41.48127],[-74.20715,41.4765],[-74.20346,41.47689],[-74.20303,41.47444],[-74.1984,41.47431],[-74.20029,41.47219],[-74.19806,41.46523],[-74.19943,41.46291],[-74.20209,41.46253],[-74.20415,41.46658],[-74.20509,41.46491],[-74.20784,41.46485],[-74.20604,41.46729],[-74.20904,41.46968]]]}},{"type":"Feature","properties":{"water":"ocean"},"geometry":{"type":"Polygon","coordinates":[[[-74.10072,39.96519],[-74.10287,39.96828],[-74.09934,39.96911],[-74.09926,39.97268],[-74.0966,39.97413],[-74.09995,39.97597],[-74.09617,39.97715],[-74.09823,39.98031],[-74.09626,39.98425],[-74.10184,39.98497],[-74.09772,39.98615],[-74.1027,39.98773],[-74.09317,39.9855],[-74.09523,39.98642],[-74.09463,39.98813],[-74.09051,39.98832],[-74.0839,39.99581],[-74.07703,39.99949],[-74.06764,40.00017],[-74.06519,40.00968],[-74.05995,40.01743],[-74.05403,40.02203],[-74.05901,40.01776],[-74.06476,40.00941],[-74.06733,40.00009],[-74.06004,39.99752],[-74.05446,39.9924],[-74.05395,39.9901],[-74.04674,39.98681],[-74.03867,39.98675],[-74.03764,39.9851],[-74.03154,39.98826],[-74.03738,39.98385],[-74.03747,39.98234],[-74.04665,39.98083],[-74.04416,39.98031],[-74.04313,39.97919],[-74.0415,39.98024],[-74.04382,39.97603],[-74.04013,39.97557],[-74.04193,39.97715],[-74.03712,39.97774],[-74.0409,39.97702],[-74.03721,39.97676],[-74.03978,39.9763],[-74.03644,39.97466],[-74.03455,39.97242],[-74.03472,39.97216],[-74.0385,39.97505],[-74.0445,39.97531],[-74.04794,39.97229],[-74.05068,39.97262],[-74.04691,39.97663],[-74.05197,39.9782],[-74.04631,39.97748],[-74.04502,39.97939],[-74.04905,39.98169],[-74.05231,39.98162],[-74.05429,39.98418],[-74.0591,39.98602],[-74.05995,39.98957],[-74.06425,39.99016],[-74.06931,39.99397],[-74.07609,39.9945],[-74.08433,39.99115],[-74.08579,39.98753],[-74.08785,39.98701],[-74.08785,39.98175],[-74.09163,39.98077],[-74.08974,39.97866],[-74.09171,39.97157],[-74.0966,39.9669],[-74.09557,39.95954],[-74.09755,39.95928],[-74.09841,39.96099],[-74.1033,39.95764],[-74.09883,39.96119],[-74.09789,39.96112],[-74.09729,39.95967],[-74.09575,39.96059],[-74.09789,39.96408],[-74.10098,39.96434],[-74.10037,39.96611],[-74.10141,39.96644],[-74.10072,39.96519]],[[-74.09887,39.97074],[-74.0989,39.9704],[-74.09883,39.97058],[-74.09887,39.97074]],[[-74.09943,39.96886],[-74.10012,39.96841],[-74.09991,39.96746],[-74.09943,39.96886]],[[-74.07197,39.99483],[-74.0712,39.99693],[-74.07206,39.99884],[-74.07266,39.99654],[-74.07197,39.99483]],[[-74.05086,39.98773],[-74.053,39.98596],[-74.0512,39.98537],[-74.05086,39.98773]],[[-74.04983,39.98484],[-74.04734,39.98405],[-74.04931,39.98339],[-74.04468,39.9832],[-74.0433,39.98497],[-74.04871,39.98629],[-74.04931,39.98773],[-74.04983,39.98484]],[[-74.0433,39.97906],[-74.04399,39.97985],[-74.04399,39.97807],[-74.0433,39.97906]],[[-74.04596,39.97728],[-74.04631,39.97656],[-74.04485,39.9763],[-74.04596,39.97728]]]}},{"type":"Feature","properties":{"water":"ocean"},"geometry":{"type":"Polygon","coordinates":[[[-74.15935,40.29969],[-74.15849,40.29904],[-74.16003,40.29786],[-74.16132,40.29858],[-74.15969,40.29962],[-74.15995,40.30061],[-74.15377,40.30087],[-74.15179,40.30394],[-74.15454,40.30689],[-74.14896,40.30447],[-74.14742,40.30303],[-74.14853,40.30211],[-74.14527,40.30368],[-74.13943,40.30263],[-74.13634,40.30911],[-74.13317,40.30807],[-74.13033,40.3097],[-74.1269,40.30774],[-74.12613,40.31088],[-74.12141,40.30983],[-74.1233,40.31356],[-74.13205,40.31874],[-74.13763,40.31749],[-74.13978,40.31959],[-74.1439,40.31939],[-74.1499,40.32129],[-74.15351,40.32528],[-74.15591,40.32515],[-74.15617,40.32757],[-74.15445,40.32659],[-74.1554,40.32554],[-74.15145,40.32567],[-74.14887,40.3224],[-74.14441,40.32116],[-74.14501,40.32011],[-74.14312,40.3222],[-74.136,40.32017],[-74.13033,40.32116],[-74.12965,40.31906],[-74.12424,40.31697],[-74.12278,40.31474],[-74.12046,40.315],[-74.12115,40.31376],[-74.11652,40.31154],[-74.11617,40.30807],[-74.11403,40.30715],[-74.12407,40.30807],[-74.12699,40.30597],[-74.13076,40.30866],[-74.12879,40.30617],[-74.13342,40.30506],[-74.13875,40.2991],[-74.1433,40.301],[-74.15205,40.2957],[-74.14518,40.30002],[-74.14475,40.30218],[-74.14699,40.30093],[-74.15171,40.30152],[-74.15557,40.29825],[-74.15935,40.29969]]]}},{"type":"Feature","properties":{"water":"ocean"},"geometry":{"type":"Polygon","coordinates":[[[-74.076,40.8964],[-74.08287,40.90101],[-74.08218,40.90497],[-74.08459,40.90672],[-74.0911,40.90579],[-74.08965,40.90166],[-74.0936,40.89725],[-74.09128,40.89199],[-74.09283,40.88971],[-74.09257,40.89179],[-74.0945,40.89078],[-74.0936,40.88484],[-74.09463,40.88824],[-74.09866,40.88608],[-74.09463,40.88837],[-74.09557,40.89062],[-74.09311,40.89262],[-74.09686,40.89757],[-74.09042,40.9016],[-74.09231,40.9038],[-74.09197,40.90588],[-74.08502,40.9077],[-74.09128,40.91549],[-74.08948,40.92893],[-74.0954,40.93607],[-74.09686,40.9401],[-74.09532,40.94432],[-74.09266,40.94614],[-74.07652,40.94607],[-74.07609,40.94795],[-74.07789,40.95042],[-74.09506,40.95607],[-74.10021,40.96276],[-74.10132,40.96672],[-74.10373,40.96652],[-74.10132,40.96776],[-74.10313,40.97198],[-74.10501,40.97334],[-74.10905,40.9725],[-74.10656,40.97464],[-74.11574,40.97672],[-74.11978,40.97159],[-74.11583,40.95633],[-74.11652,40.9536],[-74.12004,40.95159],[-74.13772,40.95178],[-74.14372,40.95471],[-74.1481,40.95899],[-74.15771,40.95958],[-74.16063,40.95795],[-74.1651,40.9486],[-74.16235,40.93399],[-74.14836,40.91601],[-74.14724,40.90802],[-74.13694,40.894],[-74.139,40.88932],[-74.13651,40.87692],[-74.12621,40.87361],[-74.12244,40.87024],[-74.12046,40.86147],[-74.12373,40.85472],[-74.11909,40.84401],[-74.11858,40.83524],[-74.11514,40.83433],[-74.11214,40.83576],[-74.11463,40.83375],[-74.11926,40.83466],[-74.11986,40.8431],[-74.12458,40.85446],[-74.12141,40.86193],[-74.12278,40.8679],[-74.12673,40.87283],[-74.13076,40.87303],[-74.13746,40.87634],[-74.14029,40.88893],[-74.13892,40.89562],[-74.14879,40.90874],[-74.14887,40.91491],[-74.15591,40.92172],[-74.1645,40.93536],[-74.16656,40.9475],[-74.16295,40.9573],[-74.15677,40.96068],[-74.14681,40.96029],[-74.13892,40.9536],[-74.12742,40.95217],[-74.11978,40.95399],[-74.1184,40.95542],[-74.11866,40.96094],[-74.12321,40.97354],[-74.12295,40.98288],[-74.12235,40.98405],[-74.10977,40.98405],[-74.10879,40.98552],[-74.10834,40.98405],[-74.10476,40.98591],[-74.10253,40.98281],[-74.10733,40.98358],[-74.10768,40.98185],[-74.1039,40.98172],[-74.10647,40.97964],[-74.10158,40.97561],[-74.09849,40.97542],[-74.09635,40.96373],[-74.09403,40.96035],[-74.08819,40.95607],[-74.07961,40.95367],[-74.07429,40.94906],[-74.07394,40.94542],[-74.07927,40.94081],[-74.09051,40.94341],[-74.09343,40.94263],[-74.09197,40.93549],[-74.0869,40.93003],[-74.08596,40.92679],[-74.08922,40.91646],[-74.08124,40.90789],[-74.07978,40.90978],[-74.08038,40.90783],[-74.07875,40.90802],[-74.08021,40.90731],[-74.07849,40.90698],[-74.07944,40.90595],[-74.07583,40.90543],[-74.07575,40.90328],[-74.07094,40.90062],[-74.07377,40.89841],[-74.06725,40.89686],[-74.06691,40.89484],[-74.06055,40.88991],[-74.05566,40.88842],[-74.03378,40.88627],[-74.02923,40.88101],[-74.03026,40.88088],[-74.02888,40.87524],[-74.03335,40.87017],[-74.03412,40.86595],[-74.0276,40.86089],[-74.02974,40.85602],[-74.02811,40.84829],[-74.02081,40.85582],[-74.01197,40.8555],[-74.01017,40.85212],[-74.01034,40.84751],[-74.00854,40.84771],[-74.01,40.84634],[-74.00871,40.84199],[-73.99901,40.82803],[-74.00416,40.8279],[-74.00476,40.8318],[-74.00828,40.83602],[-74.00785,40.83875],[-74.0112,40.84284],[-74.01335,40.85407],[-74.02193,40.85348],[-74.02674,40.84738],[-74.03,40.84634],[-74.02768,40.83985],[-74.03146,40.83569],[-74.03043,40.83433],[-74.03206,40.83459],[-74.03206,40.83095],[-74.03523,40.82622],[-74.03472,40.81687],[-74.0391,40.81472],[-74.03515,40.81187],[-74.03223,40.80693],[-74.03652,40.8042],[-74.0306,40.79771],[-74.03154,40.79434],[-74.02991,40.79206],[-74.02579,40.79038],[-74.02682,40.78862],[-74.02468,40.78687],[-74.02485,40.78369],[-74.02648,40.78291],[-74.02571,40.78401],[-74.02708,40.78505],[-74.02511,40.78667],[-74.0306,40.79109],[-74.03283,40.79434],[-74.03172,40.79765],[-74.03815,40.80433],[-74.03403,40.80765],[-74.0403,40.81446],[-74.03944,40.81687],[-74.03558,40.81771],[-74.03687,40.8218],[-74.0397,40.82128],[-74.03678,40.82206],[-74.03317,40.83543],[-74.02923,40.84115],[-74.03189,40.84706],[-74.03069,40.85043],[-74.03172,40.85348],[-74.03429,40.85245],[-74.03197,40.85368],[-74.03352,40.85452],[-74.03197,40.85459],[-74.03094,40.86154],[-74.03481,40.86128],[-74.03266,40.86238],[-74.03824,40.86485],[-74.03429,40.87498],[-74.03189,40.87575],[-74.03335,40.88244],[-74.03575,40.88523],[-74.05025,40.88595],[-74.05128,40.8842],[-74.0512,40.88582],[-74.06176,40.88705],[-74.06785,40.89127],[-74.06974,40.8951],[-74.0748,40.8951],[-74.07721,40.89173],[-74.09051,40.88374],[-74.09223,40.87887],[-74.08673,40.87803],[-74.08141,40.8677],[-74.07909,40.86757],[-74.07935,40.86595],[-74.0766,40.86595],[-74.07515,40.86816],[-74.07377,40.869],[-74.06656,40.87089],[-74.0748,40.86803],[-74.07703,40.86251],[-74.07695,40.86563],[-74.08141,40.86459],[-74.07978,40.86731],[-74.08227,40.86757],[-74.08708,40.87757],[-74.09223,40.8777],[-74.09308,40.87972],[-74.09214,40.88387],[-74.07678,40.89384],[-74.076,40.8964]]]}},{"type":"Feature","properties":{"water":"ocean"},"geometry":{"type":"Polygon","coordinates":[[[-74.14252,41.02691],[-74.14218,41.02943],[-74.13892,41.03014],[-74.14304,41.03234],[-74.14012,41.0337],[-74.12922,41.02575],[-74.12973,41.0231],[-74.1263,41.02154],[-74.12956,41.0196],[-74.13531,41.02445],[-74.13806,41.02284],[-74.13626,41.01462],[-74.13257,41.00945],[-74.13342,41.00848],[-74.13634,41.01003],[-74.14287,41.0198],[-74.13995,41.0198],[-74.13815,41.02575],[-74.14252,41.02691]]]}},{"type":"Feature","properties":{"water":"ocean"},"geometry":{"type":"Polygon","coordinates":[[[-74.09909,41.49486],[-74.09231,41.49306],[-74.09343,41.49673],[-74.09248,41.49776],[-74.09283,41.4964],[-74.09034,41.49583],[-74.09094,41.49306],[-74.08819,41.49248],[-74.08742,41.49376],[-74.08622,41.4926],[-74.08545,41.49016],[-74.08871,41.49035],[-74.08416,41.4803],[-74.08862,41.47869],[-74.09532,41.48533],[-74.09703,41.48842],[-74.0954,41.48958],[-74.09875,41.49074],[-74.09909,41.49486]]]}},{"type":"Feature","properties":{"water":"ocean"},"geometry":{"type":"Polygon","coordinates":[[[-74.03232,40.89017],[-74.03077,40.88893],[-74.03369,40.8903],[-74.03884,40.88751],[-74.04347,40.88751],[-74.04305,40.89075],[-74.04133,40.89153],[-74.04193,40.89309],[-74.04974,40.89588],[-74.05309,40.89945],[-74.05352,40.90212],[-74.05051,40.89861],[-74.04794,40.89906],[-74.04768,40.90043],[-74.05043,40.89906],[-74.04579,40.90186],[-74.03738,40.89316],[-74.03815,40.89238],[-74.03489,40.89043],[-74.03378,40.89303],[-74.03532,40.89212],[-74.04021,40.89725],[-74.03609,40.89867],[-74.03978,40.90108],[-74.03687,40.90173],[-74.03944,40.90263],[-74.03807,40.90387],[-74.03875,40.90543],[-74.03644,40.904],[-74.03858,40.90276],[-74.03575,40.90179],[-74.0385,40.90049],[-74.03609,40.89932],[-74.03352,40.90036],[-74.03584,40.89926],[-74.03472,40.89653],[-74.0312,40.89777],[-74.03455,40.8964],[-74.033,40.89575],[-74.03283,40.89341],[-74.02991,40.89439],[-74.0324,40.89341],[-74.03086,40.89101],[-74.03283,40.89238],[-74.033,40.89049],[-74.0282,40.89153],[-74.03232,40.89017]],[[-74.04545,40.90043],[-74.04656,40.89627],[-74.04545,40.89725],[-74.04133,40.89549],[-74.04236,40.89757],[-74.04244,40.89647],[-74.04605,40.89757],[-74.04519,40.90023],[-74.04596,40.90101],[-74.04742,40.90056],[-74.04545,40.90043]],[[-74.04716,40.89562],[-74.05008,40.89783],[-74.04905,40.89828],[-74.05043,40.89802],[-74.04716,40.89562]],[[-74.04468,40.89822],[-74.04485,40.8977],[-74.04322,40.89777],[-74.04468,40.89822]],[[-74.04674,40.89757],[-74.04725,40.89815],[-74.04751,40.89802],[-74.04674,40.89757]],[[-74.03609,40.89653],[-74.03635,40.89673],[-74.03678,40.89627],[-74.03609,40.89653]],[[-74.04107,40.89212],[-74.04021,40.89341],[-74.04184,40.89504],[-74.04296,40.89556],[-74.04596,40.8953],[-74.04536,40.89614],[-74.04665,40.89517],[-74.04279,40.8951],[-74.04107,40.89212]],[[-74.0379,40.89595],[-74.03832,40.89582],[-74.03704,40.89478],[-74.0379,40.89595]],[[-74.04399,40.89471],[-74.04442,40.89504],[-74.0445,40.89452],[-74.04399,40.89471]],[[-74.03566,40.89465],[-74.03592,40.89445],[-74.03575,40.89413],[-74.03566,40.89465]],[[-74.04107,40.89439],[-74.03987,40.89413],[-74.03901,40.89341],[-74.03935,40.89465],[-74.04107,40.89439]],[[-74.03635,40.89406],[-74.03661,40.89387],[-74.03635,40.89361],[-74.03635,40.89406]],[[-74.03824,40.8938],[-74.0385,40.89335],[-74.03772,40.89322],[-74.03824,40.8938]],[[-74.033,40.89264],[-74.03266,40.89329],[-74.03283,40.89335],[-74.033,40.89264]],[[-74.04064,40.89166],[-74.03875,40.89264],[-74.03961,40.8929],[-74.04064,40.89166]],[[-74.03935,40.89166],[-74.03635,40.89095],[-74.0385,40.89251],[-74.04099,40.89121],[-74.0397,40.88932],[-74.03935,40.89166]],[[-74.04287,40.88861],[-74.04064,40.88978],[-74.04159,40.89108],[-74.04287,40.88861]],[[-74.04227,40.89101],[-74.04287,40.89036],[-74.04253,40.88958],[-74.04227,40.89101]],[[-74.0391,40.889],[-74.03798,40.88919],[-74.04099,40.88783],[-74.03712,40.88913],[-74.03695,40.88984],[-74.0391,40.889]],[[-74.03575,40.8901],[-74.03626,40.89036],[-74.03652,40.88984],[-74.03575,40.8901]],[[-74.04038,40.88906],[-74.04116,40.88861],[-74.04038,40.88842],[-74.04038,40.88906]],[[-74.04116,40.88809],[-74.04305,40.88829],[-74.04287,40.88757],[-74.04116,40.88809]]]}},{"type":"Feature","properties":{"water":"ocean"},"geometry":{"type":"Polygon","coordinates":[[[-73.91885,41.08045],[-73.92614,41.08026],[-73.92923,41.08595],[-73.92417,41.09313],[-73.92245,41.09332],[-73.91756,41.08841],[-73.9161,41.08285],[-73.91885,41.08045]]]}},{"type":"Feature","properties":{"water":"ocean"},"geometry":{"type":"Polygon","coordinates":[[[-73.96477,41.06493],[-73.9652,41.06196],[-73.96631,41.06429],[-73.96803,41.06131],[-73.96811,41.05879],[-73.96854,41.06002],[-73.96751,41.06707],[-73.96502,41.06487],[-73.96451,41.06733],[-73.95799,41.06894],[-73.96451,41.06765],[-73.96159,41.07308],[-73.96528,41.09727],[-73.96794,41.10128],[-73.96923,41.10102],[-73.96777,41.1038],[-73.97043,41.11479],[-73.9688,41.11841],[-73.96159,41.11654],[-73.96176,41.10645],[-73.96022,41.10393],[-73.96176,41.10639],[-73.96279,41.10373],[-73.95824,41.0919],[-73.9561,41.07871],[-73.95404,41.07528],[-73.95533,41.07496],[-73.95481,41.07231],[-73.95344,41.07095],[-73.9579,41.0692],[-73.95344,41.0705],[-73.95404,41.06435],[-73.95335,41.06338],[-73.95258,41.06571],[-73.95181,41.06332],[-73.95172,41.05853],[-73.9537,41.05517],[-73.95945,41.05905],[-73.96099,41.06571],[-73.96477,41.06493]]]}},{"type":"Feature","properties":{"water":"ocean"},"geometry":{"type":"Polygon","coordinates":[[[-74.0021,41.20649],[-73.9997,41.20623],[-73.9985,41.2094],[-73.99318,41.21089],[-73.98554,41.20849],[-73.98451,41.20571],[-73.98648,41.20145],[-73.98648,41.19407],[-73.9894,41.1944],[-73.98983,41.19091],[-73.99215,41.19071],[-73.99103,41.19252],[-73.99326,41.18968],[-73.99112,41.18573],[-73.99198,41.18269],[-73.98691,41.18108],[-73.99404,41.17927],[-73.9961,41.18243],[-73.99944,41.18392],[-74.0009,41.19517],[-73.9985,41.1966],[-73.99833,41.20086],[-74.00047,41.20151],[-73.9997,41.20604],[-74.0021,41.20649]]]}},{"type":"Feature","properties":{"water":"ocean"},"geometry":{"type":"Polygon","coordinates":[[[-73.97232,41.24173],[-73.96777,41.24361],[-73.95996,41.24096],[-73.96082,41.23966],[-73.97086,41.23966],[-73.97198,41.24141],[-73.97721,41.24251],[-73.97867,41.24477],[-73.98013,41.24471],[-73.98159,41.24691],[-73.98039,41.244],[-73.98451,41.24497],[-73.98554,41.24065],[-73.9907,41.24065],[-73.99155,41.23882],[-73.99162,41.24065],[-74.00614,41.24065],[-74.00485,41.25585],[-74.00648,41.26261],[-74.00863,41.26448],[-74.00665,41.26538],[-74.00803,41.26545],[-74.00846,41.27073],[-74.01094,41.27318],[-74.01112,41.27852],[-74.01455,41.28689],[-74.01137,41.29063],[-73.98554,41.29056],[-73.98468,41.2753],[-73.98253,41.27279],[-73.98099,41.26512],[-73.98434,41.26326],[-73.98837,41.27015],[-73.98923,41.26899],[-73.98708,41.26145],[-73.98356,41.26068],[-73.98339,41.2574],[-73.98545,41.25115],[-73.98889,41.25005],[-73.9876,41.24928],[-73.98868,41.24891],[-73.98082,41.24781],[-73.97962,41.24484],[-73.97618,41.2449],[-73.97232,41.24173]],[[-73.98786,41.24555],[-73.9872,41.24524],[-73.98674,41.24566],[-73.98786,41.24555]],[[-73.98548,41.24738],[-73.98544,41.24686],[-73.98434,41.24788],[-73.98548,41.24738]]]}},{"type":"Feature","properties":{"water":"ocean"},"geometry":{"type":"Polygon","coordinates":[[[-74.01455,41.30332],[-73.99987,41.30879],[-73.99592,41.31214],[-73.99077,41.31259],[-73.98511,41.31671],[-73.98348,41.32071],[-73.98511,41.32116],[-73.9712,41.33668],[-73.96734,41.34808],[-73.96425,41.35239],[-73.9591,41.35658],[-73.95498,41.35581],[-73.95078,41.35748],[-73.95198,41.3627],[-73.9549,41.36585],[-73.96056,41.37893],[-73.96279,41.39574],[-73.96451,41.39864],[-73.96228,41.40166],[-73.96631,41.40276],[-73.97618,41.41873],[-73.98365,41.42472],[-73.98597,41.43142],[-73.99309,41.4291],[-73.98631,41.43271],[-73.98554,41.4463],[-73.98211,41.4463],[-73.98382,41.44385],[-73.98005,41.44565],[-73.97859,41.44321],[-73.97223,41.45151],[-73.96889,41.45351],[-73.97421,41.45248],[-73.97395,41.45396],[-73.95773,41.46169],[-73.95473,41.46588],[-73.96056,41.47251],[-73.9712,41.4767],[-73.97867,41.49009],[-73.9779,41.49396],[-73.97936,41.49898],[-73.97584,41.50999],[-73.97103,41.51077],[-73.96917,41.51242],[-73.97052,41.5127],[-73.95292,41.5127],[-73.95215,41.50832],[-73.9658,41.50349],[-73.96511,41.50104],[-73.96657,41.50066],[-73.96468,41.49235],[-73.94915,41.47921],[-73.94657,41.4785],[-73.94425,41.48069],[-73.94091,41.48088],[-73.94365,41.47625],[-73.94056,41.47425],[-73.93713,41.47451],[-73.93713,41.47122],[-73.93241,41.46858],[-73.93215,41.4653],[-73.93078,41.4651],[-73.93181,41.46266],[-73.93773,41.45995],[-73.93421,41.45654],[-73.94554,41.45467],[-73.9452,41.45815],[-73.93876,41.45976],[-73.94726,41.45821],[-73.95773,41.45235],[-73.96391,41.45081],[-73.98056,41.43335],[-73.9755,41.42446],[-73.96932,41.41976],[-73.96751,41.41577],[-73.96116,41.41306],[-73.95842,41.4083],[-73.95653,41.40038],[-73.95679,41.39039],[-73.95309,41.37893],[-73.9488,41.3759],[-73.94743,41.36598],[-73.94391,41.36096],[-73.94435,41.35666],[-73.94279,41.35851],[-73.94365,41.3616],[-73.93962,41.36386],[-73.94116,41.3618],[-73.93842,41.3578],[-73.93988,41.35465],[-73.93876,41.35291],[-73.94022,41.35407],[-73.94082,41.35194],[-73.94546,41.35143],[-73.94442,41.35652],[-73.94674,41.35149],[-73.95301,41.35246],[-73.95979,41.34995],[-73.9597,41.34692],[-73.95318,41.34293],[-73.95739,41.33938],[-73.96065,41.33938],[-73.95979,41.33855],[-73.96254,41.33642],[-73.96176,41.33442],[-73.96399,41.33056],[-73.96194,41.33088],[-73.96399,41.32818],[-73.96511,41.32824],[-73.96408,41.33043],[-73.96563,41.32811],[-73.96803,41.32882],[-73.96992,41.32753],[-73.96846,41.3236],[-73.97352,41.31555],[-73.97884,41.31105],[-73.98279,41.30332],[-73.98571,41.29089],[-74.01129,41.29063],[-74.01661,41.29977],[-74.01455,41.30332]],[[-73.99,41.29874],[-73.98923,41.29758],[-73.98786,41.29688],[-73.98665,41.29694],[-73.99,41.29874]],[[-73.98768,41.29868],[-73.9876,41.29829],[-73.98683,41.29823],[-73.98768,41.29868]]]}},{"type":"Feature","properties":{"water":"ocean"},"geometry":{"type":"Polygon","coordinates":[[[-73.85499,40.98979],[-73.85997,40.99109],[-73.85653,40.9918],[-73.85465,40.9949],[-73.86108,41.00098],[-73.86297,41.00357],[-73.86392,41.00628],[-73.86683,41.00822],[-73.86649,41.01049],[-73.87113,41.01488],[-73.87138,41.01902],[-73.8731,41.02096],[-73.87301,41.02736],[-73.8725,41.02575],[-73.87156,41.02736],[-73.8731,41.02762],[-73.87404,41.03228],[-73.87104,41.02659],[-73.87147,41.02523],[-73.87284,41.02426],[-73.87284,41.0231],[-73.87095,41.01876],[-73.87087,41.01488],[-73.86563,41.01023],[-73.86263,41.00363],[-73.85677,40.99715],[-73.85439,40.99936],[-73.84915,40.99755],[-73.84709,40.99852],[-73.83954,40.99497],[-73.84031,40.9982],[-73.83327,40.99173],[-73.83044,40.99186],[-73.82812,40.98953],[-73.82109,40.98701],[-73.8168,40.98708],[-73.81225,40.98837],[-73.80959,40.99186],[-73.80856,40.98966],[-73.80615,40.9894],[-73.80289,40.99018],[-73.80126,40.99251],[-73.79482,40.99154],[-73.7913,40.99412],[-73.78718,40.99419],[-73.78289,40.99742],[-73.78289,40.99917],[-73.78006,40.99723],[-73.77337,40.99988],[-73.77482,41.00389],[-73.77706,41.00596],[-73.7798,41.00492],[-73.78315,41.00855],[-73.78212,41.00952],[-73.77491,41.00557],[-73.77088,41.00544],[-73.77199,41.00441],[-73.76607,40.99626],[-73.75903,40.9929],[-73.75594,40.98701],[-73.75388,40.98669],[-73.75277,40.98979],[-73.74873,40.99012],[-73.74564,40.9927],[-73.74856,40.98934],[-73.75122,40.98915],[-73.75053,40.9843],[-73.74384,40.98151],[-73.74023,40.98203],[-73.7386,40.97983],[-73.73534,40.9821],[-73.73603,40.97945],[-73.73028,40.97576],[-73.73543,40.97576],[-73.74075,40.97809],[-73.74298,40.97699],[-73.75062,40.97951],[-73.76186,40.98792],[-73.7647,40.98805],[-73.76693,40.9927],[-73.76633,40.99464],[-73.76847,40.99503],[-73.76856,40.9929],[-73.7707,40.99315],[-73.77208,40.9971],[-73.77371,40.99542],[-73.77706,40.99716],[-73.78049,40.99322],[-73.78332,40.99445],[-73.78418,40.99154],[-73.78598,40.99083],[-73.79611,40.98953],[-73.80066,40.99044],[-73.80126,40.98695],[-73.80435,40.98565],[-73.8125,40.98604],[-73.81757,40.98436],[-73.81868,40.98177],[-73.8198,40.98365],[-73.82461,40.98423],[-73.82023,40.98042],[-73.82529,40.97957],[-73.82607,40.97763],[-73.8313,40.98397],[-73.83842,40.98863],[-73.84366,40.98358],[-73.83988,40.97731],[-73.84418,40.97906],[-73.84521,40.97576],[-73.85267,40.97576],[-73.84769,40.98067],[-73.84975,40.98352],[-73.84426,40.98688],[-73.84315,40.9894],[-73.85104,40.99374],[-73.85499,40.98979]],[[-73.87164,41.02542],[-73.87224,41.02536],[-73.87267,41.02458],[-73.87164,41.02542]]]}},{"type":"Feature","properties":{"water":"ocean"},"geometry":{"type":"Polygon","coordinates":[[[-73.8804,41.04004],[-73.88803,41.03965],[-73.88658,41.04075],[-73.88761,41.04256],[-73.88623,41.04068],[-73.88555,41.0425],[-73.89679,41.05038],[-73.89868,41.0564],[-73.89971,41.04916],[-73.89825,41.04586],[-73.90117,41.04301],[-73.90151,41.03797],[-73.89688,41.03939],[-73.88992,41.03318],[-73.93928,41.04883],[-73.92477,41.05886],[-73.90675,41.08272],[-73.90675,41.09578],[-73.91301,41.10587],[-73.91499,41.12255],[-73.91387,41.1241],[-73.9155,41.12934],[-73.91387,41.12992],[-73.91499,41.13445],[-73.91396,41.13458],[-73.91559,41.13568],[-73.91464,41.1362],[-73.91627,41.13594],[-73.91533,41.13756],[-73.91705,41.13743],[-73.91747,41.14053],[-73.9155,41.14292],[-73.91584,41.147],[-73.91979,41.15114],[-73.92074,41.1609],[-73.91868,41.17571],[-73.91773,41.17836],[-73.91567,41.17894],[-73.91722,41.17939],[-73.91679,41.18179],[-73.90984,41.18282],[-73.89645,41.18146],[-73.9046,41.18269],[-73.90881,41.18625],[-73.90477,41.19226],[-73.90228,41.20209],[-73.90383,41.21043],[-73.90245,41.21548],[-73.90263,41.23119],[-73.90615,41.24264],[-73.90494,41.24316],[-73.90803,41.24891],[-73.88906,41.24891],[-73.88546,41.23921],[-73.88683,41.23844],[-73.88658,41.22912],[-73.88469,41.22738],[-73.88555,41.22531],[-73.88417,41.22492],[-73.87962,41.2072],[-73.87816,41.20636],[-73.8743,41.18256],[-73.8707,41.17726],[-73.87087,41.17034],[-73.86623,41.1534],[-73.86795,41.15269],[-73.86606,41.14926],[-73.86924,41.14932],[-73.86829,41.1448],[-73.8743,41.14066],[-73.87276,41.13904],[-73.87336,41.136],[-73.86992,41.134],[-73.87001,41.13018],[-73.87121,41.13064],[-73.86812,41.11693],[-73.86932,41.10761],[-73.86641,41.08763],[-73.86967,41.07994],[-73.86847,41.07955],[-73.86872,41.07664],[-73.87164,41.07502],[-73.87173,41.07231],[-73.86967,41.06991],[-73.87207,41.06603],[-73.86967,41.06409],[-73.87147,41.06254],[-73.8701,41.06144],[-73.88005,41.04076],[-73.87576,41.04747],[-73.87516,41.0425],[-73.87774,41.04107],[-73.87207,41.03338],[-73.87404,41.03228],[-73.87602,41.03383],[-73.87473,41.03357],[-73.87404,41.03558],[-73.87816,41.03868],[-73.87808,41.03564],[-73.87971,41.03422],[-73.88108,41.03538],[-73.8804,41.04004]]]}},{"type":"Feature","properties":{"water":"ocean"},"geometry":{"type":"Polygon","coordinates":[[[-73.75019,41.11033],[-73.75354,41.12288],[-73.75551,41.12475],[-73.75663,41.12391],[-73.7568,41.12805],[-73.76367,41.12999],[-73.76779,41.136],[-73.77148,41.13283],[-73.77191,41.13911],[-73.77354,41.13853],[-73.77491,41.14001],[-73.77122,41.14357],[-73.7695,41.15017],[-73.76384,41.15152],[-73.76238,41.14848],[-73.76178,41.15029],[-73.75946,41.14706],[-73.76101,41.14454],[-73.75792,41.14208],[-73.7568,41.13788],[-73.74813,41.13303],[-73.74556,41.1351],[-73.74899,41.14169],[-73.74693,41.14823],[-73.73946,41.14777],[-73.73732,41.14907],[-73.73672,41.15385],[-73.73122,41.15275],[-73.72745,41.15805],[-73.7247,41.15689],[-73.72075,41.15773],[-73.72101,41.15631],[-73.71946,41.15631],[-73.71929,41.1435],[-73.71818,41.14234],[-73.71955,41.13587],[-73.72272,41.14034],[-73.72496,41.14027],[-73.72727,41.14777],[-73.73036,41.14609],[-73.73071,41.13885],[-73.72916,41.13665],[-73.72684,41.13749],[-73.72702,41.13361],[-73.7283,41.13477],[-73.73208,41.13212],[-73.73277,41.1287],[-73.73654,41.12811],[-73.74204,41.13322],[-73.74581,41.13245],[-73.74556,41.12915],[-73.73989,41.1254],[-73.73929,41.12184],[-73.73019,41.1188],[-73.73105,41.11609],[-73.72848,41.11479],[-73.72882,41.11324],[-73.73105,41.11596],[-73.73448,41.11292],[-73.7356,41.11641],[-73.7386,41.11531],[-73.73706,41.11757],[-73.738,41.11938],[-73.74023,41.11893],[-73.74187,41.12346],[-73.74573,41.12507],[-73.74847,41.1307],[-73.74659,41.12048],[-73.74736,41.11428],[-73.74375,41.11182],[-73.74118,41.11208],[-73.73706,41.10593],[-73.73757,41.1038],[-73.74332,41.10024],[-73.74092,41.10697],[-73.74375,41.1093],[-73.74847,41.10567],[-73.74744,41.10787],[-73.75019,41.11033]],[[-73.73629,41.13419],[-73.73569,41.13219],[-73.7344,41.13258],[-73.73157,41.13659],[-73.73174,41.14693],[-73.73414,41.14874],[-73.73483,41.14525],[-73.74006,41.14435],[-73.74384,41.14629],[-73.74564,41.1446],[-73.74341,41.13801],[-73.73629,41.13419]]]}},{"type":"Feature","properties":{"water":"ocean"},"geometry":{"type":"Polygon","coordinates":[[[-73.7453,41.2963],[-73.7483,41.2961],[-73.74607,41.29211],[-73.74779,41.29179],[-73.74641,41.28908],[-73.74719,41.28561],[-73.74959,41.29269],[-73.75242,41.29076],[-73.75277,41.2876],[-73.75525,41.28792],[-73.75912,41.28432],[-73.75895,41.28825],[-73.75534,41.29031],[-73.75251,41.29713],[-73.74556,41.30242],[-73.73869,41.30325],[-73.73938,41.30093],[-73.74504,41.3001],[-73.7453,41.2963]]]}},{"type":"Feature","properties":{"water":"ocean"},"geometry":{"type":"Polygon","coordinates":[[[-73.68711,41.32663],[-73.69002,41.3218],[-73.69226,41.30937],[-73.69655,41.3084],[-73.69517,41.31369],[-73.6974,41.32167],[-73.69912,41.32187],[-73.69964,41.32418],[-73.69577,41.3267],[-73.69165,41.32496],[-73.68882,41.32715],[-73.68711,41.32663]]]}},{"type":"Feature","properties":{"water":"ocean"},"geometry":{"type":"Polygon","coordinates":[[[-73.70436,41.33784],[-73.70994,41.34177],[-73.71071,41.35181],[-73.70831,41.35536],[-73.70642,41.3542],[-73.70702,41.35091],[-73.70539,41.34872],[-73.70685,41.34589],[-73.70298,41.34293],[-73.70024,41.34376],[-73.69603,41.34228],[-73.69346,41.33938],[-73.69758,41.33777],[-73.70247,41.33236],[-73.69946,41.32953],[-73.69663,41.33082],[-73.69595,41.32689],[-73.69972,41.32438],[-73.70625,41.3256],[-73.70745,41.32251],[-73.715,41.31987],[-73.71818,41.31543],[-73.72169,41.31555],[-73.72599,41.31311],[-73.72049,41.31755],[-73.71886,41.32096],[-73.7138,41.3236],[-73.71114,41.32805],[-73.71122,41.33095],[-73.70719,41.3332],[-73.70822,41.33539],[-73.70487,41.33591],[-73.70436,41.33784]]]}},{"type":"Feature","properties":{"water":"ocean"},"geometry":{"type":"Polygon","coordinates":[[[-73.85508,41.36399],[-73.85714,41.36927],[-73.85456,41.3703],[-73.85164,41.36663],[-73.84821,41.36792],[-73.84915,41.36547],[-73.84958,41.36682],[-73.85061,41.36573],[-73.8495,41.36412],[-73.84452,41.36444],[-73.84383,41.36244],[-73.84563,41.36128],[-73.84658,41.35729],[-73.84366,41.35458],[-73.84443,41.35117],[-73.8404,41.34705],[-73.84074,41.34544],[-73.8446,41.34718],[-73.84769,41.34589],[-73.8507,41.3495],[-73.8537,41.35497],[-73.85044,41.35793],[-73.85267,41.36263],[-73.85508,41.36399]],[[-73.84787,41.36347],[-73.84727,41.36334],[-73.84761,41.36412],[-73.84787,41.36347]]]}},{"type":"Feature","properties":{"water":"ocean"},"geometry":{"type":"Polygon","coordinates":[[[-73.74684,41.38221],[-73.74247,41.38041],[-73.73732,41.38138],[-73.7386,41.37861],[-73.73405,41.37416],[-73.73423,41.37977],[-73.72993,41.37925],[-73.72865,41.36914],[-73.73672,41.36296],[-73.73955,41.36334],[-73.74066,41.36122],[-73.74324,41.36051],[-73.74453,41.36128],[-73.74332,41.36901],[-73.7465,41.37191],[-73.7483,41.37667],[-73.75388,41.37912],[-73.75174,41.3817],[-73.74856,41.38099],[-73.74684,41.38221]],[[-73.74049,41.37964],[-73.73938,41.37912],[-73.74015,41.38041],[-73.74049,41.37964]],[[-73.7447,41.37867],[-73.74684,41.37771],[-73.74547,41.37506],[-73.74195,41.37468],[-73.7447,41.37867]],[[-73.73663,41.37159],[-73.73878,41.37062],[-73.73835,41.36946],[-73.73586,41.36965],[-73.73663,41.37159]]]}},{"type":"Feature","properties":{"water":"ocean"},"geometry":{"type":"Polygon","coordinates":[[[-73.67243,41.37867],[-73.68075,41.38266],[-73.67535,41.38234],[-73.67157,41.38569],[-73.67758,41.38827],[-73.67869,41.38543],[-73.68135,41.38453],[-73.68273,41.38569],[-73.67869,41.39072],[-73.67638,41.39078],[-73.67509,41.38872],[-73.67208,41.39001],[-73.67294,41.39072],[-73.66968,41.3902],[-73.66633,41.39567],[-73.66385,41.39529],[-73.66213,41.39194],[-73.66247,41.38917],[-73.66445,41.38795],[-73.66179,41.38241],[-73.66247,41.37996],[-73.6659,41.37932],[-73.66659,41.37287],[-73.67183,41.37062],[-73.67148,41.36843],[-73.67569,41.36534],[-73.67964,41.36489],[-73.6805,41.36585],[-73.67646,41.36669],[-73.67681,41.37036],[-73.67329,41.37333],[-73.67243,41.37867]]]}},{"type":"Feature","properties":{"water":"ocean"},"geometry":{"type":"Polygon","coordinates":[[[-73.76186,41.46543],[-73.75809,41.46317],[-73.75628,41.46491],[-73.75191,41.46433],[-73.75028,41.46092],[-73.7441,41.45576],[-73.73646,41.453],[-73.73817,41.43599],[-73.73131,41.43445],[-73.73148,41.43297],[-73.73637,41.43161],[-73.73972,41.43367],[-73.74161,41.4311],[-73.74427,41.43406],[-73.7483,41.43528],[-73.74401,41.43734],[-73.74298,41.44024],[-73.74427,41.44256],[-73.74101,41.45003],[-73.75817,41.46105],[-73.76272,41.46233],[-73.76186,41.46543]]]}},{"type":"Feature","properties":{"water":"ocean"},"geometry":{"type":"Polygon","coordinates":[[[-73.65904,41.41654],[-73.6623,41.41912],[-73.66376,41.42607],[-73.66093,41.43071],[-73.66882,41.43554],[-73.67217,41.44153],[-73.67826,41.44533],[-73.67818,41.45016],[-73.68324,41.45345],[-73.6829,41.45686],[-73.68479,41.45776],[-73.68427,41.45596],[-73.68582,41.45448],[-73.69414,41.45519],[-73.69509,41.4537],[-73.69337,41.45229],[-73.69492,41.45042],[-73.69346,41.44842],[-73.69783,41.44907],[-73.70092,41.44694],[-73.69792,41.4492],[-73.69843,41.45242],[-73.69543,41.45448],[-73.69792,41.4557],[-73.69569,41.4653],[-73.68891,41.46723],[-73.69268,41.47051],[-73.692,41.47567],[-73.69492,41.47689],[-73.69569,41.47567],[-73.70007,41.47966],[-73.70007,41.48404],[-73.69346,41.48681],[-73.68779,41.4861],[-73.68676,41.48906],[-73.6829,41.49389],[-73.68127,41.49396],[-73.68075,41.50033],[-73.67895,41.49666],[-73.68247,41.49177],[-73.68015,41.48938],[-73.67646,41.48861],[-73.68127,41.48919],[-73.68204,41.49119],[-73.68402,41.49132],[-73.68659,41.48906],[-73.68642,41.48636],[-73.69208,41.48397],[-73.69406,41.48475],[-73.69723,41.48191],[-73.69543,41.47882],[-73.69028,41.4767],[-73.68994,41.47412],[-73.68599,41.47496],[-73.6859,41.47199],[-73.68934,41.47174],[-73.68891,41.47006],[-73.68479,41.46716],[-73.68273,41.47084],[-73.6811,41.47064],[-73.68015,41.46787],[-73.6823,41.4682],[-73.68187,41.46613],[-73.68487,41.46568],[-73.6835,41.4651],[-73.68427,41.46117],[-73.68539,41.46465],[-73.69251,41.46427],[-73.69277,41.45808],[-73.69002,41.45718],[-73.68547,41.45944],[-73.68135,41.4557],[-73.67801,41.45602],[-73.67354,41.44346],[-73.66899,41.43986],[-73.66719,41.43561],[-73.66436,41.43522],[-73.65921,41.43071],[-73.66179,41.42704],[-73.65938,41.42601],[-73.65998,41.42169],[-73.66118,41.42137],[-73.65818,41.41719],[-73.66153,41.40965],[-73.66221,41.41081],[-73.66179,41.40907],[-73.66221,41.40817],[-73.66402,41.40682],[-73.66247,41.41075],[-73.66076,41.41203],[-73.66179,41.41171],[-73.66058,41.41519],[-73.66187,41.41596],[-73.65904,41.41654]]]}},{"type":"Feature","properties":{"water":"ocean"},"geometry":{"type":"Polygon","coordinates":[[[-73.72684,41.49827],[-73.72762,41.49499],[-73.72865,41.49756],[-73.73139,41.49744],[-73.74058,41.50368],[-73.73551,41.50342],[-73.73714,41.50561],[-73.74075,41.50677],[-73.74298,41.50568],[-73.75062,41.50819],[-73.75568,41.5127],[-73.74023,41.5107],[-73.7386,41.50851],[-73.73534,41.51077],[-73.73603,41.50813],[-73.7338,41.50555],[-73.72375,41.50375],[-73.72539,41.50259],[-73.72393,41.50201],[-73.72573,41.50181],[-73.72418,41.49988],[-73.72084,41.50175],[-73.72272,41.5022],[-73.71689,41.5031],[-73.71903,41.5022],[-73.71852,41.50085],[-73.71243,41.49647],[-73.71045,41.49306],[-73.70667,41.49196],[-73.70573,41.48855],[-73.69946,41.48449],[-73.71002,41.48075],[-73.71251,41.48172],[-73.71268,41.4805],[-73.71732,41.48056],[-73.71835,41.48178],[-73.72401,41.47876],[-73.72333,41.4823],[-73.72573,41.48352],[-73.72315,41.485],[-73.72075,41.48352],[-73.71818,41.48481],[-73.71835,41.48204],[-73.71285,41.48204],[-73.71363,41.48294],[-73.70916,41.48926],[-73.7132,41.4957],[-73.71586,41.4955],[-73.7174,41.49756],[-73.72684,41.49827]]]}},{"type":"Feature","properties":{"water":"ocean"},"geometry":{"type":"Polygon","coordinates":[[[-73.84975,41.51218],[-73.84323,41.5127],[-73.84109,41.50935],[-73.83988,41.506],[-73.84418,41.50774],[-73.84521,41.50433],[-73.84297,41.5031],[-73.84675,41.50375],[-73.84778,41.50175],[-73.83997,41.49357],[-73.84306,41.49293],[-73.84169,41.49402],[-73.84649,41.49698],[-73.8495,41.49628],[-73.85096,41.50124],[-73.85387,41.50259],[-73.84769,41.50935],[-73.84975,41.51218]]]}},{"type":"Feature","properties":{"water":"ocean"},"geometry":{"type":"Polygon","coordinates":[[[-73.57647,40.79369],[-73.57467,40.79466],[-73.57301,40.7935],[-73.57175,40.79687],[-73.57484,40.7983],[-73.57244,40.79823],[-73.57175,40.80115],[-73.56969,40.80096],[-73.56754,40.80557],[-73.56325,40.80641],[-73.56583,40.8042],[-73.56471,40.80232],[-73.56737,40.80161],[-73.56763,40.79719],[-73.54866,40.792],[-73.54866,40.79051],[-73.55561,40.78778],[-73.56111,40.79304],[-73.56943,40.79395],[-73.57295,40.79343],[-73.57312,40.79128],[-73.57844,40.79148],[-73.57913,40.78882],[-73.57913,40.79122],[-73.58119,40.78914],[-73.57767,40.79297],[-73.57501,40.79258],[-73.57647,40.79369]]]}},{"type":"Feature","properties":{"water":"ocean"},"geometry":{"type":"Polygon","coordinates":[[[-73.54797,41.06021],[-73.54205,41.05653],[-73.54815,41.05064],[-73.55218,41.05116],[-73.55115,41.04605],[-73.5533,41.04638],[-73.5563,41.04993],[-73.55433,41.05071],[-73.55587,41.05181],[-73.5545,41.06021],[-73.54883,41.05899],[-73.54797,41.06021]],[[-73.55029,41.0584],[-73.55081,41.0586],[-73.55055,41.05821],[-73.55029,41.0584]],[[-73.55269,41.04896],[-73.55381,41.04967],[-73.55304,41.04877],[-73.55269,41.04896]]]}},{"type":"Feature","properties":{"water":"ocean"},"geometry":{"type":"Polygon","coordinates":[[[-73.47897,41.16355],[-73.47974,41.16911],[-73.48051,41.16827],[-73.48369,41.17189],[-73.48566,41.17163],[-73.48463,41.17357],[-73.48257,41.1737],[-73.48377,41.17526],[-73.48437,41.17435],[-73.48463,41.1781],[-73.48618,41.18017],[-73.48969,41.18075],[-73.48712,41.18172],[-73.48763,41.18353],[-73.48909,41.18373],[-73.48961,41.18185],[-73.49124,41.18243],[-73.49107,41.17907],[-73.49364,41.17817],[-73.49519,41.17539],[-73.49682,41.17765],[-73.50094,41.17894],[-73.50051,41.18114],[-73.50257,41.18127],[-73.50154,41.18308],[-73.50248,41.18315],[-73.50317,41.17998],[-73.5048,41.17978],[-73.50403,41.18146],[-73.50617,41.1825],[-73.50772,41.18657],[-73.5169,41.18515],[-73.52077,41.1869],[-73.52102,41.18373],[-73.51896,41.18463],[-73.52291,41.18211],[-73.52145,41.18327],[-73.52248,41.19136],[-73.5163,41.19466],[-73.51862,41.19698],[-73.51896,41.20073],[-73.52283,41.20474],[-73.52703,41.2052],[-73.52961,41.20791],[-73.53141,41.20255],[-73.53081,41.19537],[-73.53304,41.19207],[-73.53175,41.19026],[-73.53596,41.19175],[-73.53527,41.18981],[-73.53398,41.19084],[-73.53235,41.18929],[-73.53433,41.18819],[-73.5327,41.18812],[-73.53304,41.1869],[-73.53072,41.18793],[-73.53141,41.18631],[-73.52892,41.1834],[-73.53038,41.1803],[-73.53433,41.17616],[-73.53055,41.1825],[-73.5345,41.18793],[-73.53707,41.18903],[-73.5375,41.19297],[-73.54033,41.18748],[-73.53991,41.19142],[-73.54136,41.19175],[-73.5448,41.18192],[-73.54626,41.18211],[-73.54274,41.19491],[-73.54514,41.19886],[-73.5478,41.19776],[-73.5472,41.20151],[-73.55081,41.19912],[-73.54797,41.19634],[-73.54952,41.19356],[-73.55046,41.1986],[-73.55355,41.20099],[-73.55441,41.19854],[-73.55596,41.19931],[-73.5545,41.20242],[-73.55759,41.2074],[-73.56111,41.20901],[-73.56248,41.20772],[-73.56445,41.20934],[-73.56394,41.21056],[-73.56531,41.20992],[-73.5684,41.21347],[-73.57106,41.21904],[-73.57063,41.22272],[-73.58479,41.22363],[-73.58479,41.21871],[-73.58239,41.2171],[-73.57604,41.22085],[-73.57029,41.21541],[-73.56883,41.21199],[-73.57218,41.21095],[-73.56995,41.21018],[-73.56977,41.20804],[-73.56874,41.20946],[-73.56651,41.2083],[-73.56814,41.20778],[-73.56677,41.20772],[-73.56694,41.20636],[-73.569,41.20759],[-73.57029,41.20507],[-73.56857,41.20397],[-73.56969,41.20061],[-73.57123,41.20274],[-73.57398,41.20106],[-73.57141,41.19912],[-73.57527,41.19925],[-73.57295,41.19692],[-73.57398,41.19685],[-73.57681,41.19951],[-73.57484,41.20067],[-73.57475,41.20364],[-73.57767,41.20371],[-73.58007,41.20849],[-73.58205,41.20765],[-73.58454,41.21121],[-73.58668,41.20927],[-73.58891,41.2114],[-73.58711,41.21373],[-73.58986,41.21192],[-73.59243,41.2136],[-73.59501,41.21257],[-73.59415,41.21063],[-73.59638,41.20752],[-73.59063,41.20707],[-73.58934,41.20306],[-73.5896,41.20183],[-73.59346,41.20293],[-73.59424,41.19899],[-73.59278,41.1931],[-73.59072,41.18709],[-73.58883,41.18606],[-73.589,41.18179],[-73.58454,41.17539],[-73.58479,41.17157],[-73.58171,41.16569],[-73.586,41.17151],[-73.58582,41.17558],[-73.58883,41.1781],[-73.58977,41.1836],[-73.59415,41.18787],[-73.59303,41.18877],[-73.59476,41.19206],[-73.5969,41.19103],[-73.5963,41.18851],[-73.5993,41.18677],[-73.60007,41.18767],[-73.5975,41.18845],[-73.59707,41.19285],[-73.59492,41.19278],[-73.5969,41.19382],[-73.59492,41.19427],[-73.59681,41.19679],[-73.60127,41.1966],[-73.60042,41.19983],[-73.6017,41.20255],[-73.5999,41.20655],[-73.60394,41.20643],[-73.60411,41.20856],[-73.60728,41.21005],[-73.60797,41.21244],[-73.61389,41.21593],[-73.61629,41.2136],[-73.61346,41.21276],[-73.61441,41.21121],[-73.61226,41.20927],[-73.61389,41.20901],[-73.61089,41.20649],[-73.6126,41.20791],[-73.61389,41.20364],[-73.61363,41.20649],[-73.61604,41.20655],[-73.61664,41.2125],[-73.61896,41.21477],[-73.62084,41.20804],[-73.6223,41.2138],[-73.62393,41.20604],[-73.62462,41.20752],[-73.6284,41.20578],[-73.62496,41.21128],[-73.6302,41.21018],[-73.62385,41.21541],[-73.62514,41.21625],[-73.62453,41.21981],[-73.62711,41.22324],[-73.63157,41.22033],[-73.63526,41.22304],[-73.63878,41.22039],[-73.63964,41.22123],[-73.64067,41.21975],[-73.63904,41.21981],[-73.64222,41.21684],[-73.64144,41.21431],[-73.64599,41.2211],[-73.64402,41.22382],[-73.64651,41.22292],[-73.64599,41.22421],[-73.65088,41.22848],[-73.65706,41.23792],[-73.65887,41.23637],[-73.65818,41.23527],[-73.66247,41.23688],[-73.6647,41.2405],[-73.66393,41.245],[-73.66711,41.24147],[-73.66796,41.24665],[-73.66528,41.24589],[-73.6599,41.24872],[-73.66118,41.24594],[-73.65998,41.24581],[-73.6605,41.24257],[-73.66247,41.24303],[-73.65818,41.24199],[-73.65638,41.24506],[-73.65878,41.24891],[-73.46587,41.24891],[-73.46334,41.25682],[-73.46789,41.25682],[-73.46935,41.25327],[-73.46875,41.2581],[-73.46403,41.26532],[-73.45905,41.2677],[-73.45751,41.26081],[-73.45287,41.26364],[-73.4527,41.27356],[-73.45013,41.28245],[-73.44678,41.28573],[-73.44575,41.28934],[-73.44592,41.2914],[-73.45991,41.26796],[-73.46231,41.2733],[-73.46137,41.27788],[-73.45888,41.28464],[-73.45502,41.28438],[-73.45811,41.28483],[-73.46257,41.28915],[-73.45837,41.28747],[-73.45674,41.29475],[-73.45459,41.29681],[-73.45098,41.29707],[-73.45081,41.29984],[-73.45888,41.31452],[-73.46034,41.32232],[-73.45922,41.32541],[-73.45365,41.3303],[-73.45442,41.32882],[-73.45253,41.32947],[-73.44918,41.32605],[-73.45347,41.32251],[-73.45425,41.31523],[-73.45056,41.30815],[-73.44738,41.30789],[-73.44429,41.29913],[-73.44515,41.29507],[-73.44309,41.29469],[-73.44069,41.29874],[-73.43493,41.30081],[-73.42961,41.30647],[-73.43554,41.29217],[-73.43227,41.2916],[-73.42772,41.29417],[-73.42764,41.29011],[-73.42481,41.28992],[-73.42403,41.28844],[-73.42489,41.28496],[-73.43142,41.28425],[-73.43296,41.28148],[-73.43794,41.27968],[-73.43493,41.2849],[-73.43717,41.28786],[-73.443,41.28129],[-73.4442,41.27685],[-73.44214,41.26777],[-73.43785,41.26989],[-73.43305,41.27685],[-73.43519,41.27105],[-73.43451,41.26648],[-73.44043,41.26029],[-73.44257,41.25327],[-73.44214,41.24915],[-73.43957,41.25063],[-73.43811,41.24891],[-73.38588,41.24891],[-73.37854,41.25327],[-73.37743,41.26023],[-73.38266,41.2601],[-73.38438,41.26429],[-73.3812,41.26281],[-73.38129,41.26113],[-73.37897,41.261],[-73.37666,41.26474],[-73.37279,41.26667],[-73.36601,41.26757],[-73.36121,41.27137],[-73.35031,41.27614],[-73.33923,41.27833],[-73.32679,41.28457],[-73.32275,41.29044],[-73.32679,41.29475],[-73.32456,41.29488],[-73.32198,41.29005],[-73.32301,41.28586],[-73.3146,41.28715],[-73.30765,41.28419],[-73.30387,41.28425],[-73.30087,41.28876],[-73.30396,41.29604],[-73.30293,41.30499],[-73.3049,41.30518],[-73.30524,41.30808],[-73.2922,41.30634],[-73.28018,41.30132],[-73.27486,41.30171],[-73.27014,41.30802],[-73.27263,41.30531],[-73.27151,41.30763],[-73.26808,41.31002],[-73.26705,41.31472],[-73.27014,41.31459],[-73.26327,41.31923],[-73.25855,41.32038],[-73.24568,41.31504],[-73.24405,41.31639],[-73.24594,41.31845],[-73.24491,41.32122],[-73.24602,41.32206],[-73.23744,41.32889],[-73.22894,41.32438],[-73.21873,41.32547],[-73.19976,41.3426],[-73.18783,41.34595],[-73.1868,41.35078],[-73.191,41.35478],[-73.18688,41.36032],[-73.18723,41.36431],[-73.18259,41.36444],[-73.17744,41.37004],[-73.17736,41.37191],[-73.15882,41.37043],[-73.1583,41.37648],[-73.14139,41.39117],[-73.13856,41.40115],[-73.12594,41.40798],[-73.12388,41.4112],[-73.1244,41.41294],[-73.1165,41.42144],[-73.0953,41.43187],[-73.08681,41.4396],[-73.0802,41.44153],[-73.07839,41.44604],[-73.07101,41.453],[-73.06655,41.45486],[-73.06603,41.45802],[-73.06912,41.45506],[-73.06809,41.46117],[-73.07033,41.46465],[-73.08063,41.46781],[-73.08801,41.47586],[-73.08998,41.48191],[-73.08912,41.49254],[-73.09153,41.49222],[-73.09247,41.49608],[-73.08878,41.49421],[-73.08921,41.4975],[-73.0911,41.49583],[-73.09247,41.49647],[-73.0935,41.49544],[-73.09427,41.49589],[-73.08964,41.49763],[-73.08869,41.50104],[-73.09213,41.50626],[-73.1032,41.5127],[-73.09642,41.5127],[-73.09041,41.50761],[-73.08457,41.49911],[-73.08612,41.48436],[-73.08509,41.48243],[-73.08689,41.48314],[-73.0856,41.47721],[-73.07831,41.47013],[-73.06955,41.46601],[-73.065,41.46008],[-73.0644,41.45551],[-73.06621,41.45242],[-73.07599,41.44662],[-73.0808,41.43895],[-73.08114,41.42491],[-73.07685,41.4197],[-73.08123,41.41351],[-73.08028,41.40959],[-73.08166,41.41371],[-73.07788,41.41989],[-73.08183,41.42504],[-73.08174,41.43941],[-73.08354,41.43812],[-73.08217,41.43966],[-73.08569,41.43863],[-73.0911,41.43342],[-73.10148,41.4271],[-73.11264,41.42208],[-73.11573,41.4197],[-73.11625,41.4157],[-73.11779,41.41455],[-73.11831,41.41641],[-73.12551,41.40591],[-73.13607,41.40134],[-73.13873,41.3911],[-73.15796,41.37571],[-73.15787,41.37017],[-73.17116,41.36959],[-73.17513,41.36489],[-73.17401,41.36199],[-73.1771,41.36431],[-73.18053,41.3627],[-73.18216,41.35935],[-73.18697,41.35671],[-73.18362,41.34524],[-73.188,41.34248],[-73.19821,41.34009],[-73.20645,41.33288],[-73.20628,41.32837],[-73.20851,41.33172],[-73.21701,41.32399],[-73.22602,41.32251],[-73.22765,41.32096],[-73.22843,41.32283],[-73.23898,41.32586],[-73.2431,41.31407],[-73.24714,41.3124],[-73.25151,41.31369],[-73.25495,41.3122],[-73.25495,41.30976],[-73.25615,41.31169],[-73.251,41.31459],[-73.25709,41.3189],[-73.26344,41.31832],[-73.26774,41.30712],[-73.27563,41.30035],[-73.28087,41.29997],[-73.29194,41.30486],[-73.29579,41.30499],[-73.29546,41.30332],[-73.29803,41.30035],[-73.2952,41.28876],[-73.29615,41.28554],[-73.29452,41.28483],[-73.2964,41.28213],[-73.30396,41.28084],[-73.31108,41.28213],[-73.31151,41.28032],[-73.31503,41.2802],[-73.32524,41.26847],[-73.32361,41.26351],[-73.32507,41.25856],[-73.32129,41.25482],[-73.31915,41.24891],[-73.13081,41.24891],[-73.12818,41.25327],[-73.12328,41.25327],[-73.12938,41.24891],[-73.12037,41.24891],[-73.11839,41.2471],[-73.11607,41.24891],[-73.04708,41.24891],[-73.0517,41.25398],[-73.04666,41.24891],[-72.86233,41.24891],[-72.86382,41.25282],[-72.85738,41.25501],[-72.85472,41.25791],[-72.85249,41.25527],[-72.85455,41.2534],[-72.85411,41.24891],[-72.71447,41.24891],[-72.69429,41.24445],[-72.68517,41.24402],[-72.68417,41.24735],[-72.68151,41.24806],[-72.67851,41.24485],[-72.66941,41.24567],[-72.63525,41.24264],[-72.58547,41.22692],[-72.56753,41.21684],[-72.56092,41.20934],[-72.55774,41.21244],[-72.55414,41.21063],[-72.54985,41.21192],[-72.55019,41.21341],[-72.54882,41.21574],[-72.54993,41.21115],[-72.55363,41.21011],[-72.55723,41.2114],[-72.55809,41.21056],[-72.51869,41.1847],[-72.50513,41.18198],[-72.47389,41.17047],[-72.4599,41.15708],[-72.4478,41.14001],[-72.44196,41.13801],[-72.43526,41.13904],[-72.41638,41.13652],[-72.41638,40.83446],[-72.47475,40.85517],[-72.47492,40.85173],[-72.46728,40.84686],[-72.46058,40.84504],[-72.4605,40.84381],[-72.45492,40.84388],[-72.43484,40.83615],[-72.43183,40.83686],[-72.42926,40.83388],[-72.42677,40.83505],[-72.41638,40.83147],[-72.41638,40.82751],[-72.41904,40.82862],[-72.42067,40.82336],[-72.41758,40.82063],[-72.4211,40.81609],[-72.41921,40.81362],[-72.42162,40.81524],[-72.4229,40.81258],[-72.4217,40.82212],[-72.42471,40.82453],[-72.42359,40.8281],[-72.42651,40.8331],[-72.43097,40.8307],[-72.43526,40.83108],[-72.43595,40.82634],[-72.43758,40.82758],[-72.43655,40.82933],[-72.4387,40.8281],[-72.4411,40.81931],[-72.44102,40.81758],[-72.44059,40.81894],[-72.43964,40.81739],[-72.43973,40.81901],[-72.43853,40.81868],[-72.43827,40.81751],[-72.44033,40.81661],[-72.43767,40.81466],[-72.4381,40.81122],[-72.43569,40.80901],[-72.44007,40.81089],[-72.44136,40.80862],[-72.44265,40.81174],[-72.44144,40.81472],[-72.44496,40.81797],[-72.44617,40.81674],[-72.44411,40.81576],[-72.44376,40.81375],[-72.44565,40.8142],[-72.44445,40.81102],[-72.44617,40.81297],[-72.44762,40.81148],[-72.44943,40.81414],[-72.44788,40.81719],[-72.45295,40.81576],[-72.452,40.81284],[-72.45406,40.81433],[-72.45638,40.81368],[-72.45423,40.81602],[-72.46385,40.81323],[-72.48676,40.8107],[-72.49311,40.81089],[-72.4985,40.81299],[-72.49972,40.81096],[-72.49741,40.81154],[-72.50007,40.81037],[-72.50307,40.81161],[-72.50161,40.8118],[-72.50127,40.81602],[-72.49569,40.8207],[-72.49131,40.81953],[-72.49097,40.82329],[-72.50256,40.84089],[-72.50316,40.84407],[-72.50144,40.84784],[-72.50805,40.84349],[-72.50685,40.83991],[-72.50882,40.84375],[-72.51217,40.84251],[-72.51157,40.84206],[-72.51011,40.83758],[-72.51045,40.83745],[-72.51294,40.84206],[-72.51629,40.84173],[-72.51603,40.83732],[-72.51818,40.84089],[-72.5168,40.84121],[-72.52075,40.84219],[-72.52041,40.83868],[-72.52084,40.84024],[-72.52367,40.83953],[-72.52135,40.83797],[-72.52376,40.8392],[-72.52487,40.8379],[-72.52316,40.83576],[-72.52564,40.83634],[-72.52685,40.83199],[-72.52504,40.83953],[-72.52625,40.84199],[-72.5247,40.84134],[-72.52358,40.84569],[-72.51981,40.84803],[-72.53715,40.84238],[-72.53071,40.8392],[-72.52916,40.83608],[-72.53277,40.83199],[-72.53225,40.8307],[-72.53448,40.83102],[-72.54049,40.82745],[-72.54161,40.82803],[-72.54144,40.83556],[-72.55088,40.84485],[-72.55096,40.85517],[-72.56212,40.8542],[-72.56796,40.85212],[-72.57062,40.84745],[-72.56942,40.84641],[-72.57122,40.84771],[-72.57251,40.84563],[-72.57268,40.84725],[-72.57731,40.84641],[-72.57234,40.84862],[-72.57096,40.85335],[-72.5744,40.85816],[-72.58006,40.85563],[-72.57457,40.85861],[-72.57242,40.85848],[-72.57397,40.86368],[-72.58581,40.85913],[-72.58246,40.86225],[-72.58787,40.86342],[-72.58006,40.86465],[-72.57998,40.86731],[-72.58272,40.86939],[-72.58289,40.86809],[-72.58461,40.86868],[-72.57946,40.87114],[-72.58075,40.87335],[-72.59517,40.87166],[-72.58435,40.87712],[-72.58538,40.87959],[-72.59036,40.87997],[-72.59336,40.88251],[-72.59534,40.88082],[-72.59379,40.88257],[-72.59697,40.88478],[-72.60598,40.88699],[-72.60607,40.88575],[-72.60736,40.88751],[-72.6083,40.88458],[-72.60873,40.88751],[-72.61027,40.88666],[-72.60942,40.88439],[-72.6101,40.88588],[-72.61414,40.88329],[-72.61559,40.88588],[-72.61671,40.88543],[-72.61637,40.88192],[-72.61911,40.88251],[-72.62143,40.8777],[-72.61791,40.87173],[-72.61963,40.87114],[-72.62298,40.87355],[-72.62358,40.87114],[-72.62349,40.87504],[-72.62589,40.87991],[-72.62478,40.88199],[-72.62667,40.88751],[-72.62572,40.88926],[-72.62735,40.8901],[-72.62615,40.89153],[-72.62924,40.89082],[-72.62744,40.89251],[-72.63413,40.89471],[-72.63594,40.89316],[-72.63482,40.8927],[-72.63594,40.8927],[-72.63551,40.89082],[-72.63963,40.89075],[-72.64057,40.88887],[-72.63946,40.88816],[-72.64169,40.8879],[-72.64057,40.89036],[-72.64212,40.89523],[-72.64632,40.89692],[-72.64692,40.89335],[-72.64752,40.89601],[-72.65207,40.89627],[-72.66203,40.89075],[-72.66109,40.88893],[-72.66426,40.88855],[-72.664,40.88374],[-72.66898,40.89127],[-72.67327,40.8903],[-72.67636,40.89303],[-72.68529,40.89004],[-72.68692,40.89088],[-72.68967,40.89069],[-72.6913,40.88965],[-72.69413,40.89413],[-72.69319,40.89692],[-72.70048,40.89731],[-72.71009,40.89491],[-72.71876,40.88997],[-72.72426,40.88426],[-72.72366,40.8779],[-72.71928,40.87277],[-72.72469,40.87718],[-72.72477,40.879],[-72.72863,40.87861],[-72.72829,40.86946],[-72.72992,40.87718],[-72.73172,40.87913],[-72.73928,40.87394],[-72.73078,40.88199],[-72.72855,40.87952],[-72.73232,40.88517],[-72.73267,40.894],[-72.74211,40.89387],[-72.74451,40.89075],[-72.75344,40.89179],[-72.75421,40.88978],[-72.75455,40.89147],[-72.75558,40.89095],[-72.75541,40.89231],[-72.75404,40.8914],[-72.75327,40.89231],[-72.7543,40.89277],[-72.75352,40.89861],[-72.75043,40.90069],[-72.74709,40.89945],[-72.74468,40.90634],[-72.75035,40.90692],[-72.75198,40.90315],[-72.7543,40.90361],[-72.75696,40.90069],[-72.7591,40.9014],[-72.76314,40.89731],[-72.76262,40.90049],[-72.76451,40.90328],[-72.75996,40.90458],[-72.7567,40.90854],[-72.75344,40.90984],[-72.75876,40.90958],[-72.76314,40.91172],[-72.77164,40.91023],[-72.77361,40.8964],[-72.77533,40.90634],[-72.77498,40.91082],[-72.77361,40.91114],[-72.78339,40.91101],[-72.79069,40.90971],[-72.79687,40.90789],[-72.80408,40.9101],[-72.80725,40.91672],[-72.81404,40.91672],[-72.81412,40.92159],[-72.82185,40.92231],[-72.81386,40.92393],[-72.8118,40.92276],[-72.81129,40.92984],[-72.81704,40.9349],[-72.82082,40.93594],[-72.82434,40.93438],[-72.83292,40.93646],[-72.83618,40.94003],[-72.8397,40.93997],[-72.84056,40.94179],[-72.84416,40.94094],[-72.84511,40.93893],[-72.84614,40.93971],[-72.84948,40.93581],[-72.84502,40.9438],[-72.84605,40.94711],[-72.84742,40.94808],[-72.84983,40.94653],[-72.85206,40.9486],[-72.85111,40.9473],[-72.8512,40.94549],[-72.85626,40.94743],[-72.85498,40.94828],[-72.85137,40.94581],[-72.85317,40.94899],[-72.86107,40.95055],[-72.85944,40.94828],[-72.86107,40.9473],[-72.86244,40.9486],[-72.86253,40.94588],[-72.86399,40.94867],[-72.86613,40.9473],[-72.86656,40.94841],[-72.86759,40.94588],[-72.87086,40.94601],[-72.86794,40.9462],[-72.87077,40.9473],[-72.86759,40.94802],[-72.87068,40.94841],[-72.86716,40.94912],[-72.87051,40.94945],[-72.86699,40.94932],[-72.87,40.95049],[-72.86656,40.95107],[-72.86948,40.95133],[-72.86699,40.9523],[-72.86854,40.95451],[-72.8736,40.95399],[-72.87446,40.94971],[-72.8754,40.95484],[-72.8742,40.95685],[-72.87918,40.95458],[-72.88279,40.95062],[-72.88313,40.9375],[-72.88802,40.9312],[-72.88622,40.92763],[-72.88957,40.92809],[-72.89051,40.92503],[-72.8942,40.92452],[-72.89377,40.92231],[-72.896,40.91997],[-72.89549,40.92244],[-72.89678,40.92075],[-72.8966,40.92283],[-72.89763,40.92172],[-72.89729,40.92309],[-72.89841,40.92296],[-72.89832,40.92341],[-72.89566,40.9227],[-72.896,40.92497],[-72.89283,40.92737],[-72.89497,40.93062],[-72.89437,40.93348],[-72.90716,40.9362],[-72.91858,40.93393],[-72.92682,40.93529],[-72.93197,40.93854],[-72.93368,40.9412],[-72.93265,40.94205],[-72.9354,40.94231],[-72.94381,40.94821],[-72.94467,40.95334],[-72.96664,40.9499],[-72.97969,40.94477],[-72.98733,40.94412],[-72.98304,40.94295],[-72.98819,40.94231],[-72.98261,40.93146],[-72.98913,40.94172],[-72.9875,40.9451],[-72.9972,40.94529],[-72.99788,40.94672],[-73.00818,40.94523],[-73.00999,40.94575],[-73.00956,40.94724],[-73.01042,40.94549],[-73.01505,40.94432],[-73.01531,40.94679],[-73.01308,40.94691],[-73.01608,40.94685],[-73.01745,40.94542],[-73.02192,40.94562],[-73.02381,40.94075],[-73.02501,40.94179],[-73.022,40.9464],[-73.02672,40.94847],[-73.02629,40.95055],[-73.02835,40.95023],[-73.03282,40.95549],[-73.03419,40.96016],[-73.03556,40.96035],[-73.03411,40.96042],[-73.03411,40.96243],[-73.03574,40.96302],[-73.03385,40.96263],[-73.03574,40.96386],[-73.03823,40.95951],[-73.03685,40.96419],[-73.0493,40.96393],[-73.0529,40.96535],[-73.05161,40.96308],[-73.0517,40.9588],[-73.05376,40.96594],[-73.05685,40.96568],[-73.05685,40.96445],[-73.05711,40.966],[-73.0626,40.96581],[-73.06929,40.96991],[-73.07093,40.96548],[-73.07316,40.96328],[-73.07076,40.96211],[-73.07067,40.96126],[-73.0729,40.95652],[-73.0717,40.96048],[-73.07316,40.96087],[-73.07376,40.96341],[-73.07136,40.96561],[-73.07196,40.96782],[-73.06998,40.97029],[-73.09204,40.97224],[-73.09324,40.97354],[-73.09247,40.97198],[-73.09359,40.97185],[-73.09376,40.97386],[-73.0959,40.97139],[-73.09539,40.97276],[-73.10397,40.97509],[-73.10964,40.97392],[-73.1214,40.96646],[-73.12491,40.96678],[-73.12586,40.96873],[-73.13272,40.96782],[-73.1353,40.966],[-73.1365,40.96711],[-73.14749,40.96581],[-73.14783,40.96743],[-73.14826,40.96581],[-73.14903,40.96724],[-73.15341,40.96711],[-73.1559,40.96464],[-73.15744,40.95795],[-73.15453,40.95328],[-73.14998,40.95165],[-73.14629,40.94769],[-73.14981,40.94841],[-73.15049,40.94607],[-73.15144,40.94789],[-73.14886,40.94945],[-73.1535,40.95152],[-73.15616,40.95042],[-73.16019,40.95711],[-73.15976,40.95893],[-73.16225,40.96016],[-73.15916,40.96172],[-73.15693,40.96743],[-73.15195,40.96996],[-73.14157,40.97107],[-73.13908,40.97302],[-73.14036,40.97295],[-73.13882,40.97555],[-73.13556,40.97496],[-73.13496,40.97613],[-73.14337,40.98165],[-73.14414,40.98068],[-73.14783,40.98022],[-73.14354,40.98185],[-73.14508,40.98405],[-73.10325,40.98405],[-73.10543,40.98501],[-73.11376,40.99936],[-73.11573,41.00673],[-73.11187,41.01152],[-73.11247,41.0165],[-73.11522,41.01365],[-73.11127,41.0207],[-73.11178,41.02394],[-73.10895,41.02465],[-73.1117,41.02407],[-73.12234,41.03629],[-73.12406,41.03603],[-73.12268,41.03887],[-73.12551,41.0425],[-73.12431,41.04528],[-73.12543,41.0465],[-73.12414,41.04638],[-73.12594,41.05148],[-73.12148,41.05284],[-73.11968,41.05103],[-73.12097,41.05297],[-73.11582,41.05271],[-73.11152,41.05523],[-73.10835,41.05963],[-73.11007,41.06791],[-73.10268,41.06933],[-73.10131,41.07069],[-73.10354,41.07341],[-73.10672,41.07224],[-73.11144,41.07379],[-73.11736,41.07328],[-73.12963,41.07735],[-73.13925,41.07541],[-73.16302,41.06713],[-73.17195,41.06578],[-73.16766,41.05983],[-73.16577,41.0628],[-73.15538,41.06927],[-73.14036,41.07418],[-73.14088,41.07295],[-73.13916,41.07347],[-73.14019,41.07218],[-73.1359,41.07121],[-73.13496,41.06843],[-73.13839,41.06978],[-73.14182,41.06907],[-73.14208,41.06752],[-73.13762,41.06636],[-73.13959,41.06293],[-73.14139,41.06578],[-73.14405,41.06468],[-73.14448,41.06675],[-73.14749,41.06513],[-73.1492,41.06817],[-73.15161,41.06636],[-73.1553,41.06707],[-73.15736,41.06552],[-73.15762,41.06293],[-73.16371,41.06183],[-73.15985,41.05931],[-73.16285,41.05795],[-73.16328,41.05569],[-73.15933,41.05077],[-73.16405,41.05375],[-73.16525,41.05187],[-73.16508,41.05873],[-73.17452,41.05498],[-73.17547,41.05414],[-73.17418,41.05297],[-73.17616,41.05381],[-73.17787,41.05232],[-73.17178,41.03926],[-73.17779,41.04857],[-73.18388,41.04909],[-73.185,41.04217],[-73.18877,41.03991],[-73.18826,41.03092],[-73.1898,41.0328],[-73.18997,41.03991],[-73.18611,41.04224],[-73.18645,41.04806],[-73.18448,41.05194],[-73.17744,41.05814],[-73.18379,41.05976],[-73.18465,41.06345],[-73.18671,41.065],[-73.19572,41.06474],[-73.2086,41.06998],[-73.21589,41.07657],[-73.21529,41.08136],[-73.21667,41.08324],[-73.21735,41.08149],[-73.21564,41.07929],[-73.2171,41.07224],[-73.2007,41.05795],[-73.20431,41.05989],[-73.20474,41.05853],[-73.20817,41.06345],[-73.20989,41.06228],[-73.20946,41.06455],[-73.21298,41.06694],[-73.21744,41.06584],[-73.21993,41.06914],[-73.21684,41.06894],[-73.21692,41.07037],[-73.22362,41.07425],[-73.22285,41.0767],[-73.22757,41.08181],[-73.23478,41.08026],[-73.23083,41.07948],[-73.23255,41.07399],[-73.2316,41.07218],[-73.23289,41.07082],[-73.23718,41.07082],[-73.23169,41.0659],[-73.23649,41.06739],[-73.23847,41.07063],[-73.23315,41.07528],[-73.23632,41.07845],[-73.23529,41.08065],[-73.23684,41.078],[-73.2389,41.07923],[-73.23752,41.08045],[-73.23486,41.08091],[-73.23298,41.08239],[-73.23503,41.08259],[-73.23924,41.08757],[-73.24242,41.09766],[-73.25134,41.09914],[-73.26233,41.10684],[-73.26817,41.10432],[-73.27435,41.10406],[-73.27984,41.09869],[-73.28645,41.09714],[-73.28207,41.09274],[-73.27675,41.09138],[-73.27443,41.08821],[-73.27563,41.08718],[-73.28456,41.09281],[-73.28447,41.09481],[-73.28713,41.09694],[-73.29889,41.09998],[-73.29872,41.10451],[-73.30911,41.10994],[-73.31168,41.10807],[-73.31683,41.10833],[-73.31941,41.10949],[-73.32344,41.11027],[-73.33014,41.11505],[-73.34516,41.11124],[-73.34644,41.11227],[-73.34498,41.11369],[-73.3461,41.11615],[-73.35091,41.11874],[-73.35322,41.12255],[-73.35709,41.11997],[-73.35674,41.11874],[-73.35477,41.11977],[-73.35468,41.11783],[-73.36498,41.11835],[-73.36206,41.11667],[-73.35949,41.11764],[-73.35923,41.11609],[-73.35734,41.11719],[-73.35906,41.11609],[-73.35794,41.11512],[-73.35717,41.11719],[-73.35657,41.11479],[-73.36078,41.11518],[-73.36515,41.11751],[-73.36584,41.11576],[-73.36773,41.11693],[-73.3685,41.1155],[-73.37133,41.11589],[-73.36627,41.10264],[-73.36884,41.10192],[-73.36773,41.09442],[-73.36618,41.09242],[-73.36421,41.09326],[-73.36078,41.09106],[-73.36172,41.08977],[-73.36,41.08983],[-73.36181,41.08821],[-73.36043,41.08841],[-73.3594,41.08737],[-73.36069,41.08615],[-73.35863,41.0853],[-73.36043,41.08556],[-73.36189,41.08686],[-73.36412,41.08039],[-73.36335,41.07832],[-73.36636,41.07586],[-73.36498,41.0758],[-73.3667,41.07366],[-73.36679,41.07593],[-73.3649,41.07787],[-73.36327,41.08666],[-73.36481,41.09093],[-73.36782,41.09287],[-73.37116,41.10089],[-73.36962,41.10244],[-73.36953,41.10736],[-73.37202,41.11156],[-73.37314,41.10865],[-73.37477,41.11221],[-73.37657,41.11253],[-73.37597,41.11356],[-73.37949,41.11764],[-73.37837,41.11997],[-73.37983,41.11919],[-73.38146,41.12055],[-73.38335,41.11919],[-73.38275,41.12087],[-73.37889,41.12035],[-73.37382,41.12443],[-73.36884,41.1254],[-73.36919,41.12708],[-73.36756,41.12701],[-73.36876,41.12443],[-73.36721,41.12443],[-73.36584,41.12734],[-73.36807,41.12928],[-73.37666,41.12786],[-73.37863,41.12915],[-73.38232,41.12488],[-73.3776,41.12676],[-73.3764,41.1252],[-73.38146,41.1221],[-73.38266,41.12443],[-73.38507,41.1254],[-73.38601,41.12398],[-73.38532,41.12798],[-73.38799,41.12954],[-73.38953,41.12805],[-73.39073,41.13148],[-73.38781,41.13096],[-73.38953,41.1329],[-73.38635,41.13206],[-73.39125,41.13684],[-73.39245,41.14156],[-73.3982,41.14195],[-73.39828,41.13846],[-73.39417,41.13743],[-73.39734,41.13659],[-73.39725,41.13089],[-73.39906,41.13801],[-73.40172,41.13846],[-73.40069,41.13102],[-73.40404,41.13193],[-73.40386,41.12857],[-73.40713,41.12546],[-73.40721,41.12844],[-73.41004,41.12895],[-73.41425,41.12546],[-73.41468,41.12178],[-73.40987,41.119],[-73.41073,41.11479],[-73.40884,41.11337],[-73.40919,41.10994],[-73.4121,41.10658],[-73.41004,41.11014],[-73.41228,41.11512],[-73.4109,41.11822],[-73.41657,41.12087],[-73.41502,41.12708],[-73.41004,41.13361],[-73.41193,41.13704],[-73.41064,41.14021],[-73.41494,41.14409],[-73.4109,41.14357],[-73.41056,41.14072],[-73.40755,41.14047],[-73.40901,41.14499],[-73.4073,41.14894],[-73.40721,41.15288],[-73.40755,41.15055],[-73.40824,41.15308],[-73.41219,41.1532],[-73.41339,41.14952],[-73.41674,41.14945],[-73.41554,41.14777],[-73.41588,41.14512],[-73.41717,41.14525],[-73.41614,41.14777],[-73.41846,41.14887],[-73.42155,41.14344],[-73.4218,41.14687],[-73.42369,41.14693],[-73.4206,41.14855],[-73.42429,41.15346],[-73.42438,41.1589],[-73.42918,41.16148],[-73.43081,41.15708],[-73.42987,41.1543],[-73.4315,41.15495],[-73.43536,41.16329],[-73.43262,41.16472],[-73.43382,41.16575],[-73.4333,41.16931],[-73.43691,41.16769],[-73.43802,41.16957],[-73.44592,41.16646],[-73.44386,41.15379],[-73.44772,41.15211],[-73.44489,41.15599],[-73.4479,41.16006],[-73.44858,41.16394],[-73.45021,41.16459],[-73.45038,41.16278],[-73.45176,41.16452],[-73.45304,41.16012],[-73.45596,41.16387],[-73.4606,41.16594],[-73.46197,41.16556],[-73.46146,41.16245],[-73.46214,41.162],[-73.46292,41.1662],[-73.46549,41.16691],[-73.46386,41.16504],[-73.46652,41.16278],[-73.46892,41.16459],[-73.46901,41.16659],[-73.47253,41.16808],[-73.47047,41.16814],[-73.47141,41.16937],[-73.47356,41.16879],[-73.47562,41.17021],[-73.4757,41.16821],[-73.47648,41.16892],[-73.47605,41.17073],[-73.46738,41.16976],[-73.46704,41.1717],[-73.46944,41.17409],[-73.47502,41.17338],[-73.47416,41.17668],[-73.47742,41.17558],[-73.47631,41.18004],[-73.47244,41.17584],[-73.47013,41.17733],[-73.47467,41.17965],[-73.47854,41.18871],[-73.48412,41.17784],[-73.48266,41.17804],[-73.48206,41.17157],[-73.47785,41.16763],[-73.47785,41.16342],[-73.4757,41.16006],[-73.47897,41.16355]],[[-73.6629,41.23973],[-73.66333,41.23992],[-73.66324,41.23947],[-73.6629,41.23973]],[[-73.16028,40.95977],[-73.15993,40.96023],[-73.16062,40.96016],[-73.16028,40.95977]],[[-73.1074,41.02355],[-73.10912,41.01391],[-73.1068,41.00706],[-73.10737,41.00408],[-73.10457,41.0046],[-73.10492,41.00273],[-73.10748,41.00348],[-73.10878,40.99658],[-73.09647,40.98405],[-72.97029,40.98405],[-72.97583,40.99109],[-72.98664,40.98921],[-72.98741,40.99341],[-72.99231,41.00124],[-73.00149,41.00143],[-73.00441,41.00324],[-73.00818,41.01443],[-73.01565,41.02031],[-73.02011,41.02057],[-73.0208,41.01792],[-73.02853,41.01721],[-73.03531,41.01922],[-73.03797,41.02297],[-73.04543,41.01514],[-73.04835,41.01449],[-73.04689,41.01417],[-73.04732,41.01255],[-73.05239,41.01087],[-73.05539,41.00234],[-73.05453,41.00596],[-73.05599,41.00596],[-73.05702,41.00855],[-73.05513,41.01113],[-73.05762,41.01133],[-73.04964,41.0132],[-73.04947,41.01449],[-73.05771,41.01708],[-73.06329,41.02264],[-73.06552,41.02717],[-73.07539,41.02846],[-73.08354,41.03299],[-73.09719,41.04747],[-73.09848,41.05142],[-73.10157,41.05304],[-73.102,41.05174],[-73.09925,41.05148],[-73.09865,41.04935],[-73.10835,41.05265],[-73.11084,41.05129],[-73.10517,41.05123],[-73.09942,41.04709],[-73.09977,41.04541],[-73.09779,41.04392],[-73.11118,41.0434],[-73.11264,41.04612],[-73.11032,41.04948],[-73.11204,41.0498],[-73.11118,41.04954],[-73.11702,41.04605],[-73.11152,41.04133],[-73.11144,41.03946],[-73.10629,41.04269],[-73.1111,41.03894],[-73.11101,41.03519],[-73.11161,41.03862],[-73.1141,41.0348],[-73.11487,41.03545],[-73.11187,41.03267],[-73.11101,41.03267],[-73.11067,41.02665],[-73.1074,41.02355]],[[-73.11487,41.03545],[-73.11238,41.04114],[-73.11702,41.04405],[-73.11642,41.0423],[-73.11728,41.0434],[-73.1177,41.04625],[-73.11916,41.04644],[-73.11976,41.03739],[-73.11487,41.03545]],[[-73.62591,41.2429],[-73.62471,41.24109],[-73.63029,41.24413],[-73.62943,41.24096],[-73.62308,41.24038],[-73.62222,41.24232],[-73.62591,41.2429]],[[-73.61235,41.23591],[-73.61003,41.23578],[-73.61312,41.23598],[-73.61235,41.23591]],[[-73.64256,41.23294],[-73.64084,41.23087],[-73.64264,41.22841],[-73.63741,41.2321],[-73.64024,41.23546],[-73.64256,41.23294]],[[-73.60814,41.2343],[-73.60848,41.23456],[-73.60891,41.23423],[-73.60814,41.2343]],[[-73.63432,41.22841],[-73.63483,41.22938],[-73.63595,41.22796],[-73.63432,41.22841]],[[-73.64419,41.22641],[-73.64342,41.22796],[-73.64565,41.22848],[-73.64419,41.22641]],[[-73.64376,41.22447],[-73.64531,41.22447],[-73.64436,41.22401],[-73.64376,41.22447]],[[-73.64385,41.22175],[-73.64436,41.22162],[-73.64419,41.22091],[-73.64385,41.22175]],[[-73.61595,41.21561],[-73.61732,41.21638],[-73.61715,41.21548],[-73.61595,41.21561]],[[-73.58445,41.216],[-73.58557,41.216],[-73.58454,41.21541],[-73.58445,41.216]],[[-73.59861,41.21386],[-73.59879,41.21412],[-73.59973,41.2136],[-73.59861,41.21386]],[[-73.57827,41.2125],[-73.57724,41.21134],[-73.57759,41.21373],[-73.57827,41.2125]],[[-73.60539,41.21166],[-73.60574,41.21037],[-73.60411,41.20972],[-73.60419,41.21095],[-73.60539,41.21166]],[[-73.60299,41.2083],[-73.60282,41.20946],[-73.60325,41.20972],[-73.60299,41.2083]],[[-73.59913,41.20811],[-73.6005,41.20765],[-73.60007,41.2074],[-73.59913,41.20811]],[[-73.59921,41.20138],[-73.60033,41.20099],[-73.59939,41.20073],[-73.59921,41.20138]],[[-73.53991,41.19918],[-73.54051,41.19834],[-73.53956,41.1964],[-73.53991,41.19918]],[[-73.53553,41.19407],[-73.53656,41.19362],[-73.53596,41.19343],[-73.53553,41.19407]],[[-73.50523,41.19032],[-73.50592,41.19006],[-73.50454,41.18981],[-73.50523,41.19032]],[[-73.51124,41.18994],[-73.51064,41.18871],[-73.50935,41.18948],[-73.51124,41.18994]],[[-73.5072,41.18735],[-73.50549,41.18748],[-73.5048,41.18877],[-73.5072,41.18871],[-73.5072,41.18735]],[[-73.47613,41.17791],[-73.4757,41.17739],[-73.47536,41.17784],[-73.47613,41.17791]],[[-73.46233,41.24891],[-73.46057,41.24891],[-73.46068,41.25083],[-73.46163,41.25076],[-73.46233,41.24891]],[[-73.45277,41.24891],[-73.44566,41.24947],[-73.44575,41.25669],[-73.44832,41.25579],[-73.45277,41.24891]],[[-73.33039,41.25952],[-73.32799,41.25997],[-73.32567,41.26281],[-73.3285,41.2686],[-73.31932,41.28013],[-73.31271,41.28483],[-73.3273,41.28181],[-73.3376,41.2753],[-73.34661,41.27292],[-73.35056,41.26989],[-73.34859,41.27311],[-73.35786,41.27053],[-73.36636,41.26461],[-73.3746,41.26171],[-73.37485,41.25488],[-73.37348,41.25327],[-73.37528,41.25147],[-73.37451,41.25005],[-73.38149,41.24891],[-73.32131,41.24891],[-73.3219,41.25308],[-73.32327,41.25282],[-73.3231,41.25443],[-73.33039,41.25952]],[[-73.41966,41.17597],[-73.417,41.17073],[-73.41296,41.17008],[-73.41399,41.17105],[-73.4121,41.17196],[-73.41991,41.17674],[-73.42283,41.17765],[-73.41966,41.17597]],[[-73.45691,41.17668],[-73.45828,41.17636],[-73.45691,41.1759],[-73.45691,41.17668]],[[-73.46086,41.17448],[-73.46214,41.17474],[-73.46146,41.17409],[-73.46086,41.17448]],[[-73.45965,41.1739],[-73.45845,41.17506],[-73.45948,41.17526],[-73.45965,41.1739]],[[-73.44721,41.16698],[-73.4539,41.1675],[-73.45399,41.17034],[-73.46206,41.17222],[-73.46163,41.17015],[-73.45682,41.16737],[-73.45674,41.16607],[-73.45854,41.16717],[-73.45785,41.16523],[-73.45579,41.1651],[-73.45382,41.16258],[-73.45219,41.16588],[-73.44704,41.164],[-73.44721,41.16698]],[[-73.40258,41.17144],[-73.4067,41.17157],[-73.40858,41.17105],[-73.40258,41.17144]],[[-73.40919,41.17163],[-73.41193,41.17189],[-73.4091,41.17112],[-73.40919,41.17163]],[[-73.40541,41.16491],[-73.40635,41.16659],[-73.40464,41.16278],[-73.3994,41.16245],[-73.40206,41.16808],[-73.40172,41.17105],[-73.40301,41.16892],[-73.40189,41.16659],[-73.40541,41.16491]],[[-73.40507,41.16853],[-73.40575,41.16814],[-73.40464,41.16769],[-73.40507,41.16853]],[[-73.38584,41.16517],[-73.38713,41.1664],[-73.38867,41.16497],[-73.38584,41.16517]],[[-73.42223,41.16381],[-73.42112,41.1642],[-73.42283,41.16484],[-73.42223,41.16381]],[[-73.39417,41.15767],[-73.3879,41.15624],[-73.3867,41.1587],[-73.39236,41.16148],[-73.39451,41.16038],[-73.39417,41.15767]],[[-73.40489,41.16025],[-73.40558,41.15993],[-73.40532,41.15928],[-73.40489,41.16025]],[[-73.37571,41.15689],[-73.37288,41.15521],[-73.37271,41.15211],[-73.37133,41.15146],[-73.37254,41.15592],[-73.37571,41.15689]],[[-73.38575,41.15502],[-73.38335,41.15353],[-73.38163,41.15301],[-73.38404,41.1554],[-73.38575,41.15502]],[[-73.41777,41.15527],[-73.4188,41.1554],[-73.41846,41.15495],[-73.41777,41.15527]],[[-73.39159,41.15476],[-73.39202,41.15398],[-73.39065,41.15379],[-73.39159,41.15476]],[[-73.40095,41.15288],[-73.40455,41.15204],[-73.39897,41.1523],[-73.40095,41.15288]],[[-73.38704,41.15262],[-73.38902,41.15269],[-73.38824,41.15172],[-73.38704,41.15262]],[[-73.42009,41.15172],[-73.42009,41.15068],[-73.4194,41.1492],[-73.41897,41.15023],[-73.42009,41.15172]],[[-73.39631,41.147],[-73.39708,41.14635],[-73.39614,41.14603],[-73.39631,41.147]],[[-73.35683,41.14137],[-73.35606,41.13975],[-73.35786,41.13911],[-73.35468,41.13775],[-73.3558,41.14156],[-73.36009,41.14286],[-73.36164,41.14182],[-73.35683,41.14137]],[[-73.38361,41.14253],[-73.38472,41.14215],[-73.38395,41.14176],[-73.38361,41.14253]],[[-73.40507,41.14221],[-73.40635,41.14182],[-73.40532,41.14111],[-73.40507,41.14221]],[[-73.38086,41.14111],[-73.38198,41.14079],[-73.3812,41.14066],[-73.38086,41.14111]],[[-73.36018,41.13956],[-73.35812,41.13801],[-73.35554,41.13781],[-73.36018,41.13956]],[[-73.36576,41.13833],[-73.36696,41.13801],[-73.36833,41.13691],[-73.36576,41.13833]],[[-73.38112,41.13574],[-73.38232,41.13426],[-73.37975,41.13439],[-73.38112,41.13574]],[[-73.38078,41.12837],[-73.38575,41.13102],[-73.38309,41.12527],[-73.38078,41.12837]],[[-73.23315,41.07729],[-73.23186,41.07832],[-73.23289,41.07968],[-73.23564,41.0791],[-73.23315,41.07729]],[[-73.45579,41.32489],[-73.45639,41.3247],[-73.45553,41.32431],[-73.45579,41.32489]],[[-73.44515,41.29263],[-73.44584,41.29237],[-73.44558,41.29192],[-73.44515,41.29263]],[[-73.45545,41.28638],[-73.45528,41.28741],[-73.45691,41.28625],[-73.45545,41.28638]],[[-73.44275,41.28709],[-73.44249,41.28651],[-73.44172,41.28709],[-73.44275,41.28709]],[[-73.44652,41.27884],[-73.44463,41.28148],[-73.44498,41.28296],[-73.44884,41.27955],[-73.44652,41.27884]],[[-73.44652,41.25746],[-73.44687,41.25682],[-73.44669,41.25649],[-73.44652,41.25746]],[[-73.45347,41.25604],[-73.45407,41.25617],[-73.45416,41.25585],[-73.45347,41.25604]],[[-73.13418,40.97594],[-73.13427,40.97392],[-73.13693,40.97289],[-73.13539,40.97165],[-73.13092,40.97334],[-73.13418,40.97594]],[[-72.8112,40.9449],[-72.89291,40.97029],[-72.8954,40.96834],[-72.89326,40.96256],[-72.89008,40.96373],[-72.87927,40.96133],[-72.8827,40.96334],[-72.88073,40.96386],[-72.87223,40.96198],[-72.86751,40.95691],[-72.85395,40.9562],[-72.83944,40.95029],[-72.83395,40.95023],[-72.82167,40.94458],[-72.8064,40.94218],[-72.80803,40.94146],[-72.80305,40.93802],[-72.80039,40.93796],[-72.80125,40.93555],[-72.79936,40.93399],[-72.79653,40.93471],[-72.79326,40.93244],[-72.78966,40.93373],[-72.79198,40.93218],[-72.79472,40.93218],[-72.79378,40.93081],[-72.78168,40.92938],[-72.78142,40.93062],[-72.77893,40.93036],[-72.77859,40.93263],[-72.78597,40.93419],[-72.78451,40.93568],[-72.77945,40.9338],[-72.77558,40.93055],[-72.77035,40.93049],[-72.76709,40.92711],[-72.76425,40.92828],[-72.75756,40.92477],[-72.75447,40.9249],[-72.75593,40.93023],[-72.76631,40.93419],[-72.8112,40.9449]],[[-72.91849,40.97328],[-72.92318,40.97576],[-72.92167,40.9723],[-72.91849,40.97328]],[[-72.91703,40.97087],[-72.90922,40.96906],[-72.91068,40.97334],[-72.90888,40.97172],[-72.90304,40.97094],[-72.90227,40.9686],[-72.90021,40.97087],[-72.90261,40.97321],[-72.9119,40.97576],[-72.92047,40.97576],[-72.91815,40.97354],[-72.91703,40.97087]],[[-72.86356,40.98449],[-72.8627,40.98455],[-72.86399,40.9852],[-72.86356,40.98449]],[[-72.92313,40.97315],[-72.92364,40.97243],[-72.9227,40.97185],[-72.92313,40.97315]],[[-72.91952,40.97165],[-72.91755,40.96983],[-72.91703,40.97022],[-72.91823,40.97211],[-72.91952,40.97165]],[[-72.89935,40.96717],[-72.89952,40.96685],[-72.89866,40.96678],[-72.89935,40.96717]],[[-72.91068,40.96685],[-72.9172,40.96516],[-72.91274,40.96341],[-72.91068,40.96685]],[[-72.91883,40.96633],[-72.91969,40.96607],[-72.91815,40.96587],[-72.91883,40.96633]],[[-72.89128,40.96263],[-72.89223,40.96152],[-72.8918,40.96087],[-72.89051,40.96185],[-72.89128,40.96263]],[[-72.89266,40.95471],[-72.896,40.95432],[-72.89815,40.95425],[-72.89592,40.95321],[-72.89351,40.95399],[-72.89266,40.95471]],[[-72.83566,40.94529],[-72.83661,40.94672],[-72.83438,40.94685],[-72.83524,40.94828],[-72.84184,40.94932],[-72.83755,40.94523],[-72.83566,40.94529]],[[-72.83386,40.94906],[-72.83541,40.94912],[-72.83318,40.94795],[-72.83386,40.94906]],[[-72.83395,40.94815],[-72.83481,40.94841],[-72.83429,40.94743],[-72.83395,40.94815]],[[-72.80528,40.9364],[-72.80442,40.93763],[-72.80597,40.93847],[-72.80605,40.93744],[-72.80528,40.9364]],[[-72.79558,40.93016],[-72.79653,40.92912],[-72.79541,40.92893],[-72.79558,40.93016]],[[-73.07307,40.96237],[-73.07136,40.96139],[-73.07101,40.96172],[-73.07307,40.96237]],[[-73.11213,41.01003],[-73.1147,41.00609],[-73.11376,41.0037],[-73.11213,41.01003]],[[-73.11024,41.00822],[-73.1117,41.00421],[-73.1111,41.00298],[-73.10929,41.00641],[-73.11024,41.00822]],[[-73.10595,40.99121],[-73.10311,40.98662],[-73.09951,40.98539],[-73.10208,40.98876],[-73.10595,40.99121]],[[-73.11306,41.04952],[-73.11642,41.04857],[-73.11762,41.04689],[-73.11419,41.04819],[-73.11306,41.04952]],[[-73.10946,41.05058],[-73.10783,41.04993],[-73.10912,41.05097],[-73.10946,41.05058]],[[-73.05333,41.03228],[-73.0547,41.03454],[-73.05694,41.0326],[-73.05333,41.03228]],[[-72.54212,40.86835],[-72.52728,40.86478],[-72.52487,40.8605],[-72.52195,40.86134],[-72.52221,40.86361],[-72.5162,40.86017],[-72.51131,40.86063],[-72.50865,40.85758],[-72.49801,40.85615],[-72.4999,40.85095],[-72.49749,40.8531],[-72.49028,40.85355],[-72.47878,40.85043],[-72.47792,40.85186],[-72.47775,40.85433],[-72.48144,40.85335],[-72.49251,40.85829],[-72.52985,40.8677],[-72.63293,40.89828],[-72.75292,40.93036],[-72.75258,40.92828],[-72.74065,40.92374],[-72.73825,40.919],[-72.73198,40.92101],[-72.73275,40.91828],[-72.72992,40.91504],[-72.72726,40.9175],[-72.72692,40.92016],[-72.72692,40.91744],[-72.72494,40.91965],[-72.72494,40.91822],[-72.72211,40.91867],[-72.71739,40.91633],[-72.70761,40.91471],[-72.70434,40.9103],[-72.7034,40.9112],[-72.7052,40.91315],[-72.70409,40.91445],[-72.69001,40.91049],[-72.6846,40.90575],[-72.6798,40.90789],[-72.67525,40.90627],[-72.67645,40.90556],[-72.6737,40.90393],[-72.6701,40.90517],[-72.6719,40.90296],[-72.66555,40.904],[-72.6646,40.90075],[-72.66186,40.90257],[-72.65963,40.90082],[-72.65508,40.90101],[-72.63534,40.89601],[-72.62486,40.89166],[-72.62375,40.89277],[-72.61877,40.89147],[-72.61208,40.88744],[-72.60804,40.88803],[-72.5968,40.88523],[-72.58573,40.88121],[-72.57998,40.87517],[-72.57165,40.87517],[-72.57053,40.87433],[-72.56933,40.87595],[-72.57071,40.87705],[-72.56633,40.87634],[-72.57036,40.87361],[-72.57294,40.87407],[-72.56538,40.87147],[-72.5635,40.87368],[-72.56487,40.87413],[-72.56581,40.87257],[-72.56504,40.8742],[-72.5671,40.87478],[-72.56907,40.87316],[-72.56736,40.87537],[-72.56229,40.87329],[-72.56126,40.87478],[-72.55869,40.87335],[-72.56135,40.87231],[-72.56178,40.86965],[-72.558,40.87114],[-72.55697,40.87316],[-72.55817,40.87342],[-72.55534,40.87335],[-72.5568,40.86855],[-72.5526,40.86926],[-72.55139,40.86803],[-72.55157,40.86861],[-72.54951,40.87166],[-72.55036,40.86907],[-72.5489,40.86985],[-72.54839,40.86835],[-72.54272,40.86991],[-72.54212,40.86835]],[[-72.75687,40.9175],[-72.74812,40.91815],[-72.74726,40.91926],[-72.75241,40.92016],[-72.75687,40.9175]],[[-72.73808,40.91744],[-72.74039,40.91523],[-72.73988,40.91387],[-72.73722,40.9151],[-72.73808,40.91744]],[[-72.73541,40.91757],[-72.73584,40.91711],[-72.73507,40.91679],[-72.73541,40.91757]],[[-72.72709,40.91549],[-72.72546,40.91406],[-72.72314,40.91556],[-72.72477,40.91633],[-72.72709,40.91549]],[[-72.75455,40.90731],[-72.75533,40.90692],[-72.75481,40.9064],[-72.75455,40.90731]],[[-72.63783,40.89484],[-72.63671,40.89361],[-72.63559,40.89517],[-72.63783,40.89484]],[[-72.62598,40.89121],[-72.62632,40.89088],[-72.62547,40.89023],[-72.62598,40.89121]],[[-72.54264,40.86641],[-72.54453,40.86576],[-72.54195,40.86569],[-72.54264,40.86641]],[[-72.52084,40.86167],[-72.52135,40.86186],[-72.52152,40.86141],[-72.52084,40.86167]],[[-72.51569,40.85686],[-72.52084,40.86121],[-72.52479,40.85978],[-72.52401,40.8579],[-72.51964,40.85848],[-72.52075,40.85712],[-72.51569,40.85686]],[[-72.50719,40.85582],[-72.50813,40.8542],[-72.50513,40.85374],[-72.50719,40.85582]],[[-72.49097,40.84946],[-72.4926,40.84712],[-72.49372,40.84686],[-72.49226,40.84647],[-72.49054,40.84784],[-72.49097,40.84946]],[[-72.46385,40.84439],[-72.46222,40.84381],[-72.46393,40.84511],[-72.46385,40.84439]],[[-72.67224,41.01728],[-72.67293,41.01553],[-72.6713,41.01378],[-72.67259,41.01546],[-72.67224,41.01728]],[[-72.65353,41.01126],[-72.65327,41.01307],[-72.65465,41.01411],[-72.65353,41.01126]],[[-73.08603,41.49106],[-73.08603,41.49653],[-73.08689,41.49222],[-73.08603,41.49106]],[[-73.0838,41.47315],[-73.08208,41.47193],[-73.08457,41.47438],[-73.0838,41.47315]]]}},{"type":"Feature","properties":{"water":"ocean"},"geometry":{"type":"Polygon","coordinates":[[[-73.47682,41.31105],[-73.47682,41.30763],[-73.4745,41.30615],[-73.47794,41.2972],[-73.48394,41.28844],[-73.48755,41.28928],[-73.48111,41.30023],[-73.48197,41.30641],[-73.48,41.31059],[-73.47836,41.31195],[-73.47682,41.31105]]]}},{"type":"Feature","properties":{"water":"ocean"},"geometry":{"type":"Polygon","coordinates":[[[-73.5872,41.34106],[-73.58128,41.34202],[-73.5811,41.34467],[-73.57913,41.34389],[-73.5781,41.34106],[-73.58522,41.3247],[-73.5896,41.32753],[-73.58651,41.33127],[-73.5914,41.33436],[-73.59192,41.33803],[-73.59029,41.34673],[-73.58831,41.34924],[-73.58677,41.34673],[-73.5872,41.34106]],[[-73.58239,41.33623],[-73.58548,41.33507],[-73.58231,41.33372],[-73.58153,41.33539],[-73.58248,41.33455],[-73.58239,41.33623]]]}},{"type":"Feature","properties":{"water":"ocean"},"geometry":{"type":"Polygon","coordinates":[[[-73.57172,41.34386],[-73.56866,41.34634],[-73.56995,41.34628],[-73.57012,41.35061],[-73.57447,41.35405],[-73.57582,41.35369],[-73.57501,41.35033],[-73.57664,41.3493],[-73.57904,41.35149],[-73.58557,41.35181],[-73.589,41.35362],[-73.59002,41.35696],[-73.59372,41.3571],[-73.59346,41.35999],[-73.58617,41.3647],[-73.5884,41.36489],[-73.58651,41.36605],[-73.58308,41.36611],[-73.58608,41.3647],[-73.5844,41.36475],[-73.57252,41.36669],[-73.56643,41.3647],[-73.58221,41.36169],[-73.58059,41.36096],[-73.58099,41.35772],[-73.5797,41.35675],[-73.56711,41.35239],[-73.56786,41.35035],[-73.56497,41.34962],[-73.56153,41.34331],[-73.56291,41.34222],[-73.56205,41.34325],[-73.56414,41.34627],[-73.56826,41.34664],[-73.56703,41.3464],[-73.56806,41.34338],[-73.57329,41.34061],[-73.57278,41.34267],[-73.57484,41.34544],[-73.57172,41.34386]]]}},{"type":"Feature","properties":{"water":"ocean"},"geometry":{"type":"Polygon","coordinates":[[[-73.49751,41.35214],[-73.50042,41.34467],[-73.50102,41.34666],[-73.50283,41.34409],[-73.50909,41.3408],[-73.51141,41.34112],[-73.51107,41.34299],[-73.51656,41.33797],[-73.5181,41.33848],[-73.5078,41.34969],[-73.50188,41.35065],[-73.49914,41.35284],[-73.49751,41.35214]]]}},{"type":"Feature","properties":{"water":"ocean"},"geometry":{"type":"Polygon","coordinates":[[[-73.64307,41.35413],[-73.64779,41.3589],[-73.64934,41.36296],[-73.64402,41.36405],[-73.64247,41.36044],[-73.6381,41.35755],[-73.63698,41.35407],[-73.6393,41.34196],[-73.64325,41.34286],[-73.64522,41.33855],[-73.64685,41.33861],[-73.6447,41.33713],[-73.64651,41.33687],[-73.6417,41.33707],[-73.64402,41.33365],[-73.65157,41.34267],[-73.64805,41.34254],[-73.64462,41.34743],[-73.64505,41.35008],[-73.64307,41.35413]]]}},{"type":"Feature","properties":{"water":"ocean"},"geometry":{"type":"Polygon","coordinates":[[[-73.66136,41.36624],[-73.66033,41.37004],[-73.65681,41.37326],[-73.65681,41.37655],[-73.66299,41.38505],[-73.66033,41.38582],[-73.65732,41.38312],[-73.65071,41.38324],[-73.65286,41.38208],[-73.65423,41.37861],[-73.6502,41.3768],[-73.64977,41.37333],[-73.64616,41.36946],[-73.64917,41.36624],[-73.64857,41.3645],[-73.65037,41.36566],[-73.65054,41.3685],[-73.65372,41.36959],[-73.6532,41.37178],[-73.65638,41.3703],[-73.65612,41.36824],[-73.65818,41.36824],[-73.6587,41.36624],[-73.66136,41.36624]]]}},{"type":"Feature","properties":{"water":"ocean"},"geometry":{"type":"Polygon","coordinates":[[[-73.57304,41.39741],[-73.56995,41.39419],[-73.57424,41.39381],[-73.57312,41.39239],[-73.57553,41.39136],[-73.57561,41.38814],[-73.58316,41.38337],[-73.58377,41.38518],[-73.58608,41.38505],[-73.58746,41.38872],[-73.58651,41.39046],[-73.57707,41.39484],[-73.57716,41.39709],[-73.57304,41.39741]]]}},{"type":"Feature","properties":{"water":"ocean"},"geometry":{"type":"Polygon","coordinates":[[[-73.63535,41.43116],[-73.62908,41.43181],[-73.62728,41.4302],[-73.6302,41.42852],[-73.6284,41.42369],[-73.62273,41.42788],[-73.62213,41.42427],[-73.61964,41.42292],[-73.6211,41.42247],[-73.62033,41.42092],[-73.61226,41.42459],[-73.6084,41.42266],[-73.60085,41.42466],[-73.60033,41.42356],[-73.6108,41.41892],[-73.61449,41.42028],[-73.62007,41.41738],[-73.62565,41.41828],[-73.62891,41.41706],[-73.6441,41.42189],[-73.64745,41.42504],[-73.64745,41.42859],[-73.64041,41.42652],[-73.63535,41.43116]],[[-73.63346,41.42665],[-73.63089,41.4271],[-73.63054,41.42807],[-73.63466,41.42826],[-73.63346,41.42665]]]}},{"type":"Feature","properties":{"water":"ocean"},"geometry":{"type":"Polygon","coordinates":[[[-73.65226,41.49325],[-73.64659,41.49718],[-73.64539,41.50001],[-73.64367,41.4964],[-73.64307,41.4984],[-73.63561,41.50181],[-73.63243,41.50503],[-73.63157,41.50272],[-73.62754,41.50265],[-73.62393,41.50671],[-73.62428,41.5089],[-73.61775,41.50819],[-73.61698,41.5127],[-73.61115,41.51077],[-73.61758,41.5078],[-73.61758,41.50458],[-73.62119,41.50446],[-73.61938,41.49879],[-73.61509,41.49299],[-73.61544,41.4908],[-73.6217,41.49821],[-73.62531,41.49859],[-73.62531,41.49557],[-73.63166,41.49621],[-73.63501,41.49499],[-73.63449,41.49035],[-73.63595,41.48945],[-73.64041,41.48932],[-73.64488,41.49183],[-73.6441,41.48835],[-73.65003,41.48597],[-73.65612,41.48861],[-73.66007,41.48526],[-73.66573,41.48887],[-73.65655,41.49467],[-73.65226,41.49325]],[[-73.63707,41.49396],[-73.64153,41.49615],[-73.63938,41.49248],[-73.63707,41.49396]]]}},{"type":"Feature","properties":{"water":"ocean"},"geometry":{"type":"Polygon","coordinates":[[[-73.22336,40.97392],[-73.22319,40.96854],[-73.22079,40.96639],[-73.22328,40.96834],[-73.22482,40.96639],[-73.22379,40.96867],[-73.22516,40.96938],[-73.22388,40.9697],[-73.22516,40.97503],[-73.23023,40.97698],[-73.23246,40.97548],[-73.23109,40.96944],[-73.23289,40.97094],[-73.23332,40.97613],[-73.23855,40.97633],[-73.24156,40.97061],[-73.2419,40.97302],[-73.23958,40.97626],[-73.24061,40.97691],[-73.2389,40.97756],[-73.24036,40.97886],[-73.2389,40.98009],[-73.24327,40.98237],[-73.23744,40.98081],[-73.23649,40.98178],[-73.2443,40.98405],[-73.22474,40.98405],[-73.22388,40.97789],[-73.22302,40.9784],[-73.22388,40.97477],[-73.22036,40.97269],[-73.22336,40.97392]],[[-73.23332,40.9762],[-73.23572,40.981],[-73.23838,40.97646],[-73.23332,40.9762]]]}},{"type":"Feature","properties":{"water":"ocean"},"geometry":{"type":"Polygon","coordinates":[[[-73.28885,41.01113],[-73.2837,41.01812],[-73.28044,41.01605],[-73.28233,41.00952],[-73.28765,41.0037],[-73.29005,41.00505],[-73.29503,41.00454],[-73.30095,40.9991],[-73.30164,41.00137],[-73.30421,41.00214],[-73.30619,41.00111],[-73.30567,40.99464],[-73.30885,40.99594],[-73.31572,40.99322],[-73.3164,40.99438],[-73.31254,40.99691],[-73.3128,40.99956],[-73.30936,41.00253],[-73.31014,41.00357],[-73.29898,41.00376],[-73.28885,41.01113]]]}},{"type":"Feature","properties":{"water":"ocean"},"geometry":{"type":"Polygon","coordinates":[[[-73.14903,41.48385],[-73.14732,41.48642],[-73.148,41.49254],[-73.13813,41.48591],[-73.13933,41.48282],[-73.1377,41.48314],[-73.13736,41.47927],[-73.13899,41.48011],[-73.14088,41.47927],[-73.13762,41.47837],[-73.13813,41.47618],[-73.13908,41.47824],[-73.14148,41.47663],[-73.1426,41.47779],[-73.14586,41.47676],[-73.14466,41.47515],[-73.15616,41.47586],[-73.15478,41.47818],[-73.1474,41.47721],[-73.15178,41.48024],[-73.14706,41.48198],[-73.14903,41.48385]]]}},{"type":"Feature","properties":{"water":"ocean"},"geometry":{"type":"Polygon","coordinates":[[[-73.3758,41.47876],[-73.3782,41.4841],[-73.37048,41.48842],[-73.37133,41.49364],[-73.36739,41.49203],[-73.36309,41.49563],[-73.36078,41.50149],[-73.35468,41.49924],[-73.35082,41.50439],[-73.34807,41.50536],[-73.34619,41.5002],[-73.3485,41.49988],[-73.35297,41.49544],[-73.35305,41.49203],[-73.35863,41.489],[-73.3582,41.4852],[-73.36155,41.48713],[-73.36172,41.48462],[-73.36567,41.48423],[-73.36987,41.48101],[-73.3697,41.47683],[-73.37133,41.47927],[-73.37116,41.4765],[-73.37279,41.47625],[-73.37185,41.4729],[-73.37305,41.46968],[-73.3788,41.46852],[-73.38069,41.46974],[-73.38361,41.46536],[-73.38704,41.46723],[-73.3909,41.46568],[-73.3909,41.46497],[-73.39228,41.4644],[-73.39193,41.46324],[-73.39262,41.46433],[-73.39202,41.46562],[-73.38859,41.46794],[-73.38747,41.46716],[-73.38773,41.46968],[-73.37666,41.47625],[-73.3758,41.47876]],[[-73.35983,41.49447],[-73.35923,41.49293],[-73.35846,41.49273],[-73.35829,41.4946],[-73.35983,41.49447]],[[-73.35434,41.49344],[-73.35511,41.4928],[-73.35477,41.4926],[-73.35434,41.49344]],[[-73.37082,41.48719],[-73.37108,41.48468],[-73.36902,41.48539],[-73.37082,41.48719]],[[-73.36842,41.48443],[-73.36927,41.48462],[-73.36876,41.48378],[-73.36842,41.48443]],[[-73.36927,41.48352],[-73.37236,41.48423],[-73.37082,41.4814],[-73.36927,41.48352]],[[-73.37185,41.48198],[-73.37245,41.48198],[-73.37202,41.48146],[-73.37185,41.48198]],[[-73.37202,41.48005],[-73.37271,41.48056],[-73.37296,41.47985],[-73.37202,41.48005]],[[-73.39099,41.46543],[-73.39159,41.46555],[-73.39202,41.4651],[-73.39099,41.46543]]]}},{"type":"Feature","properties":{"water":"ocean"},"geometry":{"type":"Polygon","coordinates":[[[-73.27108,41.48005],[-73.26894,41.48417],[-73.26971,41.489],[-73.26825,41.49029],[-73.27031,41.49847],[-73.26834,41.49827],[-73.26671,41.50124],[-73.26928,41.5022],[-73.26104,41.50381],[-73.25898,41.50568],[-73.25572,41.50362],[-73.25855,41.50085],[-73.25933,41.49653],[-73.26224,41.49647],[-73.26327,41.49409],[-73.26224,41.4919],[-73.26422,41.49035],[-73.26379,41.48623],[-73.26568,41.48552],[-73.2649,41.48307],[-73.26731,41.48185],[-73.26842,41.47753],[-73.27083,41.47515],[-73.27486,41.46311],[-73.27726,41.46897],[-73.27632,41.46942],[-73.27881,41.47006],[-73.27572,41.47167],[-73.27555,41.47496],[-73.27297,41.47637],[-73.27323,41.4805],[-73.27108,41.48005]]]}},{"type":"Feature","properties":{"water":"ocean"},"geometry":{"type":"Polygon","coordinates":[[[-72.8318,40.89906],[-72.82768,40.904],[-72.82897,40.90562],[-72.83798,40.90731],[-72.8282,40.90647],[-72.82056,40.91075],[-72.81996,40.91432],[-72.81661,40.91517],[-72.82245,40.91737],[-72.80923,40.91633],[-72.81361,40.91127],[-72.81979,40.90809],[-72.81936,40.90426],[-72.82133,40.90244],[-72.82597,40.90186],[-72.82408,40.89452],[-72.82828,40.89848],[-72.83249,40.88777],[-72.8336,40.88971],[-72.83163,40.89134],[-72.83137,40.89848],[-72.8373,40.89861],[-72.8318,40.89906]]]}},{"type":"Feature","properties":{"water":"ocean"},"geometry":{"type":"Polygon","coordinates":[[[-72.89154,41.41429],[-72.89283,41.41397],[-72.89085,41.40997],[-72.89274,41.40933],[-72.89437,41.41223],[-72.893,41.41403],[-72.89437,41.41371],[-72.89463,41.41899],[-72.89154,41.41938],[-72.88944,41.41746],[-72.89,41.42163],[-72.89369,41.42343],[-72.89017,41.42749],[-72.89266,41.43052],[-72.89,41.43245],[-72.89128,41.4309],[-72.88871,41.42794],[-72.89223,41.42363],[-72.88673,41.42137],[-72.88828,41.42015],[-72.88502,41.41145],[-72.87961,41.41029],[-72.87875,41.40862],[-72.88081,41.40695],[-72.87661,41.40746],[-72.87292,41.40456],[-72.87532,41.40057],[-72.88236,41.40038],[-72.88382,41.3978],[-72.88107,41.39432],[-72.88124,41.38943],[-72.87961,41.38911],[-72.87618,41.39065],[-72.87498,41.39033],[-72.87446,41.38608],[-72.87214,41.38427],[-72.87163,41.37783],[-72.87369,41.37944],[-72.87334,41.38157],[-72.8748,41.38131],[-72.87386,41.38305],[-72.87643,41.38292],[-72.87334,41.38421],[-72.87549,41.38711],[-72.87532,41.38968],[-72.87944,41.38865],[-72.88193,41.3893],[-72.88176,41.39406],[-72.88485,41.39819],[-72.8839,41.40012],[-72.89025,41.40005],[-72.8918,41.40514],[-72.88931,41.40624],[-72.88991,41.40295],[-72.88553,41.40315],[-72.88768,41.40443],[-72.88579,41.40443],[-72.88545,41.40591],[-72.88742,41.40579],[-72.88399,41.40649],[-72.88871,41.40817],[-72.89128,41.4054],[-72.89403,41.40868],[-72.88991,41.40862],[-72.89103,41.40907],[-72.88991,41.40978],[-72.88931,41.40817],[-72.88785,41.40849],[-72.88871,41.41094],[-72.88339,41.4092],[-72.89103,41.41674],[-72.89085,41.41197],[-72.88939,41.41068],[-72.8906,41.4101],[-72.89128,41.41397],[-72.89248,41.4139],[-72.89154,41.41429]],[[-72.89103,41.41699],[-72.88939,41.41583],[-72.89283,41.41867],[-72.8918,41.41693],[-72.89291,41.41467],[-72.89103,41.41699]],[[-72.88811,41.41596],[-72.88776,41.41422],[-72.88682,41.41306],[-72.88691,41.41474],[-72.88811,41.41596]],[[-72.89137,41.41442],[-72.89274,41.41461],[-72.89266,41.41429],[-72.89137,41.41442]],[[-72.88176,41.40914],[-72.88176,41.40785],[-72.87995,41.40997],[-72.88176,41.40914]],[[-72.88553,41.40984],[-72.88768,41.40959],[-72.88742,41.40843],[-72.88038,41.40566],[-72.88553,41.40984]],[[-72.88013,41.40785],[-72.87952,41.40849],[-72.88116,41.40778],[-72.88013,41.40785]],[[-72.88974,41.40823],[-72.89111,41.40778],[-72.88974,41.4074],[-72.88974,41.40823]],[[-72.88004,41.40772],[-72.88124,41.40753],[-72.8809,41.4072],[-72.88004,41.40772]],[[-72.87867,41.40205],[-72.88167,41.40257],[-72.88073,41.40141],[-72.88167,41.40083],[-72.87695,41.40063],[-72.87395,41.40469],[-72.87704,41.40656],[-72.8809,41.4043],[-72.87867,41.40205]],[[-72.88055,41.40521],[-72.88485,41.40617],[-72.88596,41.40063],[-72.88184,41.40083],[-72.88133,41.40199],[-72.88296,41.40205],[-72.88167,41.40282],[-72.87961,41.40289],[-72.88107,41.40424],[-72.88055,41.40521]],[[-72.89068,41.40353],[-72.89025,41.40334],[-72.89051,41.40469],[-72.89068,41.40353]],[[-72.88639,41.40038],[-72.88562,41.40295],[-72.88931,41.40282],[-72.88802,41.40102],[-72.88845,41.40038],[-72.88639,41.40038]],[[-72.88931,41.40186],[-72.89042,41.40289],[-72.89008,41.40179],[-72.88931,41.40186]],[[-72.89042,41.40205],[-72.89085,41.40269],[-72.89068,41.40186],[-72.89042,41.40205]],[[-72.88931,41.40147],[-72.89,41.40057],[-72.88862,41.40057],[-72.88931,41.40147]]]}},{"type":"Feature","properties":{"water":"ocean"},"geometry":{"type":"Polygon","coordinates":[[[-72.78391,41.41558],[-72.77584,41.41912],[-72.77524,41.41674],[-72.77035,41.41558],[-72.76915,41.411],[-72.76829,41.41403],[-72.76477,41.41197],[-72.76649,41.41068],[-72.76597,41.39883],[-72.76726,41.39902],[-72.76906,41.39419],[-72.76846,41.38788],[-72.76546,41.38273],[-72.77627,41.39033],[-72.78923,41.40701],[-72.78803,41.41152],[-72.78391,41.41558]],[[-72.77584,41.41442],[-72.77653,41.41532],[-72.77713,41.41442],[-72.77584,41.41442]],[[-72.77721,41.39806],[-72.7761,41.39922],[-72.77696,41.40282],[-72.77267,41.39819],[-72.77369,41.40005],[-72.77232,41.40057],[-72.77696,41.40604],[-72.77867,41.40263],[-72.77721,41.39806]]]}},{"type":"Feature","properties":{"water":"ocean"},"geometry":{"type":"Polygon","coordinates":[[[-72.8924,41.45061],[-72.90854,41.45583],[-72.91017,41.45486],[-72.91034,41.45641],[-72.91523,41.45647],[-72.92424,41.46755],[-72.92759,41.46858],[-72.92579,41.47026],[-72.92974,41.47212],[-72.92905,41.47303],[-72.93755,41.47129],[-72.93918,41.47341],[-72.93626,41.4765],[-72.93557,41.48153],[-72.93111,41.48468],[-72.93119,41.48674],[-72.92853,41.48616],[-72.93188,41.49029],[-72.92192,41.48352],[-72.9227,41.48475],[-72.93815,41.49486],[-72.95334,41.49814],[-72.95686,41.50162],[-72.96012,41.50117],[-72.9639,41.50652],[-72.96999,41.5107],[-72.97025,41.5127],[-72.41638,41.5127],[-72.41638,41.47476],[-72.4211,41.47715],[-72.4217,41.47889],[-72.42668,41.47959],[-72.43406,41.47567],[-72.45089,41.47425],[-72.45947,41.47708],[-72.46822,41.48404],[-72.47157,41.4823],[-72.46874,41.48243],[-72.47063,41.48211],[-72.46728,41.4803],[-72.46891,41.47979],[-72.46582,41.47914],[-72.46925,41.47844],[-72.46539,41.47618],[-72.46771,41.4756],[-72.46857,41.4765],[-72.46651,41.47631],[-72.46779,41.47747],[-72.47415,41.47921],[-72.46977,41.47908],[-72.47294,41.4823],[-72.47663,41.47856],[-72.47518,41.47811],[-72.47621,41.47741],[-72.47432,41.47798],[-72.47552,41.47683],[-72.47346,41.47753],[-72.47071,41.47579],[-72.4738,41.47225],[-72.47363,41.47637],[-72.47698,41.47708],[-72.47741,41.47927],[-72.47621,41.48204],[-72.47286,41.4841],[-72.48479,41.48236],[-72.49449,41.48513],[-72.50204,41.48861],[-72.50753,41.49409],[-72.50702,41.49653],[-72.50916,41.49705],[-72.515,41.49479],[-72.51861,41.4955],[-72.51783,41.49357],[-72.51431,41.49273],[-72.51835,41.49344],[-72.52049,41.48314],[-72.5168,41.48829],[-72.5126,41.48842],[-72.51114,41.48765],[-72.51131,41.48629],[-72.51011,41.4861],[-72.51148,41.48616],[-72.51268,41.48823],[-72.51689,41.48771],[-72.51886,41.48333],[-72.52024,41.48262],[-72.52213,41.48346],[-72.52367,41.47844],[-72.52625,41.47786],[-72.52436,41.4767],[-72.5247,41.47502],[-72.52719,41.47805],[-72.52427,41.47844],[-72.52307,41.4841],[-72.53483,41.4852],[-72.54564,41.49048],[-72.54633,41.48829],[-72.5374,41.48404],[-72.53826,41.48301],[-72.54581,41.48745],[-72.54659,41.48198],[-72.5435,41.47921],[-72.5459,41.47734],[-72.54461,41.47966],[-72.54719,41.48185],[-72.54736,41.49273],[-72.54221,41.49421],[-72.538,41.49325],[-72.532,41.48893],[-72.52367,41.48642],[-72.53397,41.49061],[-72.53852,41.49409],[-72.53646,41.50149],[-72.54418,41.50465],[-72.5683,41.48623],[-72.58315,41.48127],[-72.59817,41.48443],[-72.60427,41.4823],[-72.60899,41.48365],[-72.61611,41.4812],[-72.62486,41.48166],[-72.63027,41.48314],[-72.63182,41.48533],[-72.64958,41.48803],[-72.65113,41.48694],[-72.65851,41.48765],[-72.6628,41.48224],[-72.65293,41.48597],[-72.64873,41.48636],[-72.65576,41.48372],[-72.65413,41.48256],[-72.65405,41.47953],[-72.6495,41.47914],[-72.64795,41.47786],[-72.64881,41.47367],[-72.64564,41.47309],[-72.64598,41.4747],[-72.64572,41.47592],[-72.64409,41.47187],[-72.64692,41.46787],[-72.64452,41.47187],[-72.64958,41.47373],[-72.6483,41.4776],[-72.6543,41.47908],[-72.65568,41.48307],[-72.66272,41.48133],[-72.66529,41.48224],[-72.66623,41.48095],[-72.66555,41.48314],[-72.66847,41.48558],[-72.66769,41.48739],[-72.67705,41.48578],[-72.67482,41.48829],[-72.67928,41.49145],[-72.67696,41.49492],[-72.67756,41.49872],[-72.68486,41.49505],[-72.68392,41.49789],[-72.6858,41.50181],[-72.68992,41.50619],[-72.69207,41.506],[-72.6949,41.50851],[-72.69713,41.50748],[-72.69576,41.50632],[-72.69739,41.50555],[-72.70091,41.50607],[-72.70477,41.50909],[-72.70889,41.50929],[-72.70941,41.5078],[-72.70349,41.5071],[-72.70718,41.50703],[-72.70494,41.50452],[-72.71147,41.50632],[-72.71396,41.50439],[-72.70443,41.49911],[-72.7028,41.49718],[-72.70486,41.49402],[-72.70288,41.49273],[-72.69765,41.4928],[-72.69696,41.49389],[-72.69567,41.49364],[-72.69739,41.49273],[-72.69911,41.49254],[-72.69765,41.49067],[-72.69645,41.4917],[-72.69842,41.48951],[-72.69962,41.49267],[-72.70134,41.49241],[-72.7004,41.49067],[-72.70091,41.48996],[-72.69919,41.48977],[-72.70228,41.48784],[-72.70409,41.48777],[-72.70108,41.48964],[-72.70117,41.4917],[-72.71842,41.4975],[-72.71473,41.4937],[-72.71688,41.49035],[-72.72451,41.49512],[-72.7234,41.49267],[-72.72657,41.49183],[-72.72632,41.49473],[-72.72795,41.4964],[-72.72838,41.4937],[-72.72932,41.49512],[-72.73078,41.49389],[-72.73232,41.49692],[-72.7367,41.49666],[-72.73687,41.49544],[-72.73353,41.49421],[-72.73584,41.49447],[-72.73636,41.49293],[-72.73404,41.49061],[-72.73164,41.49054],[-72.73095,41.48861],[-72.73198,41.49054],[-72.73473,41.49035],[-72.7367,41.49151],[-72.7385,41.49138],[-72.73859,41.48835],[-72.73962,41.49087],[-72.75104,41.49467],[-72.74923,41.49119],[-72.75301,41.48926],[-72.75155,41.48597],[-72.75395,41.48642],[-72.75473,41.4843],[-72.75713,41.48385],[-72.75782,41.48133],[-72.76005,41.47792],[-72.75722,41.485],[-72.7585,41.487],[-72.76056,41.48745],[-72.76271,41.48558],[-72.76134,41.48378],[-72.76477,41.48037],[-72.76683,41.48024],[-72.76228,41.48352],[-72.76563,41.48803],[-72.77095,41.48745],[-72.77309,41.49009],[-72.77996,41.48784],[-72.78708,41.48874],[-72.79069,41.49402],[-72.79558,41.49312],[-72.80528,41.49647],[-72.80897,41.50175],[-72.81215,41.50349],[-72.81189,41.50175],[-72.81627,41.50375],[-72.8167,41.50227],[-72.81652,41.50394],[-72.81867,41.50484],[-72.81953,41.5031],[-72.81755,41.50098],[-72.82082,41.49821],[-72.82425,41.49789],[-72.82047,41.49415],[-72.81713,41.49318],[-72.81378,41.49608],[-72.81077,41.49473],[-72.80966,41.49215],[-72.80691,41.49409],[-72.80519,41.49441],[-72.80099,41.49209],[-72.8064,41.49396],[-72.80923,41.4888],[-72.81781,41.48584],[-72.81198,41.47882],[-72.80528,41.47856],[-72.80828,41.4767],[-72.81738,41.48185],[-72.81901,41.48546],[-72.81232,41.48996],[-72.81936,41.49035],[-72.8209,41.49306],[-72.82176,41.49145],[-72.82476,41.49132],[-72.82442,41.48932],[-72.82863,41.4888],[-72.83146,41.49325],[-72.83026,41.49492],[-72.83189,41.49563],[-72.83129,41.49718],[-72.8336,41.49879],[-72.83403,41.50278],[-72.83669,41.50471],[-72.83712,41.50336],[-72.83489,41.50246],[-72.83566,41.49898],[-72.83652,41.49905],[-72.8397,41.50188],[-72.84081,41.50001],[-72.83858,41.49756],[-72.84133,41.49698],[-72.84167,41.49415],[-72.84502,41.49512],[-72.84493,41.49666],[-72.85094,41.49679],[-72.85008,41.5004],[-72.85532,41.50072],[-72.85206,41.4955],[-72.8512,41.49112],[-72.8524,41.48926],[-72.85832,41.48726],[-72.86021,41.48758],[-72.86133,41.48616],[-72.86013,41.48552],[-72.86236,41.48352],[-72.86313,41.48346],[-72.86373,41.4841],[-72.86262,41.48243],[-72.86253,41.47998],[-72.86416,41.48468],[-72.86253,41.48385],[-72.86064,41.48797],[-72.85326,41.48932],[-72.85214,41.49164],[-72.85438,41.49744],[-72.85944,41.49917],[-72.86107,41.50072],[-72.85704,41.49962],[-72.86081,41.50742],[-72.87987,41.50993],[-72.88004,41.5078],[-72.88021,41.51109],[-72.88184,41.51122],[-72.88931,41.50877],[-72.89351,41.51135],[-72.89695,41.50813],[-72.90416,41.50568],[-72.90278,41.5004],[-72.90081,41.49834],[-72.89472,41.49705],[-72.89334,41.49396],[-72.89918,41.48662],[-72.90587,41.48294],[-72.9033,41.47914],[-72.90347,41.47592],[-72.90613,41.47032],[-72.90793,41.47013],[-72.90605,41.47019],[-72.90519,41.46485],[-72.90793,41.46324],[-72.90442,41.45982],[-72.90673,41.45899],[-72.90416,41.45905],[-72.90527,41.45828],[-72.90167,41.45454],[-72.89128,41.45229],[-72.88682,41.4443],[-72.8839,41.44275],[-72.87978,41.43747],[-72.87884,41.43786],[-72.87815,41.43657],[-72.87995,41.43741],[-72.8821,41.44005],[-72.88708,41.43889],[-72.8924,41.45061]],[[-72.86562,41.51122],[-72.86656,41.51128],[-72.86571,41.51083],[-72.86562,41.51122]],[[-72.85738,41.50587],[-72.85644,41.50613],[-72.85729,41.50838],[-72.85738,41.50587]],[[-72.82597,41.50722],[-72.82562,41.50774],[-72.82605,41.50813],[-72.82597,41.50722]],[[-72.80451,41.50768],[-72.80502,41.50761],[-72.80391,41.5069],[-72.80451,41.50768]],[[-72.80992,41.5071],[-72.8106,41.50703],[-72.80897,41.50587],[-72.80992,41.5071]],[[-72.81567,41.50658],[-72.8161,41.506],[-72.81395,41.50529],[-72.81567,41.50658]],[[-72.85317,41.504],[-72.85455,41.50613],[-72.85523,41.50484],[-72.85815,41.50549],[-72.85609,41.50098],[-72.85446,41.50246],[-72.85026,41.50233],[-72.85137,41.50446],[-72.85317,41.504]],[[-72.83601,41.49917],[-72.83498,41.50246],[-72.83858,41.50207],[-72.83747,41.50136],[-72.83601,41.49917]],[[-72.83137,41.49885],[-72.83206,41.49879],[-72.83129,41.49827],[-72.83137,41.49885]],[[-72.83987,41.49814],[-72.84056,41.49789],[-72.84056,41.49737],[-72.83987,41.49814]],[[-72.79361,41.49705],[-72.79395,41.49731],[-72.79352,41.49615],[-72.79361,41.49705]],[[-72.77438,41.49595],[-72.77472,41.49537],[-72.77438,41.49492],[-72.77438,41.49595]],[[-72.75962,41.51231],[-72.76151,41.51141],[-72.76065,41.51006],[-72.75962,41.51231]],[[-72.70597,41.51025],[-72.70486,41.51019],[-72.70589,41.5107],[-72.70597,41.51025]],[[-72.7555,41.50774],[-72.75782,41.50954],[-72.7591,41.5098],[-72.75807,41.508],[-72.7555,41.50774]],[[-72.70975,41.50813],[-72.70992,41.50896],[-72.71035,41.50806],[-72.70975,41.50813]],[[-72.7543,41.50388],[-72.75473,41.50639],[-72.75644,41.50684],[-72.7543,41.50388]],[[-72.7476,41.50677],[-72.7476,41.50645],[-72.74709,41.50652],[-72.7476,41.50677]],[[-72.75825,41.50413],[-72.75696,41.50413],[-72.75996,41.50561],[-72.75825,41.50413]],[[-72.71464,41.50549],[-72.7143,41.50484],[-72.71396,41.50516],[-72.71464,41.50549]],[[-72.74932,41.5051],[-72.7488,41.50484],[-72.74872,41.50523],[-72.74932,41.5051]],[[-72.75301,41.50446],[-72.75146,41.50272],[-72.75043,41.50304],[-72.75301,41.50446]],[[-72.75576,41.50227],[-72.75661,41.50368],[-72.7573,41.50336],[-72.75576,41.50227]],[[-72.74529,41.5022],[-72.74571,41.50342],[-72.74614,41.50259],[-72.74529,41.5022]],[[-72.74863,41.50252],[-72.74812,41.50239],[-72.74829,41.50297],[-72.74863,41.50252]],[[-72.75395,41.50078],[-72.75473,41.50214],[-72.75473,41.50143],[-72.75395,41.50078]],[[-72.747,41.49988],[-72.747,41.50104],[-72.74829,41.50111],[-72.747,41.49988]],[[-72.74305,41.50053],[-72.74228,41.50033],[-72.74288,41.50085],[-72.74305,41.50053]],[[-72.74202,41.5002],[-72.74082,41.49982],[-72.74091,41.50078],[-72.74202,41.5002]],[[-72.75473,41.49737],[-72.75421,41.49917],[-72.75704,41.49879],[-72.75473,41.49737]],[[-72.74194,41.49737],[-72.74048,41.49859],[-72.74211,41.49898],[-72.74194,41.49737]],[[-72.74975,41.49892],[-72.7488,41.49827],[-72.74898,41.49872],[-72.74975,41.49892]],[[-72.73447,41.49892],[-72.73207,41.49686],[-72.73121,41.49692],[-72.73258,41.49827],[-72.73447,41.49892]],[[-72.71353,41.49789],[-72.71284,41.49705],[-72.71233,41.49731],[-72.71353,41.49789]],[[-72.47449,41.49776],[-72.47569,41.49705],[-72.47526,41.49583],[-72.47449,41.49776]],[[-72.73001,41.49731],[-72.72949,41.49673],[-72.72941,41.49718],[-72.73001,41.49731]],[[-72.76314,41.49325],[-72.76134,41.49454],[-72.764,41.49434],[-72.76314,41.49325]],[[-72.75292,41.49383],[-72.75241,41.49331],[-72.75224,41.49364],[-72.75292,41.49383]],[[-72.67241,41.49364],[-72.67233,41.49318],[-72.67181,41.4937],[-72.67241,41.49364]],[[-72.46453,41.49022],[-72.46505,41.48874],[-72.46359,41.4908],[-72.46453,41.49022]],[[-72.76408,41.48951],[-72.76348,41.48913],[-72.76348,41.49022],[-72.76408,41.48951]],[[-72.60212,41.48745],[-72.60152,41.48674],[-72.601,41.48758],[-72.60212,41.48745]]]}},{"type":"Feature","properties":{"water":"ocean"},"geometry":{"type":"Polygon","coordinates":[[[-72.8585,41.46716],[-72.85103,41.46137],[-72.84708,41.46169],[-72.83764,41.45602],[-72.83618,41.44018],[-72.83455,41.43876],[-72.8391,41.4414],[-72.84485,41.45435],[-72.85987,41.4653],[-72.86253,41.47051],[-72.86159,41.47154],[-72.85875,41.47116],[-72.8585,41.46716]]]}},{"type":"Feature","properties":{"water":"ocean"},"geometry":{"type":"Polygon","coordinates":[[[-72.41844,41.18586],[-72.42445,41.18916],[-72.42205,41.18677],[-72.42479,41.18638],[-72.42479,41.18405],[-72.42548,41.18554],[-72.42728,41.18496],[-72.42599,41.18625],[-72.42814,41.1847],[-72.43157,41.18534],[-72.42702,41.18722],[-72.42591,41.18974],[-72.42848,41.18955],[-72.4296,41.19071],[-72.42582,41.19013],[-72.42891,41.19155],[-72.43724,41.19026],[-72.43878,41.19433],[-72.44642,41.20009],[-72.44857,41.20643],[-72.45346,41.20358],[-72.4544,41.20474],[-72.45106,41.20765],[-72.45166,41.20623],[-72.44814,41.20662],[-72.43149,41.2451],[-72.43552,41.23682],[-72.4472,41.22964],[-72.4435,41.22854],[-72.44325,41.23145],[-72.44041,41.22996],[-72.44299,41.22835],[-72.44608,41.22815],[-72.44376,41.22628],[-72.44488,41.22498],[-72.44445,41.22602],[-72.44805,41.22583],[-72.44453,41.22401],[-72.44874,41.22531],[-72.44694,41.22912],[-72.45595,41.22369],[-72.45526,41.2213],[-72.45346,41.22369],[-72.45372,41.21975],[-72.45998,41.2169],[-72.4599,41.21587],[-72.45535,41.21716],[-72.4532,41.21244],[-72.44805,41.21276],[-72.44823,41.21069],[-72.45037,41.20927],[-72.4538,41.2094],[-72.45123,41.21121],[-72.45749,41.21399],[-72.45913,41.21347],[-72.45852,41.21186],[-72.46127,41.2083],[-72.46024,41.21276],[-72.46239,41.21419],[-72.46513,41.21341],[-72.47054,41.20546],[-72.469,41.20364],[-72.47097,41.20552],[-72.47174,41.20313],[-72.47355,41.2041],[-72.47166,41.20494],[-72.46968,41.20927],[-72.47355,41.21037],[-72.46934,41.21147],[-72.46771,41.21419],[-72.46865,41.21522],[-72.46367,41.21451],[-72.46016,41.2171],[-72.4684,41.22149],[-72.47458,41.21942],[-72.47312,41.21865],[-72.475,41.21503],[-72.47809,41.21528],[-72.47869,41.21774],[-72.46865,41.22207],[-72.47209,41.22925],[-72.46968,41.23307],[-72.47131,41.2343],[-72.47037,41.23507],[-72.4799,41.23637],[-72.48367,41.2354],[-72.48187,41.23371],[-72.4835,41.2299],[-72.48247,41.23068],[-72.4823,41.23048],[-72.48153,41.22958],[-72.48101,41.23048],[-72.47887,41.22634],[-72.48445,41.22621],[-72.48445,41.22123],[-72.48479,41.2246],[-72.48599,41.22486],[-72.48496,41.22505],[-72.48779,41.2246],[-72.48556,41.22608],[-72.48719,41.22835],[-72.48565,41.23177],[-72.48445,41.23274],[-72.48462,41.23119],[-72.48376,41.23359],[-72.4823,41.23365],[-72.49612,41.23371],[-72.49497,41.23407],[-72.50469,41.2384],[-72.50676,41.23371],[-72.5065,41.23863],[-72.51234,41.23617],[-72.51328,41.23177],[-72.51534,41.23216],[-72.5156,41.23346],[-72.51303,41.23488],[-72.51749,41.23494],[-72.51612,41.23637],[-72.50496,41.23934],[-72.52873,41.24497],[-72.5277,41.24555],[-72.53337,41.24891],[-72.48655,41.24891],[-72.48942,41.25514],[-72.48693,41.26248],[-72.47887,41.26583],[-72.47904,41.27111],[-72.48127,41.27401],[-72.48058,41.27678],[-72.47234,41.28155],[-72.46788,41.28644],[-72.46977,41.28206],[-72.46771,41.2838],[-72.47123,41.27723],[-72.47028,41.28155],[-72.47638,41.27755],[-72.47423,41.27646],[-72.47578,41.26661],[-72.4738,41.26248],[-72.4829,41.26248],[-72.48333,41.26371],[-72.48548,41.26158],[-72.48745,41.25405],[-72.48633,41.24947],[-72.47123,41.24891],[-72.47183,41.24729],[-72.47123,41.23966],[-72.4714,41.24691],[-72.46762,41.24865],[-72.46093,41.24729],[-72.45835,41.24891],[-72.41638,41.24891],[-72.41638,41.19272],[-72.42548,41.19039],[-72.41896,41.19116],[-72.41638,41.19006],[-72.41638,41.18832],[-72.4175,41.18903],[-72.41921,41.1867],[-72.41844,41.18586]],[[-72.43149,41.2451],[-72.4314,41.24529],[-72.43152,41.2451],[-72.43149,41.2451]],[[-72.48299,41.22971],[-72.48221,41.22977],[-72.4823,41.23048],[-72.48299,41.22971]],[[-72.48565,41.23087],[-72.48625,41.22854],[-72.48548,41.23035],[-72.48427,41.23022],[-72.48402,41.23158],[-72.48462,41.231],[-72.48565,41.23087]],[[-72.48548,41.23016],[-72.48487,41.22886],[-72.48419,41.23009],[-72.48548,41.23016]]]}},{"type":"Feature","properties":{"water":"ocean"},"geometry":{"type":"Polygon","coordinates":[[[-72.49878,41.27936],[-72.48754,41.28181],[-72.4732,41.28876],[-72.46771,41.30068],[-72.4647,41.30377],[-72.46342,41.31401],[-72.45329,41.32071],[-72.44102,41.32489],[-72.43612,41.32953],[-72.429,41.33945],[-72.42831,41.34441],[-72.43037,41.35233],[-72.42299,41.36347],[-72.42496,41.3636],[-72.42213,41.36579],[-72.42239,41.36392],[-72.41939,41.36585],[-72.41638,41.36482],[-72.41638,41.36321],[-72.42196,41.36148],[-72.42454,41.358],[-72.41638,41.36315],[-72.41638,41.35858],[-72.41999,41.35368],[-72.42162,41.34724],[-72.41638,41.34331],[-72.41638,41.34125],[-72.41896,41.34196],[-72.41784,41.34325],[-72.4205,41.34512],[-72.42599,41.33533],[-72.43363,41.32599],[-72.44668,41.31897],[-72.44825,41.31627],[-72.44617,41.31549],[-72.43741,41.32116],[-72.43715,41.3229],[-72.4369,41.32129],[-72.4417,41.31832],[-72.44325,41.31485],[-72.44994,41.31059],[-72.45097,41.31143],[-72.44685,41.31549],[-72.44951,41.31594],[-72.45938,41.3066],[-72.46436,41.29816],[-72.4647,41.28999],[-72.46788,41.28644],[-72.48115,41.28084],[-72.48273,41.27704],[-72.48625,41.27421],[-72.49826,41.27202],[-72.4859,41.27491],[-72.48324,41.2771],[-72.48246,41.28011],[-72.50522,41.26886],[-72.50968,41.26583],[-72.51483,41.2581],[-72.52453,41.25476],[-72.54341,41.25134],[-72.54865,41.24896],[-72.55302,41.24065],[-72.55783,41.24065],[-72.55545,41.24522],[-72.55877,41.24361],[-72.55972,41.24626],[-72.55809,41.24742],[-72.55518,41.24584],[-72.55328,41.25025],[-72.54856,41.25315],[-72.54032,41.25456],[-72.52522,41.26023],[-72.50616,41.27208],[-72.49878,41.27936]],[[-72.45046,41.31819],[-72.45183,41.31639],[-72.44865,41.31916],[-72.45046,41.31819]],[[-72.45234,41.31349],[-72.45011,41.31639],[-72.45406,41.31285],[-72.45234,41.31349]],[[-72.51449,41.26384],[-72.52281,41.25926],[-72.51783,41.26055],[-72.51449,41.26384]]]}},{"type":"Feature","properties":{"water":"ocean"},"geometry":{"type":"Polygon","coordinates":[[[-72.61963,41.37642],[-72.61714,41.38266],[-72.61903,41.38492],[-72.61645,41.38749],[-72.61551,41.38588],[-72.61336,41.38782],[-72.61302,41.39516],[-72.61122,41.39226],[-72.60899,41.39458],[-72.60633,41.38395],[-72.60864,41.38073],[-72.60821,41.37803],[-72.60967,41.3779],[-72.60856,41.37693],[-72.61371,41.3692],[-72.61611,41.36946],[-72.60881,41.38582],[-72.61963,41.37642]]]}}]}